employee_id,job_function,department,seniority_level,hire_date,trainings_completed,avg_score,total_training_hours,unique_tools_used,total_usage_minutes,total_tasks_completed,adopted,adoption_risk,adoption_probability,risk_category
1,2,2,2,2015-01-01,5.0,78.46409991665097,70.06247702992945,1.0,93.0,14.0,0,0,0.46779328014540433,Medium Risk
2,4,2,0,2015-01-02,5.0,73.38013291905754,33.10688955951935,2.0,523.0,43.0,1,1,0.9925349452476425,Low Risk
3,3,2,1,2015-01-03,6.0,85.90091533939324,80.14706905464871,1.0,304.0,3.0,1,1,0.7633576905515039,Low Risk
4,4,2,0,2015-01-04,4.0,74.90347605565832,41.87814803843655,3.0,308.0,26.0,1,1,0.9948960563587537,Low Risk
5,4,2,2,2015-01-05,5.0,89.78742171782048,41.05688830167989,2.0,550.0,41.0,1,1,0.9781485932368283,Low Risk
6,1,3,1,2015-01-06,3.0,88.49704279386354,23.14400757192525,2.0,195.0,53.0,1,1,0.9892435897435898,Low Risk
7,3,2,2,2015-01-07,9.0,84.9386860428648,109.77538718074095,2.0,831.0,34.0,1,1,0.9974603174603175,Low Risk
8,3,3,2,2015-01-08,5.0,79.8887154905002,61.8228232935177,2.0,349.0,15.0,1,1,0.9331175900893003,Low Risk
9,3,2,3,2015-01-09,5.0,83.85696882137391,47.56831388961564,2.0,237.0,13.0,1,1,0.9626635086267175,Low Risk
10,4,0,1,2015-01-10,4.0,82.102251621855,37.7484780304309,3.0,542.0,36.0,1,1,0.9994117647058823,Low Risk
11,2,1,3,2015-01-11,6.0,83.88154802624153,73.85784824750381,3.0,480.0,55.0,1,1,0.9984172084988614,Low Risk
12,3,3,1,2015-01-12,2.0,84.26577573082025,23.065496138142457,4.0,541.0,59.0,1,1,1.0,Low Risk
13,4,2,2,2015-01-13,2.0,71.26697700000723,32.191245385277355,2.0,510.0,49.0,1,1,0.9964252873563219,Low Risk
14,1,0,2,2015-01-14,2.0,85.46683887192606,16.61638814114353,3.0,484.0,45.0,1,1,0.9895890410958904,Low Risk
15,2,1,0,2015-01-15,11.0,79.10802214452846,94.30209859441786,3.0,177.0,28.0,1,1,0.9896350364963504,Low Risk
16,1,3,1,2015-01-16,3.0,73.7013018746688,41.0672099677073,2.0,374.0,28.0,1,1,0.9889429819102149,Low Risk
17,2,1,3,2015-01-17,7.0,86.46827138109987,76.42834253483517,1.0,105.0,20.0,0,0,0.3673471734456308,Medium Risk
18,4,0,0,2015-01-18,11.0,84.44124716669332,118.9145645448994,4.0,704.0,30.0,1,1,0.97,Low Risk
19,0,3,0,2015-01-19,6.0,87.76714472978539,65.97611932401362,2.0,138.0,28.0,1,1,0.9891525423728814,Low Risk
20,2,1,0,2015-01-20,7.0,76.67181661999857,78.86583669530137,1.0,69.0,4.0,0,0,0.39415497125423604,Medium Risk
21,1,2,3,2015-01-21,6.0,76.87182606223153,84.08941632221675,1.0,31.0,5.0,0,0,0.38083657518951625,Medium Risk
22,4,3,0,2015-01-22,4.0,80.01408972128881,51.56713523443885,4.0,1130.0,49.0,1,1,1.0,Low Risk
23,2,1,3,2015-01-23,4.0,76.64073265764583,34.06287260753189,4.0,445.0,73.0,1,1,0.9976246309314359,Low Risk
24,0,0,0,2015-01-24,9.0,79.48690108365803,99.98871410823244,1.0,203.0,1.0,1,1,0.5059874292374292,Medium Risk
25,0,0,3,2015-01-25,3.0,90.93026388952985,26.422281528452842,2.0,242.0,17.0,1,1,0.9764226006191951,Low Risk
26,3,3,2,2015-01-26,1.0,60.073562201957806,14.562292768178382,2.0,373.0,29.0,1,1,0.970133484162896,Low Risk
27,3,1,2,2015-01-27,3.0,83.01490739082605,38.89938530928966,2.0,637.0,54.0,1,1,0.9829868907855723,Low Risk
28,1,3,2,2015-01-28,6.0,88.89369052250959,76.1167819499285,3.0,519.0,20.0,1,1,0.9991525423728814,Low Risk
29,2,3,2,2015-01-29,4.0,88.35760609474175,31.029832105102734,2.0,525.0,25.0,1,1,0.9700489763482626,Low Risk
30,2,1,2,2015-01-30,10.0,86.0923330681419,133.10618485360752,2.0,405.0,14.0,1,1,0.955419325011558,Low Risk
31,3,1,0,2015-01-31,5.0,93.25433915137219,43.80418546480196,3.0,458.0,44.0,1,1,0.9044622697563873,Low Risk
32,2,2,0,2015-02-01,2.0,94.01024780346853,22.52851768113367,2.0,138.0,24.0,1,1,0.9522210314625174,Low Risk
33,2,1,0,2015-02-02,8.0,78.75020601465768,87.27880791974492,1.0,164.0,3.0,1,1,0.7425943485436132,Low Risk
34,0,0,3,2015-02-03,1.0,71.19154283396826,18.448228323179062,1.0,115.0,12.0,0,0,0.2966159173070938,High Risk
35,3,3,3,2015-02-04,5.0,78.32898131815045,58.0830179947763,3.0,848.0,51.0,1,1,0.9966060606060606,Low Risk
36,4,3,3,2015-02-05,4.0,77.22665338073378,41.414787968247,3.0,369.0,58.0,1,1,0.9983333333333333,Low Risk
37,3,0,3,2015-02-06,3.0,81.80651622296182,24.062457733641132,1.0,200.0,7.0,1,1,0.7392615727623467,Low Risk
38,4,1,2,2015-02-07,7.0,68.5005044550596,81.9411691687243,3.0,362.0,29.0,1,1,0.9694252873563218,Low Risk
39,0,0,2,2015-02-08,6.0,79.05902103826087,63.31721137380946,0.0,0.0,0.0,0,0,0.01,High Risk
40,1,0,2,2015-02-09,7.0,75.41939293207837,68.32283748499322,2.0,365.0,20.0,1,1,0.834949199059079,Low Risk
41,2,2,1,2015-02-10,4.0,69.59718181607023,38.683270241218686,3.0,494.0,26.0,1,1,0.9890295845594781,Low Risk
42,0,0,0,2015-02-11,2.0,73.90214763258135,32.12136377560026,3.0,414.0,15.0,1,1,0.9646657925407927,Low Risk
43,2,3,3,2015-02-12,3.0,87.47288228966123,15.51771763940945,3.0,570.0,43.0,1,1,1.0,Low Risk
44,1,0,3,2015-02-13,0.0,0.0,0.0,1.0,255.0,19.0,1,1,0.7343333333333334,Low Risk
45,1,3,2,2015-02-14,5.0,79.5922781744017,44.27820097417879,3.0,264.0,29.0,1,1,0.9813888684822725,Low Risk
46,0,3,3,2015-02-15,2.0,89.99272803779397,26.579598724396178,3.0,436.0,31.0,1,1,0.9998245614035087,Low Risk
47,1,3,3,2015-02-16,8.0,83.06850135099745,123.95452579368295,3.0,386.0,24.0,1,1,0.9841666666666665,Low Risk
48,4,1,0,2015-02-17,5.0,85.84869711666997,46.3875074100529,4.0,490.0,52.0,1,1,0.9967349970291146,Low Risk
49,1,2,2,2015-02-18,5.0,85.08561085759099,58.17496960480503,1.0,324.0,34.0,1,1,0.8795032285359408,Low Risk
50,2,3,0,2015-02-19,7.0,76.51880456434476,82.16662781080227,2.0,552.0,42.0,1,1,0.9971428571428571,Low Risk
51,2,3,1,2015-02-20,2.0,84.73198112883291,17.70661895258354,2.0,355.0,26.0,1,1,0.9662581528503859,Low Risk
52,2,1,1,2015-02-21,5.0,81.98524790391164,31.820728171366127,3.0,646.0,88.0,1,1,0.99327570982006,Low Risk
53,2,3,1,2015-02-22,4.0,79.0345279373902,35.00236300561275,1.0,228.0,6.0,1,1,0.6580552860522088,Medium Risk
54,4,0,2,2015-02-23,4.0,72.05101852803472,28.81550090852265,3.0,392.0,42.0,1,1,0.9975,Low Risk
55,3,0,3,2015-02-24,4.0,80.91563065037704,55.04081458069392,4.0,704.0,64.0,1,1,0.9887450980392157,Low Risk
56,0,2,2,2015-02-25,3.0,94.11794464926423,52.14014196344036,1.0,100.0,14.0,0,0,0.46874929668033116,Medium Risk
57,2,3,2,2015-02-26,11.0,72.64486422462097,114.1271210371153,3.0,536.0,50.0,1,1,1.0,Low Risk
58,1,1,3,2015-02-27,5.0,93.78693854007022,72.06370724895258,2.0,186.0,15.0,1,1,0.8905262093424562,Low Risk
59,2,0,0,2015-02-28,8.0,79.13957117130629,106.5788693049958,3.0,513.0,45.0,1,1,0.99,Low Risk
60,1,1,1,2015-03-01,5.0,79.70620919373445,52.23086956290884,1.0,73.0,8.0,0,1,0.6218602644031879,Medium Risk
61,1,1,0,2015-03-02,5.0,81.90695559007361,38.378490653589544,3.0,297.0,31.0,1,1,0.9730306117808444,Low Risk
62,2,0,1,2015-03-03,3.0,86.15135696384338,20.382106872241796,1.0,150.0,10.0,1,1,0.8108776560684455,Low Risk
63,4,1,2,2015-03-04,8.0,74.162907497366,96.33629322433525,2.0,512.0,30.0,1,1,0.9667665571975916,Low Risk
64,1,0,1,2015-03-05,3.0,75.03627174422276,16.951089019184906,3.0,612.0,51.0,1,1,0.9660473744292238,Low Risk
65,1,1,2,2015-03-06,5.0,81.63484621112829,50.844061876688926,4.0,621.0,65.0,1,1,0.9972463517658884,Low Risk
66,2,0,0,2015-03-07,4.0,85.257148779527,54.0415565262618,2.0,288.0,20.0,1,1,0.9750174076656722,Low Risk
67,1,3,2,2015-03-08,5.0,76.47848225425821,53.689300203906846,2.0,391.0,23.0,1,1,0.9805704235066796,Low Risk
68,1,2,0,2015-03-09,5.0,71.42882703909952,56.665436069569694,4.0,676.0,69.0,1,1,0.9935833235034609,Low Risk
69,2,0,3,2015-03-10,7.0,85.49077152308824,86.1782748205799,3.0,379.0,30.0,1,1,0.9867724867724869,Low Risk
70,2,0,3,2015-03-11,6.0,83.19763354323574,74.52784290178744,3.0,417.0,51.0,1,1,0.9989629629629629,Low Risk
71,0,2,3,2015-03-12,4.0,84.41959748806593,27.210548047045442,2.0,130.0,13.0,1,1,0.9447217869885012,Low Risk
72,4,0,2,2015-03-13,8.0,81.96584471082522,91.22437973411081,3.0,689.0,35.0,1,1,1.0,Low Risk
73,4,0,3,2015-03-14,1.0,63.80603121507503,9.19168089112124,3.0,305.0,25.0,1,1,0.8839999999999999,Low Risk
74,1,1,1,2015-03-15,7.0,85.45847225487397,97.97623448924998,1.0,158.0,12.0,1,1,0.8347620655126873,Low Risk
75,4,2,0,2015-03-16,5.0,82.08027031843731,50.6184457467405,2.0,477.0,28.0,1,1,0.985807054922034,Low Risk
76,1,3,0,2015-03-17,4.0,70.2664867991725,42.83047142948534,4.0,633.0,49.0,1,1,0.99,Low Risk
77,0,0,1,2015-03-18,6.0,82.94975516749129,91.21231810226212,3.0,779.0,66.0,1,1,1.0,Low Risk
78,2,2,2,2015-03-19,5.0,80.16739590961973,55.274368794014684,3.0,518.0,52.0,1,1,0.9976246309314359,Low Risk
79,2,1,2,2015-03-20,4.0,76.16322431251413,54.9356642061509,2.0,281.0,24.0,1,1,0.9046431827960465,Low Risk
80,2,3,0,2015-03-21,4.0,82.07537869776434,43.45717645819573,3.0,916.0,39.0,1,1,0.9873343605546995,Low Risk
81,4,2,3,2015-03-22,5.0,75.9397747000285,64.11757961948706,0.0,0.0,0.0,0,0,0.010765765765765765,High Risk
82,0,3,2,2015-03-23,8.0,77.03197146177321,72.36373024611439,4.0,918.0,63.0,1,1,1.0,Low Risk
83,4,3,2,2015-03-24,7.0,89.50344371813331,66.82874591322636,4.0,755.0,80.0,1,1,0.99,Low Risk
84,4,3,1,2015-03-25,4.0,77.4654209256885,44.6481668359574,2.0,323.0,32.0,1,1,0.9692152255639097,Low Risk
85,0,0,1,2015-03-26,3.0,83.9549857808937,43.00025522288902,3.0,586.0,54.0,1,1,0.9895890410958904,Low Risk
86,0,0,3,2015-03-27,2.0,92.0842729070028,18.48672606304977,3.0,468.0,39.0,1,1,0.98,Low Risk
87,0,1,2,2015-03-28,5.0,83.03800962512446,50.67330523153325,2.0,262.0,21.0,1,1,0.9219200232127521,Low Risk
88,0,1,2,2015-03-29,8.0,81.63466876248907,68.12825439993408,3.0,647.0,46.0,1,1,0.9923936571860055,Low Risk
89,2,2,1,2015-03-30,6.0,80.45098965547119,48.2448767912835,2.0,550.0,41.0,1,1,0.970308820699297,Low Risk
90,3,1,2,2015-03-31,6.0,84.86786306248588,66.26483783848342,2.0,416.0,16.0,1,1,0.9136687822948895,Low Risk
91,3,3,0,2015-04-01,7.0,87.6624566798057,82.8515898598585,4.0,435.0,41.0,1,1,0.99,Low Risk
92,0,3,1,2015-04-02,7.0,86.56444552861777,95.34017241519834,0.0,0.0,0.0,0,0,0.046,High Risk
93,3,0,3,2015-04-03,4.0,85.15060615897548,42.95107325336081,1.0,229.0,18.0,1,1,0.8162510084686555,Low Risk
94,3,3,1,2015-04-04,5.0,82.6449395246715,62.97029544414376,2.0,430.0,22.0,1,1,0.9850700852788598,Low Risk
95,0,2,2,2015-04-05,6.0,73.23732686704696,51.85870623513553,2.0,429.0,25.0,1,1,0.9451304169847619,Low Risk
96,3,3,3,2015-04-06,4.0,75.21094302935859,38.61559215662739,3.0,197.0,22.0,1,1,0.9695075757575757,Low Risk
97,4,3,1,2015-04-07,2.0,74.98465134019793,14.30900830956173,3.0,397.0,46.0,1,1,0.9694230769230769,Low Risk
98,1,2,0,2015-04-08,2.0,89.04974406404996,7.927598563469156,2.0,237.0,21.0,1,1,0.9695314889788574,Low Risk
99,1,1,0,2015-04-09,7.0,74.92215201387783,92.31487437130478,3.0,332.0,28.0,1,1,0.9795173894375268,Low Risk
100,0,1,1,2015-04-10,6.0,80.0775792421154,62.62307904010543,1.0,199.0,11.0,1,1,0.8117836115576911,Low Risk
101,2,2,0,2015-04-11,6.0,80.62149511246893,54.82370422204734,4.0,869.0,68.0,1,1,0.9986699318104081,Low Risk
102,0,0,0,2015-04-12,6.0,69.65945758074929,47.75155024652475,3.0,370.0,35.0,1,1,0.9833333333333334,Low Risk
103,2,3,0,2015-04-13,4.0,81.4558077719274,22.86999079326788,3.0,574.0,63.0,1,1,0.9951121383324772,Low Risk
104,1,2,3,2015-04-14,3.0,82.89883928156668,39.925572746524246,4.0,778.0,45.0,1,1,0.9970289945781923,Low Risk
105,0,3,0,2015-04-15,5.0,78.87672374788471,59.5742625930548,2.0,368.0,36.0,1,1,0.9983961321164712,Low Risk
106,4,0,0,2015-04-16,3.0,85.87186662432215,14.323066693359323,1.0,104.0,4.0,0,0,0.2399130036630037,High Risk
107,3,3,0,2015-04-17,9.0,78.5583534780685,93.6829674493937,2.0,290.0,30.0,1,1,0.9867346938775509,Low Risk
108,2,2,3,2015-04-18,3.0,83.89820997711821,39.369651337883575,1.0,168.0,4.0,1,0,0.47632522271392763,Medium Risk
109,3,3,1,2015-04-19,4.0,70.86490309128078,45.591794766937014,0.0,0.0,0.0,0,0,0.02125,High Risk
110,3,1,2,2015-04-20,8.0,77.8221707011454,56.117238936650566,2.0,231.0,13.0,1,1,0.9004403255715762,Low Risk
111,0,0,0,2015-04-21,3.0,74.68258520817801,24.862721833830577,4.0,647.0,67.0,1,1,0.9781250000000001,Low Risk
112,3,0,1,2015-04-22,7.0,80.01990069231981,71.65298041813077,1.0,169.0,4.0,1,1,0.8052792151475976,Low Risk
113,4,0,0,2015-04-23,6.0,86.35230859753561,74.50628203385968,0.0,0.0,0.0,0,0,0.05,High Risk
114,3,2,3,2015-04-24,7.0,81.66497430839021,102.8255921397092,2.0,279.0,19.0,1,1,0.9858986381839098,Low Risk
115,0,0,1,2015-04-25,5.0,85.82428223126607,50.296300410450606,2.0,122.0,21.0,1,1,0.9783697283139731,Low Risk
116,4,1,3,2015-04-26,6.0,71.76716092157699,44.54013844271972,2.0,236.0,44.0,1,1,0.9672586206896551,Low Risk
117,1,2,0,2015-04-27,5.0,76.36768458127874,67.99088628722384,2.0,233.0,37.0,1,1,0.9915414214318978,Low Risk
118,3,1,0,2015-04-28,6.0,75.42849130529773,72.37269522960383,2.0,310.0,23.0,1,1,0.970026145628492,Low Risk
119,0,3,3,2015-04-29,6.0,87.66299981851238,82.19250870871213,3.0,732.0,40.0,1,1,0.988282172002511,Low Risk
120,1,3,2,2015-04-30,2.0,75.6224374837152,8.81025286758914,1.0,192.0,3.0,1,1,0.7626332556332556,Low Risk
121,1,3,3,2015-05-01,2.0,90.60813463714209,25.392949281847986,3.0,461.0,34.0,1,1,1.0,Low Risk
122,2,3,0,2015-05-02,6.0,87.22092873521365,51.4521908274241,3.0,729.0,76.0,1,1,0.9891525423728814,Low Risk
123,4,1,3,2015-05-03,4.0,79.639438777874,33.762944397524684,4.0,517.0,23.0,1,1,0.9927543452952868,Low Risk
124,3,2,2,2015-05-04,7.0,79.51048512632816,69.13367332506736,4.0,758.0,44.0,1,1,0.9994252873563219,Low Risk
125,0,2,3,2015-05-05,6.0,79.15806366847072,67.97164679497845,2.0,334.0,46.0,1,1,0.978051427274641,Low Risk
126,2,0,2,2015-05-06,5.0,80.95269309772615,55.333456740982314,2.0,351.0,22.0,1,1,0.959703134604589,Low Risk
127,4,1,2,2015-05-07,7.0,76.35217692129456,93.55375792726863,4.0,651.0,78.0,1,1,0.9994252873563219,Low Risk
128,2,3,3,2015-05-08,6.0,74.53470235526304,60.509799556405255,1.0,159.0,22.0,1,1,0.8340057736381264,Low Risk
129,4,1,3,2015-05-09,5.0,79.19916641003644,63.911859982118045,1.0,394.0,13.0,1,1,0.7528882982533237,Low Risk
130,4,0,1,2015-05-10,4.0,81.91534072371539,51.88953215818326,2.0,393.0,51.0,1,1,0.9964928304655194,Low Risk
131,3,0,0,2015-05-11,7.0,86.16893807462752,72.90496838566949,2.0,447.0,29.0,1,1,0.978695061096539,Low Risk
132,4,1,2,2015-05-12,2.0,74.21712504723885,34.3402838279965,1.0,103.0,15.0,0,0,0.3035355722708663,Medium Risk
133,2,1,1,2015-05-13,3.0,77.18363794362897,29.97426663980085,4.0,426.0,19.0,1,1,0.9845949466842018,Low Risk
134,4,1,3,2015-05-14,7.0,76.25838384002252,47.97727912321285,3.0,1050.0,77.0,1,1,0.9994252873563219,Low Risk
135,3,2,0,2015-05-15,4.0,78.29184381725733,40.586394965750394,1.0,55.0,5.0,0,0,0.41634158328561005,Medium Risk
136,3,3,1,2015-05-16,5.0,85.82148512558268,49.98346669135505,2.0,319.0,20.0,1,1,0.9854782485441658,Low Risk
137,2,1,2,2015-05-17,6.0,78.35892378198915,55.76164596276023,3.0,432.0,39.0,1,1,0.9982128662255536,Low Risk
138,1,1,1,2015-05-18,5.0,84.92309394769441,56.60902926330252,3.0,292.0,45.0,1,1,0.9978210644095665,Low Risk
139,1,1,2,2015-05-19,2.0,81.24026855664968,21.379842619360495,2.0,245.0,13.0,1,1,0.9789575022468459,Low Risk
140,4,0,3,2015-05-20,9.0,78.45592944545695,102.78361520402375,3.0,768.0,63.0,1,1,0.995,Low Risk
141,0,0,0,2015-05-21,12.0,78.23915779071201,114.04409309522663,2.0,69.0,22.0,0,0,0.43799999999999994,Medium Risk
142,4,2,0,2015-05-22,5.0,78.87593673641709,43.42152332267806,1.0,176.0,1.0,1,1,0.7217790708888268,Low Risk
143,2,3,0,2015-05-23,3.0,85.6826555329223,37.17859078271272,4.0,570.0,44.0,1,1,0.9990000000000001,Low Risk
144,2,2,3,2015-05-24,5.0,77.07382111032254,60.64337380710131,2.0,457.0,53.0,1,1,0.9815194478161908,Low Risk
145,2,3,2,2015-05-25,6.0,82.38093132010276,52.61269200479241,3.0,468.0,62.0,1,1,0.9991525423728814,Low Risk
146,2,0,3,2015-05-26,5.0,71.0908890164665,69.00936909703655,3.0,624.0,34.0,1,1,1.0,Low Risk
147,2,0,0,2015-05-27,4.0,80.83372445483623,48.80417078435342,2.0,290.0,19.0,1,1,0.9739340743323389,Low Risk
148,3,0,3,2015-05-28,6.0,75.51391583913545,59.384293708246574,1.0,48.0,22.0,0,0,0.4228726467890555,Medium Risk
149,1,2,3,2015-05-29,1.0,90.36859561637178,15.482785071762429,2.0,381.0,14.0,1,1,0.9568092006033183,Low Risk
150,2,1,3,2015-05-30,3.0,73.45971026745057,36.90792603003541,0.0,0.0,0.0,0,0,0.02071273546273546,High Risk
151,0,1,2,2015-05-31,5.0,80.51196246267736,79.21208382908904,2.0,394.0,12.0,1,1,0.9531719874234398,Low Risk
152,0,0,1,2015-06-01,6.0,76.80658685660542,59.52279203877928,2.0,411.0,12.0,1,1,0.959002232890827,Low Risk
153,0,1,1,2015-06-02,6.0,82.4896896187677,75.1513501665739,3.0,775.0,64.0,1,1,0.9986699318104081,Low Risk
154,0,1,3,2015-06-03,5.0,75.13817873557534,53.74748773726423,3.0,514.0,49.0,1,1,0.9680938093930069,Low Risk
155,3,2,1,2015-06-04,6.0,81.82116327948371,44.80125717590272,1.0,36.0,14.0,0,0,0.35960384191367434,Medium Risk
156,0,3,1,2015-06-05,1.0,71.72011532561429,3.742569306539722,2.0,234.0,14.0,1,1,0.9658333333333333,Low Risk
157,2,0,3,2015-06-06,3.0,78.11269528598513,14.915082483213247,0.0,0.0,0.0,0,0,0.04,High Risk
158,4,0,3,2015-06-07,7.0,82.22788143521339,74.72370476852863,1.0,77.0,12.0,0,1,0.5187335556361199,Medium Risk
159,0,2,0,2015-06-08,8.0,77.71879509051777,94.54554711381988,3.0,815.0,86.0,1,1,0.9995173894375268,Low Risk
160,3,2,1,2015-06-09,3.0,79.04590846984091,32.2908945716499,2.0,660.0,34.0,1,1,0.9926015047044459,Low Risk
161,3,1,2,2015-06-10,8.0,79.80626909418864,74.79885710752805,1.0,142.0,9.0,1,1,0.8247284241160762,Low Risk
162,0,0,3,2015-06-11,3.0,76.78892328867714,40.43297548949057,3.0,458.0,36.0,1,1,0.9992186707255201,Low Risk
163,4,3,0,2015-06-12,4.0,83.6989466575209,38.24169008373957,2.0,506.0,23.0,1,1,0.9773629508301839,Low Risk
164,0,2,2,2015-06-13,3.0,82.69703591723227,14.948280270732429,1.0,333.0,39.0,1,1,0.9000503557744938,Low Risk
165,3,3,1,2015-06-14,4.0,79.53994520222781,54.24958917429278,1.0,110.0,5.0,0,0,0.3227535583681283,Medium Risk
166,1,3,0,2015-06-15,5.0,80.45970343843324,57.07588704822825,2.0,280.0,28.0,1,1,0.9948446372211189,Low Risk
167,2,0,3,2015-06-16,3.0,69.5239053110429,35.98697914858249,3.0,1322.0,71.0,1,1,1.0,Low Risk
168,3,0,2,2015-06-17,2.0,80.95495763408033,8.000610299572188,2.0,287.0,20.0,1,1,0.9412705607211531,Low Risk
169,0,2,3,2015-06-18,6.0,79.85881497768486,92.02151000333319,1.0,219.0,6.0,1,1,0.631366522732395,Medium Risk
170,2,0,1,2015-06-19,4.0,71.50231211514003,42.289547877735245,2.0,612.0,55.0,1,1,0.9604345238095239,Low Risk
171,0,0,2,2015-06-20,6.0,82.73058820608374,73.77106498711456,0.0,0.0,0.0,0,0,0.022000000000000002,High Risk
172,0,0,1,2015-06-21,8.0,84.06549030035411,84.52861038727221,2.0,303.0,23.0,1,1,0.9970918367346938,Low Risk
173,1,3,1,2015-06-22,4.0,84.30123460826294,55.40854040193035,5.0,435.0,82.0,1,1,0.9981525423728813,Low Risk
174,2,2,0,2015-06-23,7.0,79.42790934308096,70.2833171484591,1.0,352.0,8.0,1,1,0.7903961829217662,Low Risk
175,2,1,3,2015-06-24,6.0,80.3060383709058,48.22242552820183,2.0,270.0,20.0,1,1,0.7694316770173967,Low Risk
176,1,3,2,2015-06-25,7.0,81.29223557788892,80.60258825594362,2.0,266.0,12.0,1,1,0.951426772908545,Low Risk
177,3,0,1,2015-06-26,7.0,76.714120265619,82.01674835790563,4.0,573.0,71.0,1,1,0.9997916666666667,Low Risk
178,0,3,1,2015-06-27,3.0,67.22577701768326,18.003736588666435,2.0,267.0,16.0,1,1,0.9776818181818182,Low Risk
179,4,0,2,2015-06-28,7.0,82.87412351119333,75.32206805763292,1.0,150.0,6.0,1,1,0.9054365462424286,Low Risk
180,0,0,1,2015-06-29,4.0,82.80815564478193,56.21356187429834,1.0,190.0,19.0,1,1,0.8914687729142865,Low Risk
181,0,3,0,2015-06-30,7.0,86.94511885286182,53.175200136141626,3.0,519.0,31.0,1,1,0.99,Low Risk
182,3,2,0,2015-07-01,7.0,81.49335602062773,87.8239523930168,2.0,142.0,35.0,1,1,0.998278817587641,Low Risk
183,0,0,0,2015-07-02,4.0,80.45064229964137,38.46013531990688,1.0,178.0,6.0,1,1,0.8235320210117224,Low Risk
184,1,2,0,2015-07-03,7.0,74.09481011861456,52.46679336553645,2.0,304.0,27.0,1,1,0.9865044575719751,Low Risk
185,1,1,1,2015-07-04,2.0,81.74869356956025,29.34282869748335,1.0,60.0,10.0,0,1,0.5898086805750201,Medium Risk
186,2,0,2,2015-07-05,5.0,79.00627423806966,52.37751218459417,3.0,450.0,34.0,1,1,0.9985026737967914,Low Risk
187,4,2,2,2015-07-06,7.0,83.5254162700409,67.49560953112271,1.0,180.0,14.0,1,1,0.7665747797789666,Low Risk
188,0,2,2,2015-07-07,9.0,81.7476342378848,90.61847154445714,4.0,438.0,51.0,1,1,0.9863936571860055,Low Risk
189,0,1,2,2015-07-08,3.0,77.55774131653554,39.29760728241447,2.0,269.0,10.0,1,1,0.9320645869814317,Low Risk
190,3,2,3,2015-07-09,1.0,92.52079317785427,15.046688544183878,1.0,81.0,17.0,0,0,0.29284265734265735,High Risk
191,1,2,2,2015-07-10,6.0,76.53801685221896,63.33960554718506,3.0,734.0,41.0,1,1,0.997801907321444,Low Risk
192,4,1,3,2015-07-11,6.0,75.0972013639333,58.06402866964221,0.0,0.0,0.0,0,0,0.018333333333333333,High Risk
193,2,0,3,2015-07-12,7.0,85.56925980051673,90.40211410811573,2.0,241.0,26.0,1,1,0.9523616417820481,Low Risk
194,1,2,0,2015-07-13,6.0,78.29076367547846,72.72572995855242,3.0,819.0,56.0,1,1,0.9986699318104081,Low Risk
195,2,2,3,2015-07-14,5.0,77.13978957580768,45.009847191728284,1.0,17.0,18.0,0,0,0.3630116269157895,Medium Risk
196,3,2,1,2015-07-15,5.0,77.17737986259655,58.75631115913149,0.0,0.0,0.0,0,0,0.020605509355509356,High Risk
197,3,3,3,2015-07-16,4.0,80.74729347037335,45.20540506114704,2.0,199.0,18.0,1,1,0.9305730249236168,Low Risk
198,0,1,0,2015-07-17,4.0,82.9724703840858,45.950632052503,3.0,498.0,45.0,1,1,0.9863639451141776,Low Risk
199,4,3,3,2015-07-18,4.0,87.41798550161454,29.42145946422704,1.0,112.0,16.0,0,1,0.5146457431457432,Medium Risk
200,2,1,1,2015-07-19,6.0,79.87327808640148,70.61918459566051,3.0,718.0,77.0,1,1,0.9986699318104081,Low Risk
201,1,0,1,2015-07-20,4.0,81.43676781964047,39.920637547186786,0.0,0.0,0.0,0,0,0.006363636363636364,High Risk
202,3,0,1,2015-07-21,10.0,84.85334260712035,128.92593250207588,3.0,344.0,32.0,1,1,1.0,Low Risk
203,0,2,0,2015-07-22,4.0,77.10277689596347,38.36281241727776,3.0,482.0,61.0,1,1,0.9951052038554364,Low Risk
204,0,1,0,2015-07-23,5.0,82.40403110006044,58.451521792383886,0.0,0.0,0.0,0,0,0.02483333333333333,High Risk
205,2,0,2,2015-07-24,3.0,76.46236454581008,33.04664299316908,3.0,387.0,38.0,1,1,0.9994117647058823,Low Risk
206,3,1,0,2015-07-25,6.0,88.28337815144873,53.59553008798858,3.0,766.0,54.0,1,1,0.9972727272727272,Low Risk
207,4,0,1,2015-07-26,3.0,70.81093451491718,27.991362910009556,3.0,387.0,15.0,1,1,0.950150641025641,Low Risk
208,3,3,1,2015-07-27,7.0,79.57328457697248,83.17992958532419,2.0,188.0,17.0,1,1,0.9744397331748234,Low Risk
209,2,0,0,2015-07-28,7.0,77.91892532244542,70.14444896227468,2.0,212.0,4.0,1,1,0.8385865919794492,Low Risk
210,2,3,3,2015-07-29,4.0,89.77161918064664,41.70656162767692,1.0,93.0,3.0,0,0,0.27912648625883923,High Risk
211,3,0,0,2015-07-30,3.0,82.96703635439009,27.856043391905416,3.0,410.0,23.0,1,1,0.9894117647058823,Low Risk
212,2,2,0,2015-07-31,6.0,84.71659449831348,75.52418469359536,2.0,245.0,29.0,1,1,0.9859774548196119,Low Risk
213,3,3,1,2015-08-01,8.0,77.36463737906925,85.52271052947879,2.0,170.0,20.0,1,1,0.9970145631067961,Low Risk
214,1,0,2,2015-08-02,4.0,76.2294078890043,51.12447387333488,2.0,402.0,21.0,1,1,0.8689989069422341,Low Risk
215,3,2,1,2015-08-03,7.0,86.41350382633217,97.64284685422358,0.0,0.0,0.0,0,0,0.066,High Risk
216,3,3,2,2015-08-04,6.0,77.30876714905806,48.75824336673854,2.0,247.0,23.0,1,1,0.9256984579701028,Low Risk
217,2,2,1,2015-08-05,8.0,74.18057305572255,80.47253810553484,2.0,166.0,7.0,1,1,0.962306595365419,Low Risk
218,2,1,0,2015-08-06,4.0,80.01800512252458,43.58263656203713,2.0,203.0,28.0,1,1,0.9680594663329635,Low Risk
219,0,1,1,2015-08-07,5.0,85.70032623714175,63.613031571680054,1.0,223.0,16.0,1,1,0.6789982595473003,Medium Risk
220,0,3,1,2015-08-08,7.0,80.7007619081998,80.20310167526208,3.0,564.0,46.0,1,1,1.0,Low Risk
221,1,0,1,2015-08-09,3.0,85.18385507374428,38.51491660038134,4.0,947.0,44.0,1,1,0.9885890410958905,Low Risk
222,0,3,0,2015-08-10,6.0,73.18637924155588,75.80061298270795,3.0,572.0,26.0,1,1,0.9953441295546558,Low Risk
223,3,2,0,2015-08-11,3.0,77.60144596705565,31.018359216196593,1.0,267.0,19.0,1,1,0.7944980593171236,Low Risk
224,2,0,0,2015-08-12,5.0,85.12322380471886,61.26546602773996,2.0,164.0,12.0,1,1,0.9702382648682024,Low Risk
225,0,1,0,2015-08-13,8.0,76.89087292999295,83.24436856420247,3.0,483.0,23.0,1,1,0.9868090561041934,Low Risk
226,0,0,2,2015-08-14,6.0,71.5200843810663,51.53955921487087,4.0,597.0,37.0,1,1,0.9995890410958904,Low Risk
227,1,1,2,2015-08-15,4.0,80.2505937655312,18.365217678035407,4.0,882.0,34.0,1,1,0.9878888150870734,Low Risk
228,1,0,3,2015-08-16,4.0,84.97421183849096,52.91284430995827,3.0,668.0,55.0,1,1,0.9986631151699644,Low Risk
229,3,0,0,2015-08-17,4.0,87.17234255906206,57.08057901856745,0.0,0.0,0.0,0,0,0.0024324324324324327,High Risk
230,2,0,2,2015-08-18,2.0,63.43800157648495,23.16196924346786,3.0,388.0,24.0,1,1,0.9876349206349206,Low Risk
231,1,2,1,2015-08-19,8.0,78.07291977195183,96.75330582700987,3.0,986.0,53.0,1,1,0.9895173894375268,Low Risk
232,0,2,0,2015-08-20,3.0,83.65819459479957,27.42659081757762,2.0,182.0,36.0,1,1,0.9991350364963505,Low Risk
233,2,3,3,2015-08-21,4.0,80.1386943704571,53.9105157856775,2.0,336.0,29.0,1,1,0.9205396394920217,Low Risk
234,2,3,3,2015-08-22,4.0,76.2774356386002,34.680682839012576,4.0,964.0,62.0,1,1,0.9991525423728814,Low Risk
235,0,1,3,2015-08-23,10.0,78.40236188856485,103.97003319342375,2.0,425.0,11.0,1,1,0.9507107227148937,Low Risk
236,1,2,1,2015-08-24,1.0,64.90658043847144,13.789751652563112,2.0,133.0,14.0,1,1,0.8928995996031466,Low Risk
237,0,1,2,2015-08-25,3.0,81.67308639568346,38.50837981271278,1.0,52.0,8.0,0,0,0.259087197261526,High Risk
238,2,3,1,2015-08-26,5.0,82.59264985706916,49.904051266383554,4.0,565.0,26.0,1,1,0.9991525423728814,Low Risk
239,4,1,0,2015-08-27,8.0,79.66550549057602,100.0290214036595,1.0,277.0,68.0,1,1,0.9404835458658988,Low Risk
240,4,3,3,2015-08-28,4.0,78.61699992787203,38.79162047488065,4.0,967.0,60.0,1,1,0.9983333333333333,Low Risk
241,3,2,1,2015-08-29,5.0,79.04970433699673,54.87236518209836,3.0,393.0,41.0,1,1,0.9965668449197861,Low Risk
242,0,0,1,2015-08-30,7.0,76.87404003318046,76.59317360619673,3.0,347.0,36.0,1,1,0.9997916666666667,Low Risk
243,0,2,2,2015-08-31,3.0,82.27060032539318,33.87821668192671,2.0,589.0,23.0,1,1,0.9714281747180844,Low Risk
244,3,1,2,2015-09-01,3.0,89.58634063985518,36.85321408221974,2.0,188.0,16.0,1,1,0.9609051494380957,Low Risk
245,3,1,3,2015-09-02,4.0,77.01888997922069,45.51139935657039,3.0,362.0,39.0,1,1,0.9861097793349315,Low Risk
246,3,2,1,2015-09-03,3.0,86.99601235815085,21.915442474989373,1.0,142.0,14.0,1,1,0.7428209410558481,Low Risk
247,2,2,1,2015-09-04,7.0,77.87980056613647,87.8404800560611,2.0,323.0,40.0,1,1,0.9950567112268486,Low Risk
248,0,3,2,2015-09-05,3.0,90.58884036709924,33.89015748494816,4.0,135.0,26.0,1,1,0.9776605685336335,Low Risk
249,2,1,1,2015-09-06,5.0,88.42667123185456,54.104878156279085,2.0,318.0,19.0,1,1,0.9763702992124591,Low Risk
250,3,1,1,2015-09-07,4.0,84.93443013413282,31.64608910801789,3.0,267.0,30.0,1,1,0.9909622697563872,Low Risk
251,0,2,1,2015-09-08,7.0,82.58161415413292,88.45080788845051,2.0,245.0,22.0,1,1,0.989207265387907,Low Risk
252,2,0,2,2015-09-09,4.0,77.0903479008635,47.88254942584648,2.0,347.0,12.0,1,1,0.8872858787714499,Low Risk
253,2,1,3,2015-09-10,4.0,64.87078611432128,59.11812301314815,4.0,659.0,35.0,1,1,0.9823936571860056,Low Risk
254,3,0,0,2015-09-11,4.0,79.3184834652824,60.33457783669135,2.0,360.0,22.0,1,1,0.978137712184939,Low Risk
255,0,2,3,2015-09-12,5.0,76.52899392238238,65.66633611471477,4.0,789.0,68.0,1,1,0.996375981395518,Low Risk
256,3,2,0,2015-09-13,7.0,91.93527315561423,56.48069929802556,5.0,687.0,36.0,1,1,0.9385714285714286,Low Risk
257,0,3,1,2015-09-14,3.0,77.53031646795598,46.154461703957665,2.0,330.0,7.0,1,1,0.7183825757575758,Low Risk
258,4,1,3,2015-09-15,2.0,86.65942966268501,31.328029477514892,2.0,241.0,19.0,1,1,0.9593934231528388,Low Risk
259,1,0,0,2015-09-16,5.0,77.72895746027766,54.2047414785677,1.0,208.0,14.0,1,1,0.8587033540646344,Low Risk
260,1,3,2,2015-09-17,6.0,77.12419887164343,45.649403165203005,0.0,0.0,0.0,0,0,0.01,High Risk
261,1,1,2,2015-09-18,1.0,64.05790410743498,8.556438863330497,1.0,367.0,8.0,1,1,0.5631386483886484,Medium Risk
262,3,3,3,2015-09-19,4.0,86.71409449827746,58.2042042794243,4.0,882.0,72.0,1,1,0.9872727272727272,Low Risk
263,4,2,3,2015-09-20,4.0,90.8673751772418,43.29063126270494,1.0,81.0,11.0,0,0,0.19505220155220154,High Risk
264,0,1,1,2015-09-21,2.0,86.87002469353658,22.17473304825333,3.0,314.0,48.0,1,1,1.0,Low Risk
265,2,3,3,2015-09-22,6.0,75.30063387124038,72.5304079930905,2.0,455.0,30.0,1,1,0.9517554016159278,Low Risk
266,0,3,1,2015-09-23,6.0,81.32936969849835,55.587445805263364,2.0,504.0,59.0,1,1,0.9991525423728814,Low Risk
267,2,0,1,2015-09-24,2.0,83.94444771566886,21.332508908491207,0.0,0.0,0.0,0,0,0.05243243243243243,High Risk
268,0,3,2,2015-09-25,4.0,85.44985345164024,55.83571714818727,3.0,363.0,54.0,1,1,0.9984858757062147,Low Risk
269,4,1,2,2015-09-26,4.0,83.64689056809304,41.660975235673114,1.0,100.0,14.0,0,0,0.4143671270239356,Medium Risk
270,2,1,0,2015-09-27,5.0,87.561978489627,77.71847627280822,2.0,483.0,26.0,1,1,0.9790635067586356,Low Risk
271,3,0,2,2015-09-28,3.0,77.90061649834196,41.4852666788778,4.0,918.0,62.0,1,1,0.995169340463458,Low Risk
272,0,1,2,2015-09-29,3.0,88.06237044909354,41.67246743130843,4.0,525.0,65.0,1,1,0.9894117647058823,Low Risk
273,0,2,3,2015-09-30,6.0,87.97599236859698,63.81760700811694,3.0,528.0,41.0,1,1,0.998282172002511,Low Risk
274,2,1,2,2015-10-01,4.0,77.15482217199177,38.97509377162126,3.0,552.0,33.0,1,1,0.9965485907592694,Low Risk
275,3,1,0,2015-10-02,4.0,65.69535766245187,34.88294693305841,3.0,429.0,46.0,1,1,0.9993945480631277,Low Risk
276,3,3,3,2015-10-03,3.0,81.76490311910716,20.465379327011934,2.0,362.0,27.0,1,1,0.9664683351689273,Low Risk
277,4,3,0,2015-10-04,3.0,79.10065669249161,29.66687958365285,1.0,150.0,14.0,1,1,0.8837202052689858,Low Risk
278,3,1,2,2015-10-05,8.0,74.08691350962823,119.86719387899242,2.0,45.0,25.0,0,1,0.947082573612984,Low Risk
279,3,0,0,2015-10-06,6.0,82.95465691590064,58.999486871301045,2.0,146.0,23.0,1,1,0.9763579441373693,Low Risk
280,3,3,3,2015-10-07,3.0,79.59429059240591,22.796082572969002,5.0,957.0,76.0,1,1,1.0,Low Risk
281,1,0,1,2015-10-08,3.0,72.85279488719924,33.336509393792525,2.0,227.0,30.0,1,1,0.932051396550893,Low Risk
282,4,1,0,2015-10-09,8.0,75.20865575903497,108.64381609997822,4.0,905.0,52.0,1,1,0.9798823529411764,Low Risk
283,0,1,0,2015-10-10,3.0,74.44062766008892,49.56080759464504,3.0,452.0,15.0,1,1,0.982199776494914,Low Risk
284,2,2,3,2015-10-11,5.0,73.05719813809336,61.79888032232118,2.0,432.0,19.0,1,1,0.9318100117246239,Low Risk
285,0,3,3,2015-10-12,7.0,85.50879824207665,61.56068611500872,1.0,30.0,14.0,0,0,0.3335492430275039,Medium Risk
286,4,1,0,2015-10-13,8.0,85.52474210411526,99.67874556821965,4.0,332.0,27.0,1,1,0.99,Low Risk
287,2,2,2,2015-10-14,9.0,83.63406979740391,78.98778669388892,4.0,762.0,74.0,1,1,0.9976317524241008,Low Risk
288,4,3,0,2015-10-15,4.0,73.88459947341028,50.503600467727566,2.0,247.0,5.0,1,1,0.8864010989010989,Low Risk
289,3,1,3,2015-10-16,4.0,82.53961774951752,52.61081847771126,2.0,287.0,33.0,1,1,0.9798864075300691,Low Risk
290,2,1,1,2015-10-17,1.0,61.36284724205931,8.193149383656463,4.0,397.0,38.0,1,1,0.9996350364963504,Low Risk
291,3,3,1,2015-10-18,5.0,75.97299980990866,62.703437230486806,2.0,208.0,13.0,1,1,0.981875009677769,Low Risk
292,0,3,2,2015-10-19,6.0,77.54648972069737,58.50796059602098,1.0,95.0,1.0,0,0,0.15288672438672438,High Risk
293,0,3,0,2015-10-20,4.0,74.44348092417803,28.07205253255899,3.0,851.0,35.0,1,1,0.9869230769230769,Low Risk
294,2,1,1,2015-10-21,6.0,72.5784907542651,73.28618557731963,3.0,639.0,32.0,1,1,0.9993090561041934,Low Risk
295,2,1,0,2015-10-22,2.0,73.96649122217025,16.02889507974533,3.0,423.0,42.0,1,1,0.946426703163017,Low Risk
296,4,2,3,2015-10-23,8.0,83.70093293582705,95.89037005082238,2.0,229.0,32.0,1,1,0.986,Low Risk
297,4,0,1,2015-10-24,7.0,77.95377399324322,75.91026892647709,3.0,398.0,27.0,1,1,0.98,Low Risk
298,3,3,2,2015-10-25,6.0,83.42161889729715,73.78523364882015,3.0,306.0,34.0,1,1,0.9972727272727272,Low Risk
299,2,1,3,2015-10-26,6.0,83.53172128539971,86.97620283728696,2.0,158.0,25.0,1,1,0.9313691300522237,Low Risk
300,0,1,2,2015-10-27,4.0,77.0004016822033,42.84252031738202,1.0,143.0,3.0,1,0,0.389129782726481,Medium Risk
301,4,3,3,2015-10-28,5.0,73.28060911407184,52.73276590212712,1.0,179.0,19.0,1,1,0.8689803354540194,Low Risk
302,4,0,1,2015-10-29,6.0,79.55203877882327,71.369941833862,3.0,475.0,41.0,1,1,1.0,Low Risk
303,0,3,2,2015-10-30,8.0,89.21909945308717,69.11372135817507,2.0,298.0,30.0,1,1,0.952181818181818,Low Risk
304,4,0,2,2015-10-31,5.0,80.03628756808898,47.93277664094933,1.0,133.0,32.0,1,1,0.9103538883716901,Low Risk
305,3,1,3,2015-11-01,3.0,79.35058319627863,18.98414307410901,2.0,185.0,13.0,1,1,0.9657294648840558,Low Risk
306,2,0,2,2015-11-02,5.0,86.44708156835217,48.34157398277207,3.0,428.0,49.0,1,1,0.9894117647058823,Low Risk
307,0,2,3,2015-11-03,3.0,81.20164765271052,26.709554090134503,2.0,503.0,42.0,1,1,0.991853910403108,Low Risk
308,2,1,3,2015-11-04,6.0,74.84597252819609,78.77525729649125,1.0,117.0,10.0,0,1,0.5689127441186265,Medium Risk
309,4,2,3,2015-11-05,5.0,78.72303062737569,40.155197655236066,4.0,823.0,56.0,1,1,0.9988370520622041,Low Risk
310,4,3,3,2015-11-06,3.0,86.34061916095237,28.507926577802788,1.0,227.0,18.0,1,1,0.5174790764790764,Medium Risk
311,0,3,1,2015-11-07,3.0,92.39753734873926,50.47820952772692,3.0,595.0,40.0,1,1,0.9593333333333334,Low Risk
312,3,3,3,2015-11-08,4.0,80.6853697760576,54.17267952226926,2.0,381.0,57.0,1,1,0.991745372274784,Low Risk
313,1,0,0,2015-11-09,6.0,79.72336567462165,46.506120734146,1.0,178.0,19.0,1,1,0.796984582084582,Low Risk
314,0,1,2,2015-11-10,4.0,80.89655865315281,33.071847633630156,0.0,0.0,0.0,0,0,0.014166666666666668,High Risk
315,1,3,0,2015-11-11,4.0,83.42930245548256,35.82204562619033,2.0,222.0,24.0,1,1,0.9278698260047665,Low Risk
316,1,3,1,2015-11-12,5.0,83.25141812463865,47.158240940359406,2.0,300.0,48.0,1,1,0.9970779502982893,Low Risk
317,3,1,0,2015-11-13,1.0,94.19622319854864,17.779265887388032,3.0,540.0,29.0,1,1,0.98,Low Risk
318,1,3,2,2015-11-14,4.0,76.94274252172181,30.697146619059897,2.0,266.0,17.0,1,1,0.9524390557516278,Low Risk
319,1,2,0,2015-11-15,7.0,81.1620743884368,66.38079466880194,3.0,609.0,33.0,1,1,0.9995173894375268,Low Risk
320,3,1,1,2015-11-16,2.0,83.53247636787971,23.0812347290247,4.0,514.0,47.0,1,1,0.9994117647058823,Low Risk
321,1,1,3,2015-11-17,3.0,75.69103911009223,35.984380728614674,1.0,27.0,1.0,0,0,0.17910912969533657,High Risk
322,1,1,0,2015-11-18,10.0,80.488413567164,101.93872129957911,3.0,339.0,40.0,1,1,0.9796350364963504,Low Risk
323,1,2,1,2015-11-19,6.0,79.11769749914193,86.39226816929174,5.0,620.0,52.0,1,1,0.9986699318104081,Low Risk
324,0,1,1,2015-11-20,6.0,82.01544529661953,37.02167289385669,1.0,111.0,7.0,0,0,0.27553106698113106,High Risk
325,0,2,2,2015-11-21,5.0,81.6472909304696,44.27347588412355,2.0,237.0,19.0,1,1,0.9628570541382432,Low Risk
326,0,1,2,2015-11-22,7.0,69.56026540128728,62.55294350582544,1.0,146.0,9.0,1,1,0.8242753811998235,Low Risk
327,3,0,0,2015-11-23,2.0,87.76280371321998,13.284283377045906,1.0,60.0,1.0,0,0,0.19192857142857142,High Risk
328,4,3,3,2015-11-24,3.0,76.2193908270115,35.65201762374522,2.0,380.0,16.0,1,1,0.910793534135767,Low Risk
329,1,0,1,2015-11-25,2.0,97.41013979624381,24.65537143713742,4.0,584.0,35.0,1,1,0.99,Low Risk
330,1,3,0,2015-11-26,2.0,80.2809399766515,25.43417218948396,0.0,0.0,0.0,0,0,0.09142857142857143,High Risk
331,3,2,1,2015-11-27,5.0,74.56138626544643,55.392775866516416,0.0,0.0,0.0,0,0,0.010605509355509355,High Risk
332,1,0,1,2015-11-28,9.0,75.66293189593704,74.5452184967644,3.0,484.0,62.0,1,1,0.9997916666666667,Low Risk
333,0,1,3,2015-11-29,7.0,76.30962058184913,94.88215057185248,3.0,352.0,12.0,1,1,0.9322269905193389,Low Risk
334,4,3,3,2015-11-30,5.0,85.5604261948294,52.10331523834854,2.0,376.0,30.0,1,1,0.9880689383715697,Low Risk
335,2,3,0,2015-12-01,4.0,71.39743016665464,49.66340614652388,3.0,544.0,48.0,1,1,0.9969230769230769,Low Risk
336,1,0,3,2015-12-02,5.0,82.81761942724478,54.59270322675488,0.0,0.0,0.0,0,0,0.0,
337,0,2,3,2015-12-03,3.0,72.37091622827866,37.655684313063325,3.0,521.0,57.0,1,1,0.9973993649485626,Low Risk
338,2,0,0,2015-12-04,5.0,73.3716957336583,49.818478406976055,2.0,233.0,26.0,1,1,0.9788882649829581,Low Risk
339,4,2,3,2015-12-05,5.0,74.60041488826684,31.20212070779541,0.0,0.0,0.0,0,0,0.03132132132132132,High Risk
340,2,2,2,2015-12-06,7.0,84.263350962019,69.23461015181961,2.0,528.0,34.0,1,1,0.9909481678094817,Low Risk
341,0,3,1,2015-12-07,9.0,83.64220475617599,110.11515555659243,0.0,0.0,0.0,0,0,0.16,High Risk
342,2,0,1,2015-12-08,5.0,75.4017073844104,58.8376663426688,3.0,812.0,49.0,1,1,0.9892034313725491,Low Risk
343,3,0,1,2015-12-09,4.0,78.42352850371311,48.38731576832709,3.0,518.0,37.0,1,1,0.9985026737967914,Low Risk
344,2,2,1,2015-12-10,3.0,83.64528970982703,26.84971282080155,3.0,591.0,33.0,1,1,0.9979291541434091,Low Risk
345,1,0,0,2015-12-11,7.0,77.21725423409644,63.104430131520786,3.0,554.0,64.0,1,1,0.9931250000000001,Low Risk
346,1,1,1,2015-12-12,6.0,81.71957679173677,56.41136540450367,2.0,235.0,34.0,1,1,0.9896733719992692,Low Risk
347,3,1,1,2015-12-13,3.0,77.89355099683523,32.37220366326727,2.0,286.0,24.0,1,1,0.9888025719885097,Low Risk
348,0,0,1,2015-12-14,6.0,74.25950726495121,54.82889371292416,2.0,436.0,17.0,1,1,0.9648574045049273,Low Risk
349,1,0,1,2015-12-15,5.0,72.61310850674333,41.426368421743035,2.0,267.0,36.0,1,1,0.983690231572081,Low Risk
350,4,2,2,2015-12-16,6.0,80.1906826990756,62.26875860432446,3.0,499.0,32.0,1,1,0.9944252873563219,Low Risk
351,1,1,1,2015-12-17,5.0,82.07912150203177,66.57659576445647,3.0,592.0,28.0,1,1,0.9977034173507431,Low Risk
352,1,1,2,2015-12-18,2.0,86.18123209958122,25.223722091507966,2.0,283.0,22.0,1,1,0.9949177680889485,Low Risk
353,0,3,0,2015-12-19,3.0,83.62599277721694,35.97215382385414,4.0,387.0,39.0,1,1,0.9993333333333334,Low Risk
354,2,2,3,2015-12-20,4.0,73.75417141657317,33.60491982197266,2.0,351.0,33.0,1,1,0.9643021539180316,Low Risk
355,1,3,1,2015-12-21,7.0,84.59634618177984,103.22178102354658,1.0,176.0,15.0,1,1,0.8535357836607835,Low Risk
356,3,1,3,2015-12-22,7.0,78.43517431234909,79.49839344652979,2.0,443.0,50.0,1,1,0.9743957627873234,Low Risk
357,2,2,3,2015-12-23,6.0,79.78828709873373,52.22812455200164,4.0,592.0,47.0,1,1,0.9959258291885165,Low Risk
358,4,0,0,2015-12-24,5.0,86.70996135141695,57.894807202199544,4.0,460.0,39.0,1,1,0.9864572192513369,Low Risk
359,0,2,3,2015-12-25,7.0,79.28171589193202,52.367403898073064,3.0,919.0,44.0,1,1,0.9743623279115254,Low Risk
360,4,0,2,2015-12-26,8.0,79.4705658090849,101.54003813276422,3.0,1033.0,65.0,1,1,1.0,Low Risk
361,2,0,3,2015-12-27,3.0,85.68353170301145,45.53781079128171,2.0,346.0,24.0,1,1,0.9789862686662946,Low Risk
362,2,2,3,2015-12-28,7.0,89.06677725534111,80.1142040861667,2.0,451.0,7.0,1,1,0.759988344988345,Low Risk
363,2,0,3,2015-12-29,7.0,70.36695338406143,116.05070925408025,3.0,516.0,48.0,1,1,0.98,Low Risk
364,4,3,1,2015-12-30,4.0,76.64353858810514,53.31851545688589,2.0,457.0,46.0,1,1,0.9938095238095238,Low Risk
365,2,1,1,2015-12-31,2.0,63.509571145267174,25.01219515653588,2.0,440.0,31.0,1,1,0.9758017031630171,Low Risk
366,4,0,2,2016-01-01,6.0,78.39866665686954,55.49247811327265,2.0,457.0,38.0,1,1,0.9761027107812821,Low Risk
367,2,3,2,2016-01-02,4.0,82.49972370738135,54.143846726952255,4.0,708.0,75.0,1,1,0.9991525423728814,Low Risk
368,3,0,1,2016-01-03,3.0,81.74807740189193,24.787373098203,1.0,57.0,15.0,0,0,0.41928817938436685,Medium Risk
369,2,1,2,2016-01-04,3.0,82.63874709347152,36.49295417466054,3.0,242.0,23.0,1,1,0.9850392417356147,Low Risk
370,4,3,1,2016-01-05,7.0,84.16690046802105,56.97769424677028,2.0,208.0,24.0,1,1,0.9691063998414902,Low Risk
371,1,1,0,2016-01-06,4.0,89.1466695275418,30.151695831993145,2.0,559.0,45.0,1,1,0.990887648536559,Low Risk
372,2,1,3,2016-01-07,4.0,84.69674701567266,32.108141339576825,2.0,377.0,31.0,1,1,0.9526421496541153,Low Risk
373,1,3,3,2016-01-08,5.0,79.46733142011546,64.98967274834138,1.0,11.0,16.0,0,0,0.35747746478635867,Medium Risk
374,3,3,2,2016-01-09,3.0,83.41365513616887,36.65742242995023,2.0,428.0,19.0,1,1,0.9103003740450838,Low Risk
375,0,3,1,2016-01-10,5.0,83.79578791674655,59.798388341119995,3.0,383.0,33.0,1,1,0.9984858757062147,Low Risk
376,3,2,1,2016-01-11,5.0,89.48777693137676,54.83530109809136,0.0,0.0,0.0,0,0,0.028432432432432434,High Risk
377,2,3,2,2016-01-12,6.0,83.8135250533381,57.67650560950388,4.0,269.0,39.0,1,1,0.9991525423728814,Low Risk
378,1,3,1,2016-01-13,9.0,81.1533192157825,106.37748432543569,2.0,358.0,28.0,1,1,0.99060639984149,Low Risk
379,1,3,0,2016-01-14,6.0,76.65208610330643,85.06352350199205,1.0,250.0,22.0,1,1,0.9556863892449634,Low Risk
380,4,3,3,2016-01-15,6.0,82.3043916294739,45.4401283142477,1.0,35.0,8.0,0,0,0.17543759968102077,High Risk
381,1,0,2,2016-01-16,3.0,86.75856683398841,27.79582161030586,3.0,826.0,51.0,1,1,1.0,Low Risk
382,4,2,2,2016-01-17,2.0,77.91918784603257,30.197276933472008,2.0,165.0,26.0,1,1,0.9770791347254673,Low Risk
383,0,1,1,2016-01-18,6.0,79.48148373282943,57.38905411767639,2.0,451.0,8.0,1,1,0.8111505125376139,Low Risk
384,2,3,2,2016-01-19,2.0,82.74393401551785,36.21004759502817,2.0,255.0,16.0,1,1,0.9458003740450838,Low Risk
385,4,0,0,2016-01-20,4.0,78.73552921473501,44.703769189766575,3.0,449.0,59.0,1,1,0.9860026737967914,Low Risk
386,0,0,1,2016-01-21,4.0,81.92881667684851,40.125280408757135,4.0,790.0,69.0,1,1,0.9895890410958904,Low Risk
387,1,0,1,2016-01-22,7.0,76.53844823953435,89.86323086590852,0.0,0.0,0.0,0,0,0.03142857142857143,High Risk
388,1,1,1,2016-01-23,2.0,69.36362094058003,23.720284051389328,2.0,146.0,20.0,1,1,0.9482386406990371,Low Risk
389,0,3,1,2016-01-24,2.0,87.72221692475556,15.361475922907292,3.0,654.0,38.0,1,1,0.99,Low Risk
390,1,2,0,2016-01-25,4.0,82.28493812894321,47.41322349887641,2.0,68.0,25.0,0,1,0.6254286191222842,Medium Risk
391,0,2,1,2016-01-26,5.0,70.48505319058606,54.98672431940864,2.0,324.0,44.0,1,1,0.9785508749778618,Low Risk
392,4,0,2,2016-01-27,4.0,88.07417773552692,26.793680480158024,3.0,411.0,20.0,1,1,0.9765595584326233,Low Risk
393,4,1,0,2016-01-28,3.0,70.45393640887978,38.90174200269547,3.0,424.0,34.0,1,1,0.9896740196078432,Low Risk
394,0,1,3,2016-01-29,6.0,82.75299142993988,70.24566382625733,1.0,252.0,19.0,1,1,0.7877586627539297,Low Risk
395,4,1,3,2016-01-30,8.0,77.78211652122198,81.66285023122653,1.0,159.0,7.0,1,1,0.8090596099978451,Low Risk
396,4,2,2,2016-01-31,4.0,88.70949701200763,39.27802962458072,3.0,713.0,54.0,1,1,0.9836467617349969,Low Risk
397,4,0,2,2016-02-01,5.0,81.31618523651693,66.00595517751478,1.0,158.0,12.0,1,1,0.8084849388131998,Low Risk
398,3,3,0,2016-02-02,5.0,82.53664317385694,63.43036881464808,3.0,269.0,32.0,1,1,0.9972727272727272,Low Risk
399,2,2,3,2016-02-03,6.0,74.28751178699105,82.1037491191779,2.0,144.0,15.0,1,1,0.963114600455616,Low Risk
400,1,0,3,2016-02-04,4.0,78.83585320317951,57.40285684327297,3.0,526.0,50.0,1,1,0.9970873575942067,Low Risk
401,3,0,3,2016-02-05,5.0,81.42380222885274,56.508864546158314,2.0,244.0,14.0,1,1,0.9533668131769757,Low Risk
402,4,3,3,2016-02-06,8.0,82.32371610016826,80.00556667830305,3.0,451.0,33.0,1,1,0.995,Low Risk
403,0,3,3,2016-02-07,4.0,82.40349902773505,35.7668139416047,1.0,135.0,4.0,1,1,0.6552752693642787,Medium Risk
404,4,3,1,2016-02-08,7.0,77.16144194595334,78.4040168767341,1.0,140.0,7.0,1,1,0.7811799836873367,Low Risk
405,2,1,2,2016-02-09,6.0,75.92127927284345,63.86682015447823,2.0,95.0,29.0,0,1,0.5583902886311495,Medium Risk
406,4,3,1,2016-02-10,5.0,80.49050085314954,46.59839813323055,2.0,356.0,19.0,1,1,0.9759214303623475,Low Risk
407,0,0,3,2016-02-11,2.0,71.4799696065092,30.332674990564357,2.0,241.0,48.0,1,1,0.9820890410958905,Low Risk
408,2,3,0,2016-02-12,7.0,85.39303668745258,85.7939260941003,0.0,0.0,0.0,0,0,0.04,High Risk
409,4,0,0,2016-02-13,2.0,70.19439836002533,29.785969294177093,1.0,242.0,16.0,1,1,0.6094542124542126,Medium Risk
410,2,2,3,2016-02-14,6.0,81.59606438011829,74.77722913554719,5.0,960.0,60.0,1,1,0.9971758291885164,Low Risk
411,1,1,3,2016-02-15,3.0,85.19530738557744,44.08212266009707,2.0,352.0,10.0,1,1,0.977011265133426,Low Risk
412,1,2,0,2016-02-16,8.0,80.44136406395121,64.54242126787814,2.0,170.0,20.0,1,1,0.9013817257869533,Low Risk
413,4,2,1,2016-02-17,3.0,89.92059679081343,31.8011037275911,4.0,546.0,41.0,1,1,0.9894117647058823,Low Risk
414,2,0,1,2016-02-18,9.0,78.44984105752957,105.69077454101175,3.0,198.0,42.0,1,1,1.0,Low Risk
415,0,2,3,2016-02-19,8.0,88.6678755228503,64.82336775537051,3.0,233.0,41.0,1,1,0.9866666666666666,Low Risk
416,4,0,1,2016-02-20,5.0,68.58127660534802,56.66777749269657,3.0,551.0,35.0,1,1,1.0,Low Risk
417,1,3,0,2016-02-21,4.0,77.59623151546529,46.4114698161731,2.0,520.0,35.0,1,1,0.9833961321164711,Low Risk
418,1,3,1,2016-02-22,4.0,79.37751664517876,47.12554136847383,2.0,160.0,16.0,1,1,0.9576071237946958,Low Risk
419,4,0,3,2016-02-23,4.0,78.25349533646533,46.31158073607367,2.0,123.0,17.0,1,1,0.9790579405050734,Low Risk
420,2,3,0,2016-02-24,8.0,79.38214547038714,103.16176364455772,3.0,484.0,19.0,1,1,0.9975,Low Risk
421,1,1,1,2016-02-25,3.0,76.8549372033534,18.815728692668024,3.0,138.0,15.0,1,1,0.9948898701330334,Low Risk
422,2,2,2,2016-02-26,3.0,79.59607423512331,40.860807321574995,1.0,71.0,11.0,0,0,0.24913267002845438,High Risk
423,1,1,0,2016-02-27,7.0,72.85224930081029,76.01465654063567,3.0,577.0,53.0,1,1,0.9993090561041934,Low Risk
424,1,2,0,2016-02-28,8.0,81.49645262365091,104.05976259754593,1.0,274.0,10.0,1,1,0.7271188981572857,Low Risk
425,3,3,2,2016-02-29,6.0,84.1382780674695,64.54364299841332,3.0,232.0,38.0,1,1,0.9972727272727272,Low Risk
426,1,1,2,2016-03-01,3.0,86.02581592857219,23.4035811527856,4.0,489.0,53.0,1,1,1.0,Low Risk
427,0,3,0,2016-03-02,2.0,78.67590609571158,20.049360510072955,1.0,126.0,14.0,1,1,0.8442637173124978,Low Risk
428,4,2,2,2016-03-03,2.0,65.46978933273644,25.098546428230335,4.0,502.0,28.0,1,1,0.98,Low Risk
429,4,0,3,2016-03-04,5.0,78.22961957310515,51.677968325493836,3.0,551.0,57.0,1,1,0.9828360071301248,Low Risk
430,2,0,3,2016-03-05,4.0,79.1228386457207,44.66032551942307,3.0,583.0,53.0,1,1,0.995632303426421,Low Risk
431,1,1,3,2016-03-06,9.0,75.44255884564535,110.51774528527001,5.0,1091.0,71.0,1,1,0.9990603238526723,Low Risk
432,0,3,0,2016-03-07,4.0,81.35017323068634,48.771507768325854,1.0,77.0,13.0,0,0,0.32583067585056924,Medium Risk
433,2,3,2,2016-03-08,5.0,85.15808490099636,48.046651117414996,1.0,77.0,5.0,0,0,0.26273734518548764,High Risk
434,3,1,2,2016-03-09,7.0,78.09202771396876,76.4147029494514,3.0,390.0,33.0,1,1,0.9994252873563219,Low Risk
435,2,0,1,2016-03-10,3.0,71.95267563649246,43.54568925925663,3.0,427.0,52.0,1,1,0.9997916666666667,Low Risk
436,2,2,1,2016-03-11,6.0,84.41678228689341,61.513478733834766,2.0,378.0,41.0,1,1,0.9987875788692319,Low Risk
437,1,1,2,2016-03-12,5.0,76.28916895521512,56.32076322438574,3.0,633.0,83.0,1,1,0.9972463517658884,Low Risk
438,3,2,2,2016-03-13,5.0,93.56266683464379,57.83773234947802,5.0,638.0,56.0,1,1,0.9366844919786095,Low Risk
439,2,0,2,2016-03-14,4.0,76.96805370046246,42.94169551330951,2.0,55.0,19.0,0,1,0.5498339193273852,Medium Risk
440,0,3,0,2016-03-15,2.0,77.92769887910588,21.11222657418906,1.0,80.0,3.0,0,1,0.6440945531433335,Medium Risk
441,0,0,2,2016-03-16,2.0,77.50909614456765,17.54967866424074,3.0,604.0,60.0,1,1,0.9895890410958904,Low Risk
442,4,1,1,2016-03-17,6.0,81.18899660839425,64.92501716537488,4.0,925.0,76.0,1,1,0.9998823529411764,Low Risk
443,3,3,0,2016-03-18,9.0,81.48272134718516,124.98015364955573,2.0,243.0,18.0,1,1,0.9668444950795854,Low Risk
444,3,1,2,2016-03-19,4.0,81.67975793234939,63.376374914837825,3.0,576.0,29.0,1,1,0.9907070680111676,Low Risk
445,4,1,1,2016-03-20,4.0,86.72756687082531,51.20960398020888,3.0,384.0,36.0,1,1,0.9989572192513368,Low Risk
446,2,0,0,2016-03-21,2.0,73.5371715871445,26.133406779587126,2.0,200.0,12.0,1,1,0.9027325836913027,Low Risk
447,3,1,2,2016-03-22,8.0,75.21726921215051,79.80491731843092,3.0,752.0,57.0,1,1,0.9894252873563218,Low Risk
448,0,0,2,2016-03-23,4.0,72.38912138986804,25.687310527454727,1.0,211.0,16.0,1,1,0.7074994463503592,Low Risk
449,0,3,2,2016-03-24,4.0,89.37502704663355,52.542135696739535,3.0,402.0,27.0,1,1,0.9983104371097236,Low Risk
450,1,0,0,2016-03-25,2.0,79.72521090682724,31.33607622895348,3.0,340.0,26.0,1,1,0.9768686868686868,Low Risk
451,3,3,1,2016-03-26,7.0,83.09289759507153,78.8494258882603,3.0,395.0,9.0,1,1,0.94,Low Risk
452,2,0,1,2016-03-27,4.0,80.71457370051242,31.134380084300183,3.0,285.0,23.0,1,1,0.9871895424836601,Low Risk
453,4,2,3,2016-03-28,3.0,72.68165853488723,37.57707858095394,4.0,736.0,66.0,1,1,0.9994252873563219,Low Risk
454,4,2,2,2016-03-29,7.0,72.35280383785951,96.84091886584704,1.0,93.0,8.0,0,0,0.36356515244015236,Medium Risk
455,2,1,3,2016-03-30,5.0,84.8495935567158,62.94547718573289,1.0,35.0,5.0,0,0,0.3084050786165391,Medium Risk
456,1,0,3,2016-03-31,4.0,83.86926642072785,43.24738005576232,1.0,230.0,7.0,1,1,0.7862103389149668,Low Risk
457,4,0,1,2016-04-01,7.0,88.33722567657728,81.5626674480417,1.0,176.0,6.0,1,1,0.7993649644473176,Low Risk
458,3,3,0,2016-04-02,2.0,75.49741327043,25.7552353928295,2.0,412.0,28.0,1,1,0.9794052834975165,Low Risk
459,1,1,0,2016-04-03,4.0,81.06753414487908,55.271178266304936,2.0,432.0,46.0,1,1,0.9838938547129026,Low Risk
460,3,0,1,2016-04-04,3.0,76.85619206636282,41.3933163091849,2.0,209.0,30.0,1,1,0.976358298536037,Low Risk
461,0,1,0,2016-04-05,8.0,75.65862751361867,114.32603950583038,2.0,400.0,39.0,1,1,0.9745173894375267,Low Risk
462,1,2,3,2016-04-06,6.0,79.60270470392881,79.45695428924624,2.0,265.0,28.0,1,1,0.9486124708384217,Low Risk
463,4,0,2,2016-04-07,3.0,80.57822292101771,45.863435901505355,3.0,373.0,34.0,1,1,0.9994117647058823,Low Risk
464,1,0,1,2016-04-08,4.0,82.11099603972906,53.277565582420806,1.0,215.0,15.0,1,1,0.805637195622183,Low Risk
465,1,1,2,2016-04-09,8.0,76.69654068256999,87.65215080465208,4.0,772.0,47.0,1,1,0.9990603238526723,Low Risk
466,1,0,0,2016-04-10,6.0,77.46570587786265,82.5601674260396,3.0,618.0,44.0,1,1,0.9897916666666667,Low Risk
467,1,1,2,2016-04-11,3.0,81.18138965985058,36.929381732448356,1.0,571.0,45.0,1,1,0.8086238204361936,Low Risk
468,3,0,0,2016-04-12,7.0,72.30111508246674,55.50122540515416,2.0,307.0,46.0,1,1,0.992625,Low Risk
469,0,3,0,2016-04-13,5.0,82.72103168158438,65.70390950555574,3.0,530.0,26.0,1,1,0.9984858757062147,Low Risk
470,2,1,3,2016-04-14,3.0,82.20893837938623,32.166872598457395,2.0,410.0,23.0,1,1,0.9832463640523297,Low Risk
471,1,0,0,2016-04-15,12.0,83.29899963326976,102.80427394828983,2.0,511.0,40.0,1,1,0.8293055555555555,Low Risk
472,4,2,3,2016-04-16,5.0,73.84837822951735,66.60188831689965,2.0,412.0,34.0,1,1,0.9971426076177596,Low Risk
473,1,0,3,2016-04-17,6.0,83.76474036750479,83.12808670622182,5.0,695.0,63.0,1,1,0.9996296296296296,Low Risk
474,4,2,3,2016-04-18,5.0,80.88229388689267,46.137198424807714,2.0,365.0,40.0,1,1,0.9945971530723052,Low Risk
475,3,2,1,2016-04-19,9.0,78.03068787783256,84.13627161609978,1.0,75.0,2.0,0,0,0.3077549893733717,Medium Risk
476,4,3,1,2016-04-20,4.0,80.60079423293547,61.3268802860826,2.0,600.0,22.0,1,1,0.9944640246727992,Low Risk
477,2,1,0,2016-04-21,1.0,72.2269722872755,10.93062738076778,3.0,387.0,19.0,1,1,0.9532856775219914,Low Risk
478,0,0,3,2016-04-22,4.0,82.7147983722223,51.065415387304114,2.0,289.0,42.0,1,1,0.981990214136161,Low Risk
479,4,3,1,2016-04-23,3.0,80.6374001764017,28.87589292449263,3.0,269.0,35.0,1,1,0.995,Low Risk
480,4,0,3,2016-04-24,5.0,76.36772450264593,47.677560936618725,4.0,606.0,41.0,1,1,0.9844117647058823,Low Risk
481,0,2,2,2016-04-25,5.0,75.18015428506185,49.09765949503711,2.0,612.0,67.0,1,1,0.9754137394629373,Low Risk
482,2,1,2,2016-04-26,8.0,91.39384441200222,81.2270659854263,1.0,53.0,16.0,0,0,0.24730480622926176,High Risk
483,1,0,2,2016-04-27,5.0,71.46149146233364,68.73488371587645,3.0,442.0,33.0,1,1,0.9961111111111112,Low Risk
484,4,0,0,2016-04-28,6.0,80.86406710995156,83.43429897521042,3.0,372.0,38.0,1,1,1.0,Low Risk
485,0,2,3,2016-04-29,7.0,79.78745370780366,100.76991563182985,1.0,347.0,8.0,1,1,0.8552833824672059,Low Risk
486,3,0,2,2016-04-30,4.0,76.13793945952685,42.19477546135272,3.0,279.0,28.0,1,1,0.961658176189136,Low Risk
487,0,0,1,2016-05-01,10.0,78.7494788267413,127.21619664175937,4.0,1071.0,64.0,1,1,0.99,Low Risk
488,3,2,2,2016-05-02,5.0,80.25507334166474,60.31843230266214,2.0,249.0,23.0,1,1,0.9732568299577362,Low Risk
489,2,3,2,2016-05-03,11.0,80.47537864562821,128.7668854779783,4.0,761.0,72.0,1,1,0.9985714285714287,Low Risk
490,1,2,2,2016-05-04,6.0,73.69560068613423,63.07634562992951,4.0,491.0,45.0,1,1,0.9986493649485627,Low Risk
491,0,3,0,2016-05-05,8.0,85.93491950508368,91.97271836675483,1.0,72.0,14.0,0,0,0.23912878787878789,High Risk
492,4,1,1,2016-05-06,3.0,63.74847107828078,38.039629471654976,4.0,587.0,56.0,1,1,0.9998823529411764,Low Risk
493,2,3,3,2016-05-07,4.0,77.29431348756297,63.2808594410766,4.0,548.0,44.0,1,1,0.998782172002511,Low Risk
494,0,3,1,2016-05-08,8.0,80.10329518668534,83.08105107847031,4.0,885.0,76.0,1,1,0.9940000000000001,Low Risk
495,4,1,3,2016-05-09,5.0,73.46156291355388,55.216196001374556,2.0,346.0,14.0,1,1,0.9643469612630148,Low Risk
496,0,3,0,2016-05-10,5.0,84.3890105284568,58.926534956025634,2.0,749.0,72.0,1,1,0.9982294654498044,Low Risk
497,3,2,0,2016-05-11,3.0,75.05054033889085,34.646715082451664,3.0,197.0,33.0,1,1,0.9962171945701357,Low Risk
498,0,3,0,2016-05-12,6.0,82.55438733537123,68.72205273961286,3.0,713.0,50.0,1,1,0.9991525423728814,Low Risk
499,0,1,0,2016-05-13,3.0,79.6376495970798,23.486498702473867,4.0,411.0,47.0,1,1,0.9966350364963503,Low Risk
500,0,2,3,2016-05-14,3.0,82.28206753442116,33.871594111382706,2.0,203.0,18.0,1,1,0.9207144995044092,Low Risk
501,2,1,2,2016-05-15,6.0,80.47551746734301,38.31940063612285,2.0,120.0,21.0,0,0,0.4829096536789648,Medium Risk
502,0,1,3,2016-05-16,5.0,70.00102383210759,48.4175257178711,3.0,866.0,56.0,1,1,0.998093809393007,Low Risk
503,4,0,1,2016-05-17,10.0,84.09093563787161,142.85668658913497,2.0,384.0,41.0,1,1,1.0,Low Risk
504,3,0,0,2016-05-18,3.0,74.70485597843447,29.459599598584127,4.0,560.0,71.0,1,1,0.9992034313725491,Low Risk
505,3,1,0,2016-05-19,8.0,80.32764778178,94.92306274064262,1.0,350.0,22.0,1,1,0.9438933497874673,Low Risk
506,0,1,1,2016-05-20,8.0,84.75876815324361,85.02056148412605,1.0,214.0,7.0,1,1,0.8344897258589955,Low Risk
507,2,1,3,2016-05-21,7.0,77.91824365399209,83.08338398676003,3.0,296.0,20.0,1,1,0.9791899534823019,Low Risk
508,2,0,2,2016-05-22,10.0,78.43968910338432,136.01465879321037,2.0,278.0,23.0,1,1,0.9727174602096932,Low Risk
509,4,0,2,2016-05-23,4.0,73.91485796043594,50.75757773886393,3.0,371.0,27.0,1,1,0.9968854489164086,Low Risk
510,0,3,1,2016-05-24,4.0,80.57921275380151,37.308946331470025,2.0,272.0,37.0,1,1,0.9652294654498044,Low Risk
511,3,3,2,2016-05-25,10.0,76.49992740692653,77.95849475600741,4.0,365.0,54.0,1,1,1.0,Low Risk
512,2,1,3,2016-05-26,1.0,84.50481191606328,6.757672907831681,5.0,1387.0,75.0,1,1,0.9896350364963504,Low Risk
513,0,2,3,2016-05-27,5.0,80.60778576049985,46.40928174099652,1.0,52.0,2.0,0,0,0.23955026977518173,High Risk
514,2,2,1,2016-05-28,7.0,80.44546154117855,58.03684968988606,3.0,330.0,37.0,1,1,0.9945173894375268,Low Risk
515,2,0,3,2016-05-29,6.0,83.92570683046581,50.59545615003969,2.0,643.0,38.0,1,1,0.9925645717330812,Low Risk
516,3,0,0,2016-05-30,7.0,83.71675448212129,63.893205905094646,2.0,336.0,24.0,1,1,0.9630523885818136,Low Risk
517,1,0,1,2016-05-31,4.0,72.9845831001642,33.61662268036019,1.0,50.0,15.0,0,0,0.3727729296753129,Medium Risk
518,4,1,3,2016-06-01,7.0,81.16446403795011,101.46814738730015,3.0,404.0,39.0,1,1,0.9987586206896552,Low Risk
519,4,2,1,2016-06-02,5.0,84.46584130219738,46.82304909484939,1.0,146.0,19.0,1,1,0.8523619892418068,Low Risk
520,3,3,2,2016-06-03,7.0,76.15065538974268,68.27042048166791,2.0,471.0,34.0,1,1,0.9888196248196247,Low Risk
521,2,1,3,2016-06-04,8.0,79.48582845249562,78.71779888492452,2.0,117.0,28.0,0,1,0.5277334132285211,Medium Risk
522,0,3,0,2016-06-05,4.0,88.61264374183696,48.97447053618375,1.0,187.0,29.0,1,1,0.7489547401750792,Low Risk
523,2,3,3,2016-06-06,7.0,75.73774376488838,96.9606630848612,1.0,22.0,19.0,0,1,0.8319416433239962,Low Risk
524,3,1,1,2016-06-07,10.0,76.98059514381234,106.19233875390327,3.0,692.0,39.0,1,1,1.0,Low Risk
525,4,3,1,2016-06-08,2.0,86.86030936273153,25.493935389259548,3.0,619.0,36.0,1,1,1.0,Low Risk
526,2,2,3,2016-06-09,1.0,91.4180810548466,10.519980093696711,3.0,194.0,29.0,1,1,0.99,Low Risk
527,4,3,0,2016-06-10,7.0,87.63766573774045,67.31730909443365,2.0,527.0,27.0,1,1,0.98,Low Risk
528,0,2,0,2016-06-11,4.0,74.06948055230059,35.22323228684457,2.0,312.0,17.0,1,1,0.9387718264292356,Low Risk
529,4,2,0,2016-06-12,5.0,73.40662800185763,34.95011551497261,0.0,0.0,0.0,0,0,0.08435550935550935,High Risk
530,4,2,1,2016-06-13,3.0,82.59408634261597,37.8822856049683,3.0,241.0,39.0,1,1,0.9982941176470588,Low Risk
531,1,0,3,2016-06-14,5.0,82.11507181904662,34.54100025830539,1.0,148.0,13.0,1,1,0.7696914017566435,Low Risk
532,1,3,2,2016-06-15,4.0,79.63302788823364,33.13351921942108,2.0,210.0,35.0,1,1,0.9675402200546767,Low Risk
533,1,1,1,2016-06-16,5.0,86.78400162255832,78.05292018000404,1.0,84.0,16.0,0,0,0.42239224248007645,Medium Risk
534,4,1,0,2016-06-17,5.0,86.39168230551262,48.20438687741539,5.0,718.0,64.0,1,1,0.9967349970291146,Low Risk
535,3,3,3,2016-06-18,8.0,84.20796816786807,72.43772327946488,0.0,0.0,0.0,0,0,0.10125,High Risk
536,4,0,0,2016-06-19,7.0,86.56290770127428,78.02862691637566,2.0,242.0,36.0,1,1,0.9985714285714287,Low Risk
537,3,0,2,2016-06-20,6.0,80.15264573948518,80.36888615213752,4.0,398.0,36.0,1,1,1.0,Low Risk
538,3,2,0,2016-06-21,2.0,84.07266782239216,23.447651197836105,2.0,243.0,17.0,1,1,0.9224750568614074,Low Risk
539,1,3,0,2016-06-22,6.0,78.25019233565531,83.593107563936,3.0,424.0,23.0,1,1,0.9991525423728814,Low Risk
540,2,3,2,2016-06-23,7.0,76.11612220959834,78.71311969987057,2.0,289.0,18.0,1,1,0.9241551891474222,Low Risk
541,0,1,3,2016-06-24,3.0,84.17680381267195,42.92604353308075,1.0,233.0,11.0,1,1,0.7076930975356567,Low Risk
542,1,3,1,2016-06-25,1.0,72.8400717971442,3.2476253530674173,4.0,401.0,49.0,1,1,0.9969230769230769,Low Risk
543,1,0,3,2016-06-26,7.0,83.15600742002357,89.81253029543142,3.0,143.0,19.0,1,1,0.9621296296296297,Low Risk
544,2,3,2,2016-06-27,2.0,66.39023979781433,22.78723415756091,2.0,557.0,61.0,1,1,0.9774411764705883,Low Risk
545,0,1,0,2016-06-28,3.0,84.2418242270382,29.115286165146966,3.0,464.0,49.0,1,1,0.9996350364963504,Low Risk
546,4,2,3,2016-06-29,4.0,70.83202265474962,32.19011142350382,3.0,931.0,67.0,1,1,0.9894252873563218,Low Risk
547,4,1,1,2016-06-30,3.0,69.50043960010869,45.80532773074742,3.0,777.0,85.0,1,1,0.9898823529411764,Low Risk
548,1,1,2,2016-07-01,1.0,97.88228504965772,17.58159738877871,1.0,147.0,12.0,1,1,0.7978888888888891,Low Risk
549,0,2,3,2016-07-02,7.0,81.54246831923554,60.840961191960524,2.0,201.0,7.0,1,1,0.6955591566398975,Medium Risk
550,1,1,1,2016-07-03,2.0,94.12758950490303,35.824169742741674,1.0,200.0,1.0,1,0,0.4448221778221779,Medium Risk
551,3,1,2,2016-07-04,2.0,69.82384330448849,4.3178405518534735,2.0,353.0,31.0,1,1,0.9824411764705883,Low Risk
552,1,3,1,2016-07-05,10.0,78.2689599479551,100.55556279638806,3.0,747.0,46.0,1,1,1.0,Low Risk
553,1,3,2,2016-07-06,4.0,77.54661807133436,39.455124938835695,3.0,360.0,29.0,1,1,0.9863888684822725,Low Risk
554,4,2,0,2016-07-07,0.0,0.0,0.0,2.0,891.0,60.0,1,1,0.8952500000000001,Low Risk
555,4,3,3,2016-07-08,1.0,81.45495819370765,2.846886996032524,1.0,30.0,14.0,0,1,0.5791548285306025,Medium Risk
556,4,3,1,2016-07-09,6.0,74.22800779510148,51.02106683678528,1.0,398.0,26.0,1,1,0.9190338272838272,Low Risk
557,3,1,2,2016-07-10,1.0,89.66995230423571,19.68867822506196,3.0,380.0,26.0,1,1,0.99,Low Risk
558,4,0,1,2016-07-11,3.0,87.59604402221127,24.038504954544884,0.0,0.0,0.0,0,0,0.02243243243243243,High Risk
559,0,3,1,2016-07-12,0.0,0.0,0.0,3.0,682.0,40.0,1,1,0.96,Low Risk
560,2,0,3,2016-07-13,4.0,69.29001648838793,34.57868553736881,1.0,64.0,16.0,0,1,0.5657138727285784,Medium Risk
561,0,3,0,2016-07-14,4.0,85.69673780613326,32.22956608720956,2.0,81.0,7.0,0,0,0.3378341307814992,Medium Risk
562,0,3,1,2016-07-15,5.0,84.13265856001499,46.37131015687655,1.0,227.0,56.0,1,1,0.920888731657851,Low Risk
563,4,2,2,2016-07-16,8.0,77.5322455894273,79.44575793351403,1.0,46.0,10.0,0,0,0.36864136240327916,Medium Risk
564,2,2,2,2016-07-17,4.0,78.37873930463616,40.07231861463276,2.0,362.0,27.0,1,1,0.9540632182796361,Low Risk
565,2,2,0,2016-07-18,3.0,82.28580070923573,22.57009979196249,2.0,407.0,23.0,1,1,0.934774225836906,Low Risk
566,2,0,2,2016-07-19,2.0,68.27282076682454,12.254765874124704,2.0,361.0,29.0,1,1,0.9487684047978164,Low Risk
567,3,1,0,2016-07-20,4.0,71.57911802755638,36.40998549119735,1.0,220.0,13.0,1,1,0.7965297222027137,Low Risk
568,4,3,2,2016-07-21,3.0,72.19412621953556,19.942095953777866,1.0,250.0,25.0,1,1,0.9109002849002849,Low Risk
569,2,3,3,2016-07-22,6.0,85.97587422191754,73.06218446239362,2.0,371.0,19.0,1,1,0.9656663496217788,Low Risk
570,3,3,1,2016-07-23,1.0,71.1140742768155,11.240396575497243,2.0,268.0,29.0,1,1,0.9904401709401711,Low Risk
571,1,0,3,2016-07-24,12.0,78.60064240663107,134.2846824510923,2.0,368.0,32.0,1,1,0.8009084263689527,Low Risk
572,1,2,1,2016-07-25,4.0,75.44665198703908,46.61831014296331,0.0,0.0,0.0,0,0,0.012089743589743589,High Risk
573,3,1,1,2016-07-26,4.0,88.570167276951,35.587869090608294,1.0,43.0,18.0,0,0,0.4006445797340508,Medium Risk
574,3,0,1,2016-07-27,6.0,77.21653155087354,81.21243065047956,4.0,551.0,42.0,1,1,0.9997916666666667,Low Risk
575,4,2,3,2016-07-28,3.0,95.8426571075225,42.967648779744174,3.0,414.0,40.0,1,1,0.9594117647058823,Low Risk
576,4,0,1,2016-07-29,8.0,75.01453345575818,67.9762512463563,3.0,450.0,33.0,1,1,0.9997916666666667,Low Risk
577,1,1,3,2016-07-30,1.0,74.21560521899838,18.382484265945557,1.0,278.0,21.0,1,1,0.8349836182336183,Low Risk
578,2,2,0,2016-07-31,6.0,83.59290311613934,65.3248046339283,0.0,0.0,0.0,0,0,0.0,
579,1,0,2,2016-08-01,8.0,77.56279129270507,89.40271718604615,1.0,55.0,4.0,0,1,0.6314986471861471,Medium Risk
580,2,1,2,2016-08-02,7.0,75.85397184785543,58.50219793897529,3.0,316.0,30.0,1,1,0.9395603238526722,Low Risk
581,2,3,1,2016-08-03,8.0,78.40418334075571,76.90882609051599,2.0,158.0,20.0,1,1,0.9766063998414901,Low Risk
582,4,1,3,2016-08-04,6.0,72.83756556262485,71.31854190913816,3.0,314.0,46.0,1,1,0.9994252873563219,Low Risk
583,0,3,2,2016-08-05,6.0,81.08121444299228,51.049073484719095,1.0,79.0,7.0,0,0,0.22509869593770523,High Risk
584,0,0,3,2016-08-06,5.0,77.11975690829985,66.86538286554762,2.0,374.0,3.0,1,1,0.7412152219325976,Low Risk
585,3,2,3,2016-08-07,9.0,75.84754033514797,97.17961909044662,4.0,757.0,36.0,1,1,0.9694252873563218,Low Risk
586,4,2,1,2016-08-08,4.0,90.32648214040944,48.463129348895755,3.0,497.0,36.0,1,1,0.9967349970291146,Low Risk
587,2,0,2,2016-08-09,4.0,78.16104343003383,47.203353153136604,0.0,0.0,0.0,0,0,0.018682432432432432,High Risk
588,0,2,1,2016-08-10,6.0,86.16283620013286,60.24998235549182,4.0,841.0,60.0,1,1,0.9991525423728814,Low Risk
589,2,2,1,2016-08-11,1.0,66.37055469442254,7.291459169336149,4.0,489.0,47.0,1,1,0.9983850364963505,Low Risk
590,0,3,2,2016-08-12,4.0,77.82171720708217,54.63748770369991,2.0,242.0,10.0,1,1,0.8988527707159669,Low Risk
591,0,0,2,2016-08-13,1.0,85.78601118714889,17.784007945987454,2.0,286.0,25.0,1,1,0.8953333333333333,Low Risk
592,0,1,0,2016-08-14,1.0,95.55651622107158,12.010330307260666,4.0,639.0,27.0,1,1,0.98,Low Risk
593,4,3,0,2016-08-15,9.0,75.86547776628039,106.09513047582072,1.0,217.0,29.0,1,1,0.9405686274509804,Low Risk
594,1,0,3,2016-08-16,6.0,85.85549009187089,67.98176857569068,1.0,201.0,2.0,1,1,0.7095527389277391,Low Risk
595,2,3,2,2016-08-17,1.0,99.95326595957906,4.906437364572076,3.0,223.0,21.0,1,1,0.95,Low Risk
596,4,1,0,2016-08-18,4.0,83.92833628684757,42.29357550183952,3.0,348.0,32.0,1,1,0.9857349970291146,Low Risk
597,4,1,3,2016-08-19,4.0,71.49234947198708,56.22055203773952,2.0,363.0,29.0,1,1,0.9293691925371759,Low Risk
598,4,0,3,2016-08-20,2.0,82.51193114023901,26.01794080346644,1.0,92.0,26.0,0,0,0.41312025066436825,Medium Risk
599,4,1,3,2016-08-21,6.0,88.11785544070658,84.06498198186554,4.0,559.0,36.0,1,1,0.9885714285714287,Low Risk
600,4,3,0,2016-08-22,5.0,80.29422885144932,58.59599675124273,4.0,696.0,65.0,1,1,1.0,Low Risk
601,3,1,2,2016-08-23,5.0,72.80985012203374,56.41145414298775,3.0,293.0,32.0,1,1,0.9969252873563218,Low Risk
602,2,3,1,2016-08-24,3.0,68.29461127395781,22.398018701789056,4.0,775.0,37.0,1,1,1.0,Low Risk
603,4,3,3,2016-08-25,4.0,86.89366357357565,42.3856047073169,3.0,306.0,20.0,1,1,0.9872488038277512,Low Risk
604,2,1,0,2016-08-26,5.0,76.09835981872186,40.75669408845731,5.0,678.0,65.0,1,1,0.9973855583049085,Low Risk
605,3,0,0,2016-08-27,5.0,76.8852483694483,57.27588302017406,1.0,66.0,10.0,0,1,0.759257664292474,Low Risk
606,3,2,1,2016-08-28,4.0,90.22004600017135,61.20287400887922,0.0,0.0,0.0,0,0,0.0024324324324324327,High Risk
607,2,1,1,2016-08-29,5.0,89.93905219758489,50.79363369886849,1.0,350.0,25.0,1,1,0.8355088254259135,Low Risk
608,0,3,0,2016-08-30,7.0,83.32260473331606,77.74527843775283,2.0,274.0,13.0,1,1,0.9526473922902494,Low Risk
609,1,3,2,2016-08-31,6.0,76.59903277961637,66.06673822611545,2.0,237.0,36.0,1,1,0.9914404211607603,Low Risk
610,0,1,1,2016-09-01,4.0,79.31907101639584,50.287717396101286,2.0,934.0,46.0,1,1,0.979312260888158,Low Risk
611,0,0,0,2016-09-02,5.0,85.15838389055955,42.67572895107558,2.0,382.0,53.0,1,1,0.9887755102040816,Low Risk
612,0,0,1,2016-09-03,5.0,81.6659091263267,35.88321746829758,4.0,851.0,50.0,1,1,0.9895890410958904,Low Risk
613,4,3,2,2016-09-04,8.0,78.62139247520345,117.64336276016978,4.0,485.0,36.0,1,1,0.99,Low Risk
614,3,3,3,2016-09-05,1.0,97.96066385547503,5.853972023630657,2.0,539.0,26.0,1,1,0.91,Low Risk
615,0,0,1,2016-09-06,3.0,84.01988687744993,48.32862377892741,1.0,111.0,1.0,0,0,0.23726583897046694,High Risk
616,3,2,2,2016-09-07,5.0,74.65192776658947,62.55937401105873,3.0,328.0,35.0,1,1,0.9988370520622041,Low Risk
617,2,1,0,2016-09-08,5.0,73.5519284344855,51.163706377698745,2.0,462.0,29.0,1,1,0.9757784103438651,Low Risk
618,1,3,1,2016-09-09,3.0,75.47587968028115,23.672374977002555,2.0,72.0,26.0,0,1,0.989817981910215,Low Risk
619,2,3,1,2016-09-10,4.0,84.83948563092889,41.297442200765225,3.0,566.0,40.0,1,1,0.9938343605546994,Low Risk
620,2,0,0,2016-09-11,6.0,90.10010205354831,74.96724982502187,2.0,493.0,43.0,1,1,1.0,Low Risk
621,4,1,3,2016-09-12,7.0,87.40316187251987,84.17994521456134,2.0,496.0,46.0,1,1,0.9771428571428572,Low Risk
622,1,0,0,2016-09-13,6.0,84.27392256028357,54.83425086554555,2.0,464.0,26.0,1,1,0.9789649638811411,Low Risk
623,2,1,1,2016-09-14,10.0,85.39830086544613,81.27063360751606,1.0,169.0,16.0,1,1,0.7516994278930008,Low Risk
624,2,1,0,2016-09-15,4.0,68.99094544932755,44.66999484270052,3.0,278.0,41.0,1,1,0.9990295845594781,Low Risk
625,1,1,2,2016-09-16,4.0,81.59268120098449,28.917876695052563,2.0,274.0,8.0,1,1,0.9234513844275958,Low Risk
626,1,3,0,2016-09-17,7.0,68.19813690947032,106.52434251133228,4.0,577.0,61.0,1,1,0.99,Low Risk
627,2,2,1,2016-09-18,4.0,76.87950301290884,50.77658591791131,2.0,382.0,26.0,1,1,0.9821034346590929,Low Risk
628,1,0,0,2016-09-19,1.0,77.30295994823962,18.142317264717025,2.0,86.0,31.0,0,0,0.4729898223121908,Medium Risk
629,2,2,3,2016-09-20,4.0,79.09013628491147,51.33170425453453,1.0,226.0,1.0,1,1,0.6098877989613283,Medium Risk
630,2,0,0,2016-09-21,4.0,84.54361570432019,38.84392789560496,2.0,293.0,25.0,1,1,0.981685118609699,Low Risk
631,4,1,3,2016-09-22,4.0,69.12639341059824,50.52685406453162,4.0,613.0,28.0,1,1,0.9938989715668481,Low Risk
632,0,3,2,2016-09-23,7.0,82.7807993901289,93.32582367853747,3.0,830.0,77.0,1,1,0.9995,Low Risk
633,2,2,3,2016-09-24,4.0,75.14615618481804,45.69059106918179,2.0,96.0,32.0,0,1,0.5856189751901547,Medium Risk
634,3,3,0,2016-09-25,6.0,82.90280826707736,77.90002745070338,2.0,411.0,35.0,1,1,0.9972727272727272,Low Risk
635,0,0,1,2016-09-26,8.0,81.40371398056047,99.11873645297663,2.0,289.0,29.0,1,1,0.9811069882498452,Low Risk
636,0,3,3,2016-09-27,9.0,74.20378109769409,109.2628072666512,2.0,315.0,21.0,1,1,0.9897857142857143,Low Risk
637,0,3,2,2016-09-28,6.0,87.85984220763494,57.72378840474374,2.0,318.0,14.0,1,1,0.8062219319205317,Low Risk
638,4,2,3,2016-09-29,3.0,83.68088156457996,31.796956328974666,4.0,835.0,12.0,1,1,0.9768077546808196,Low Risk
639,2,1,3,2016-09-30,5.0,79.83408373065393,54.878988877999625,4.0,614.0,38.0,1,1,0.9865875938943988,Low Risk
640,4,3,3,2016-10-01,8.0,88.64699762181121,88.0896390484217,1.0,107.0,8.0,0,0,0.24614524527759823,High Risk
641,2,1,2,2016-10-02,3.0,75.08983056281805,28.452115072567803,1.0,110.0,6.0,0,0,0.31170333514083515,Medium Risk
642,4,0,0,2016-10-03,2.0,77.21777509248795,34.51616466870993,2.0,221.0,6.0,1,1,0.9213213213213213,Low Risk
643,4,3,3,2016-10-04,7.0,78.67861421707427,78.51217358220092,3.0,409.0,10.0,1,1,0.98,Low Risk
644,3,2,3,2016-10-05,6.0,81.54975978407423,82.9208178343328,3.0,356.0,43.0,1,1,0.9960313479623824,Low Risk
645,4,0,1,2016-10-06,3.0,73.71389296983632,29.157402374569187,3.0,563.0,53.0,1,1,0.9992034313725491,Low Risk
646,1,0,2,2016-10-07,8.0,86.75385858639366,70.53985545789614,3.0,923.0,54.0,1,1,1.0,Low Risk
647,3,2,3,2016-10-08,2.0,84.96143155417893,20.018440344166628,2.0,216.0,4.0,1,1,0.9396828095063389,Low Risk
648,4,3,2,2016-10-09,2.0,76.3551953322096,23.212603256785588,3.0,368.0,21.0,1,1,0.9976923076923078,Low Risk
649,0,3,3,2016-10-10,5.0,83.00851450505787,50.50416627807303,2.0,321.0,24.0,1,1,0.9586757024486731,Low Risk
650,1,0,0,2016-10-11,2.0,86.56031083746126,25.122519473604918,3.0,411.0,18.0,1,1,0.9346818181818182,Low Risk
651,1,3,0,2016-10-12,8.0,80.5008085824688,113.04305354268749,3.0,459.0,27.0,1,1,0.9915,Low Risk
652,1,1,3,2016-10-13,4.0,80.38076280822052,45.17406100558477,2.0,129.0,42.0,1,1,0.9713920565901648,Low Risk
653,3,2,0,2016-10-14,9.0,83.80785997328925,107.13311812439778,2.0,459.0,34.0,1,1,0.9985714285714287,Low Risk
654,4,1,3,2016-10-15,7.0,82.86551156028607,59.723375102466875,2.0,629.0,45.0,1,1,0.9938396864492924,Low Risk
655,4,3,0,2016-10-16,3.0,83.71240196446728,24.637373009662912,4.0,621.0,48.0,1,1,0.9890000000000001,Low Risk
656,0,0,1,2016-10-17,3.0,70.28688876287049,40.321139888338344,1.0,106.0,18.0,0,0,0.32713005648096927,Medium Risk
657,0,2,1,2016-10-18,3.0,82.28031478574165,24.51225062640881,2.0,137.0,22.0,1,1,0.937433227919038,Low Risk
658,1,3,1,2016-10-19,4.0,82.96162860659372,37.877455782854156,1.0,107.0,15.0,0,0,0.376738813221168,Medium Risk
659,0,3,2,2016-10-20,3.0,71.58379762690925,21.888202072123246,3.0,483.0,47.0,1,1,1.0,Low Risk
660,3,0,2,2016-10-21,7.0,83.38756191040564,64.51961479300749,2.0,98.0,15.0,0,0,0.47533256295867,Medium Risk
661,4,0,1,2016-10-22,8.0,76.46527567648671,98.14990423079024,2.0,577.0,41.0,1,1,0.9764484126984126,Low Risk
662,1,1,2,2016-10-23,5.0,75.4382084130296,66.56336474870632,1.0,224.0,3.0,1,1,0.7135875759495182,Low Risk
663,0,2,0,2016-10-24,3.0,82.82000183149732,31.350709177985088,2.0,343.0,27.0,1,1,0.9639546099397629,Low Risk
664,3,2,3,2016-10-25,3.0,82.24816225231027,29.42603620866349,3.0,416.0,39.0,1,1,0.9975870520622041,Low Risk
665,3,0,3,2016-10-26,9.0,79.84322777452856,123.61888431924804,2.0,340.0,28.0,1,1,0.9397156301683893,Low Risk
666,0,1,3,2016-10-27,14.0,85.8711703507247,153.57163075282278,3.0,688.0,36.0,1,1,0.94,Low Risk
667,4,2,1,2016-10-28,7.0,76.20706944870007,81.56722350236583,3.0,693.0,29.0,1,1,0.9998823529411764,Low Risk
668,0,0,2,2016-10-29,4.0,75.56376200121913,56.83065288543911,2.0,249.0,14.0,1,1,0.9267259873110101,Low Risk
669,1,3,0,2016-10-30,2.0,81.46627871897849,20.332340272673317,2.0,341.0,13.0,1,1,0.9203347078743093,Low Risk
670,0,2,0,2016-10-31,7.0,82.25772531089312,77.29119946306099,2.0,313.0,42.0,1,1,0.9995173894375268,Low Risk
671,3,1,1,2016-11-01,3.0,88.23942846324083,27.31045630925956,3.0,518.0,53.0,1,1,0.9994117647058823,Low Risk
672,0,1,0,2016-11-02,2.0,86.40371138367128,17.222249403975603,4.0,457.0,57.0,1,1,1.0,Low Risk
673,4,1,0,2016-11-03,5.0,87.48354511582986,56.00581870322083,0.0,0.0,0.0,0,0,0.011977886977886978,High Risk
674,2,3,0,2016-11-04,4.0,74.54681874635224,33.74931245971296,3.0,462.0,32.0,1,1,0.9847008547008547,Low Risk
675,0,2,0,2016-11-05,4.0,81.60629600482231,55.10938486839048,1.0,171.0,17.0,1,1,0.7764333674339525,Low Risk
676,4,2,2,2016-11-06,8.0,79.91850176191421,107.10565320430226,4.0,719.0,66.0,1,1,0.9994252873563219,Low Risk
677,4,3,0,2016-11-07,4.0,74.66289752658768,31.37606408509326,2.0,192.0,30.0,1,1,0.9916367521367522,Low Risk
678,3,2,3,2016-11-08,4.0,76.05180568472178,28.549555206802886,1.0,61.0,21.0,0,1,0.6713753982945159,Medium Risk
679,4,3,1,2016-11-09,6.0,74.26274343373127,84.08916514007224,2.0,354.0,43.0,1,1,1.0,Low Risk
680,4,3,2,2016-11-10,6.0,80.74271982878885,56.29503001624232,2.0,341.0,45.0,1,1,0.9994545454545454,Low Risk
681,4,3,0,2016-11-11,1.0,74.56578925067382,2.686321922989104,2.0,486.0,14.0,1,1,0.897451071043304,Low Risk
682,4,1,2,2016-11-12,8.0,77.56614814497895,101.72127264955333,2.0,169.0,23.0,1,1,0.9589176385480489,Low Risk
683,1,2,0,2016-11-13,2.0,83.59414512136664,16.925023496056706,3.0,678.0,57.0,1,1,0.9866350364963503,Low Risk
684,1,3,3,2016-11-14,5.0,78.67963213810903,61.41311596840468,2.0,255.0,12.0,1,1,0.9679848001474375,Low Risk
685,3,2,1,2016-11-15,3.0,74.82198035880194,44.95969592150347,2.0,221.0,17.0,1,1,0.9725574123862073,Low Risk
686,0,1,0,2016-11-16,7.0,80.68316811489254,84.4064958467879,0.0,0.0,0.0,0,0,0.04083333333333333,High Risk
687,4,3,0,2016-11-17,7.0,77.32521034088712,51.64909572874544,2.0,343.0,10.0,1,1,0.9964376400298731,Low Risk
688,0,0,0,2016-11-18,4.0,70.54245296692892,52.45786050687556,1.0,101.0,18.0,0,1,0.6902518315018316,Medium Risk
689,0,1,0,2016-11-19,6.0,83.09270076131317,73.96116906921641,2.0,270.0,22.0,1,1,0.9841931410941217,Low Risk
690,3,0,1,2016-11-20,5.0,82.39484635571309,37.9700912320786,2.0,417.0,39.0,1,1,0.9666594971321862,Low Risk
691,4,2,1,2016-11-21,9.0,75.89574467068958,127.19126435188699,1.0,313.0,26.0,1,1,0.9192645981469509,Low Risk
692,4,2,3,2016-11-22,4.0,74.99916643648385,44.58124911940307,3.0,605.0,58.0,1,1,0.9988370520622041,Low Risk
693,2,1,1,2016-11-23,3.0,91.64502384578589,46.68013543560784,0.0,0.0,0.0,0,0,0.11309909909909908,High Risk
694,0,2,0,2016-11-24,5.0,79.28537466891896,42.5207169502384,1.0,190.0,5.0,1,1,0.7782173948279852,Low Risk
695,0,0,3,2016-11-25,2.0,92.87538512432955,20.70362890634994,1.0,161.0,1.0,1,1,0.7641558441558441,Low Risk
696,1,3,3,2016-11-26,5.0,82.02303659066749,62.010650417015455,2.0,622.0,38.0,1,1,0.992859095079434,Low Risk
697,2,3,3,2016-11-27,4.0,75.67541042758458,34.71929903576007,3.0,430.0,24.0,1,1,0.9886980519480519,Low Risk
698,1,3,0,2016-11-28,4.0,82.07981512892665,59.610536779022254,2.0,574.0,18.0,1,1,0.9147861576889553,Low Risk
699,1,1,2,2016-11-29,3.0,81.63384574080398,25.422266886809325,2.0,450.0,44.0,1,1,0.9908781179962812,Low Risk
700,1,2,0,2016-11-30,3.0,77.84167231333971,26.562420577422937,2.0,267.0,24.0,1,1,0.9632271095544955,Low Risk
701,3,0,1,2016-12-01,5.0,71.41391360990151,37.61583218223542,3.0,848.0,86.0,1,1,0.9972916666666667,Low Risk
702,3,2,1,2016-12-02,3.0,80.88763864165126,27.614240027983236,1.0,196.0,5.0,1,1,0.6197491206825427,Medium Risk
703,1,2,0,2016-12-03,5.0,88.21382704620757,52.54436352494625,2.0,471.0,47.0,1,1,0.9962953995157386,Low Risk
704,2,2,0,2016-12-04,7.0,79.53021943142916,60.40303701267574,4.0,1045.0,87.0,1,1,0.9945173894375268,Low Risk
705,0,3,3,2016-12-05,5.0,84.84912510978486,60.630017316475865,3.0,425.0,26.0,1,1,0.9906067334060198,Low Risk
706,2,0,0,2016-12-06,5.0,81.72276008872116,55.33278865894752,4.0,358.0,27.0,1,1,0.9994117647058823,Low Risk
707,4,0,3,2016-12-07,4.0,87.49983078755324,45.77181108059071,1.0,208.0,19.0,1,1,0.871380065411025,Low Risk
708,3,2,1,2016-12-08,4.0,79.70923635252467,30.220604965682263,3.0,435.0,41.0,1,1,0.9960790400417373,Low Risk
709,0,3,3,2016-12-09,6.0,89.65862300454897,62.95591092578334,4.0,759.0,61.0,1,1,0.998282172002511,Low Risk
710,0,3,0,2016-12-10,2.0,83.93584182970463,16.405478358771546,4.0,627.0,41.0,1,1,1.0,Low Risk
711,4,0,1,2016-12-11,4.0,73.91340170939705,56.794155783677255,2.0,227.0,17.0,1,1,0.9668293669170075,Low Risk
712,4,3,2,2016-12-12,4.0,84.60649042122836,44.78022582305029,1.0,53.0,3.0,0,0,0.21098520923520925,High Risk
713,1,3,3,2016-12-13,4.0,78.43433656869409,46.20364292935304,3.0,301.0,46.0,1,1,0.988782172002511,Low Risk
714,3,3,1,2016-12-14,3.0,83.81243619600565,34.79288337918878,3.0,322.0,39.0,1,1,0.9973333333333333,Low Risk
715,3,1,3,2016-12-15,3.0,83.50054136144489,36.53913270268911,1.0,162.0,2.0,1,0,0.3955437525501047,Medium Risk
716,2,2,1,2016-12-16,6.0,77.74307743060682,85.23098844771839,2.0,254.0,6.0,1,1,0.9558075230092037,Low Risk
717,1,0,1,2016-12-17,7.0,79.82857657715559,76.70357522893899,1.0,478.0,33.0,1,1,0.8603038073038073,Low Risk
718,1,0,3,2016-12-18,4.0,78.29324159030574,41.1444181918759,2.0,228.0,30.0,1,1,0.8939795590490744,Low Risk
719,1,1,2,2016-12-19,6.0,82.24494700272531,79.03717818851281,0.0,0.0,0.0,0,0,0.012833333333333332,High Risk
720,1,2,1,2016-12-20,6.0,81.05349795928724,51.58203616457682,3.0,415.0,35.0,1,1,0.9982589729062985,Low Risk
721,3,0,1,2016-12-21,5.0,81.88857227175201,48.301908349766805,1.0,215.0,17.0,1,1,0.7260549026121196,Low Risk
722,3,3,1,2016-12-22,5.0,77.74759388647108,41.60074918314816,2.0,464.0,13.0,1,1,0.9316991701664031,Low Risk
723,1,0,2,2016-12-23,4.0,77.28952077392438,56.07301065165198,3.0,787.0,71.0,1,1,0.9990334855403349,Low Risk
724,2,3,2,2016-12-24,4.0,74.17611651174543,50.96029729174074,2.0,461.0,20.0,1,1,0.9534005438958729,Low Risk
725,0,1,0,2016-12-25,7.0,76.02158662021131,75.95368933007057,2.0,401.0,9.0,1,1,0.9625712041226748,Low Risk
726,0,3,3,2016-12-26,9.0,86.04007900954667,91.10221211989229,4.0,729.0,87.0,1,1,0.9766666666666666,Low Risk
727,2,0,2,2016-12-27,4.0,88.7904745169605,32.167792359701274,2.0,232.0,17.0,1,1,0.9700487927627189,Low Risk
728,1,0,3,2016-12-28,3.0,71.07047919244958,41.21976328837114,1.0,29.0,11.0,0,0,0.28260262313000645,High Risk
729,3,0,0,2016-12-29,7.0,77.96298391236651,70.72062499340792,4.0,259.0,41.0,1,1,1.0,Low Risk
730,0,1,3,2016-12-30,5.0,85.30927686441467,54.921431145070414,2.0,40.0,29.0,0,1,0.5123329270564665,Medium Risk
731,4,1,2,2016-12-31,1.0,96.93941795008078,15.125613993744505,3.0,449.0,46.0,1,1,0.96,Low Risk
732,4,2,3,2017-01-01,7.0,73.90407249046065,88.09893981499349,1.0,224.0,5.0,1,1,0.7525200951009775,Low Risk
733,2,0,2,2017-01-02,1.0,90.13980592317044,15.623184898903949,3.0,363.0,43.0,1,1,0.97,Low Risk
734,1,3,3,2017-01-03,7.0,80.33640823713908,89.71769375692595,3.0,538.0,44.0,1,1,0.9989629629629629,Low Risk
735,0,1,2,2017-01-04,3.0,80.26777418611856,18.797645979873707,2.0,175.0,19.0,1,1,0.9529638610286187,Low Risk
736,1,0,2,2017-01-05,3.0,83.35990472794332,48.25301818402174,2.0,153.0,20.0,1,1,0.9691210836272866,Low Risk
737,0,0,3,2017-01-06,4.0,82.0740143985335,66.64242853852119,2.0,229.0,19.0,1,1,0.9349363163164517,Low Risk
738,2,1,0,2017-01-07,9.0,80.66386990922986,82.68841122323093,3.0,542.0,53.0,1,1,0.9895173894375268,Low Risk
739,2,2,1,2017-01-08,1.0,73.4483899273861,18.57433952607919,3.0,605.0,49.0,1,1,0.9953081134194274,Low Risk
740,4,1,0,2017-01-09,6.0,78.25339117096182,55.51339013801838,3.0,569.0,22.0,1,1,0.9787101917690153,Low Risk
741,1,1,3,2017-01-10,8.0,75.46840184840201,116.88245935695022,2.0,298.0,30.0,1,1,0.8849028328057074,Low Risk
742,4,3,0,2017-01-11,4.0,82.55131393923344,42.93586884514429,1.0,75.0,9.0,0,1,0.5681383660555677,Medium Risk
743,1,3,2,2017-01-12,4.0,74.0166020800062,49.97460623665373,4.0,693.0,58.0,1,1,1.0,Low Risk
744,4,2,1,2017-01-13,6.0,81.11739620843339,70.44330395031287,2.0,325.0,34.0,1,1,0.9985212418300654,Low Risk
745,3,0,3,2017-01-14,5.0,84.67969277504247,71.54131556827679,4.0,656.0,54.0,1,1,1.0,Low Risk
746,3,1,3,2017-01-15,4.0,79.70997660276623,54.34354437741928,4.0,999.0,73.0,1,1,0.9954431126682647,Low Risk
747,3,2,3,2017-01-16,1.0,77.7424411005824,6.21382262923014,4.0,453.0,40.0,1,1,0.9875,Low Risk
748,3,3,1,2017-01-17,7.0,78.60713550296609,70.72205575946583,2.0,162.0,16.0,1,1,0.9864397331748234,Low Risk
749,0,1,2,2017-01-18,1.0,75.92222937403079,4.843471121796832,2.0,351.0,28.0,1,1,0.9718487117100255,Low Risk
750,3,0,3,2017-01-19,5.0,80.97343330824268,47.038588855962,2.0,277.0,23.0,1,1,0.9617385623256332,Low Risk
751,2,3,0,2017-01-20,4.0,75.86195342827354,36.53500892077578,1.0,194.0,13.0,1,1,0.8427080581024268,Low Risk
752,2,3,3,2017-01-21,11.0,74.59865507874044,108.82398360972623,3.0,477.0,62.0,1,1,0.99,Low Risk
753,0,3,3,2017-01-22,7.0,76.31150968943712,58.872778162915886,1.0,157.0,13.0,1,1,0.8013141962115747,Low Risk
754,3,2,3,2017-01-23,5.0,79.39814140140027,56.65287898017748,2.0,372.0,42.0,1,1,0.9667082999233899,Low Risk
755,3,0,3,2017-01-24,4.0,73.07653935285839,56.54364282066578,0.0,0.0,0.0,0,0,0.008682432432432432,High Risk
756,3,1,2,2017-01-25,8.0,80.56497286016352,73.5774321496411,2.0,423.0,16.0,1,1,0.9337351829084504,Low Risk
757,4,2,0,2017-01-26,2.0,70.7062956235285,23.80959978580018,2.0,67.0,19.0,0,0,0.4630044898467229,Medium Risk
758,1,2,2,2017-01-27,5.0,89.69131092668835,63.15075024771705,3.0,736.0,46.0,1,1,0.9985969868173258,Low Risk
759,4,2,0,2017-01-28,5.0,75.52730226879086,67.02440326532374,1.0,72.0,9.0,0,0,0.43043876188729135,Medium Risk
760,1,3,3,2017-01-29,6.0,83.12854644871692,73.00428681339793,4.0,628.0,26.0,1,1,0.998782172002511,Low Risk
761,3,0,1,2017-01-30,6.0,83.9764137405035,54.464174569769,2.0,168.0,18.0,1,1,0.9471093940763191,Low Risk
762,3,2,2,2017-01-31,2.0,76.22065490685503,11.18652042065842,0.0,0.0,0.0,0,0,0.16488888888888886,High Risk
763,4,1,1,2017-02-01,9.0,85.80504853956538,92.37847829090931,2.0,256.0,10.0,1,1,0.9908228337834878,Low Risk
764,4,0,2,2017-02-02,7.0,76.3325005969575,75.21338077984761,1.0,138.0,2.0,1,1,0.7980076492135316,Low Risk
765,1,1,3,2017-02-03,4.0,80.77634591649883,37.27235400713517,3.0,304.0,32.0,1,1,0.9684379165364005,Low Risk
766,2,0,2,2017-02-04,9.0,81.45234681939763,105.26786604295623,2.0,249.0,10.0,1,1,0.9517336107258437,Low Risk
767,1,1,3,2017-02-05,7.0,83.90918355745194,68.75149093755188,2.0,246.0,35.0,1,1,0.9579677700396103,Low Risk
768,4,3,2,2017-02-06,3.0,79.12087262985408,24.213342411288068,4.0,792.0,37.0,1,1,0.98,Low Risk
769,4,2,3,2017-02-07,6.0,83.3050918569056,46.81809364898127,2.0,368.0,15.0,1,1,0.9333247546408249,Low Risk
770,0,1,3,2017-02-08,6.0,85.80776197590232,59.24450353998344,3.0,895.0,57.0,1,1,0.9768536005739397,Low Risk
771,4,0,0,2017-02-09,6.0,78.97430184330197,54.3752533509374,1.0,223.0,6.0,1,1,0.7774857750093045,Low Risk
772,0,2,3,2017-02-10,7.0,87.2250872251038,68.4525034926227,1.0,23.0,9.0,0,0,0.2580315256638786,High Risk
773,2,2,0,2017-02-11,4.0,76.9102400743565,33.65755326549215,1.0,249.0,17.0,1,1,0.8181670303657588,Low Risk
774,1,0,3,2017-02-12,3.0,73.843493886502,37.079650627135536,1.0,302.0,26.0,1,1,0.8075772084002576,Low Risk
775,1,1,1,2017-02-13,2.0,70.59240842717341,21.06204154074079,3.0,831.0,26.0,1,1,0.9967080519512153,Low Risk
776,0,3,3,2017-02-14,3.0,82.37325364439033,17.04480862265261,1.0,189.0,30.0,1,1,0.9169188034188035,Low Risk
777,1,3,1,2017-02-15,3.0,83.19109941815412,14.297674669818967,3.0,238.0,29.0,1,1,0.97,Low Risk
778,4,1,1,2017-02-16,1.0,79.83049409827008,19.571654304266374,2.0,478.0,18.0,1,1,0.9195852701775031,Low Risk
779,3,2,3,2017-02-17,3.0,85.03739452418435,34.2855883050529,4.0,830.0,72.0,1,1,0.9881617647058824,Low Risk
780,0,2,1,2017-02-18,7.0,76.7463520516601,61.03306071333789,2.0,163.0,49.0,1,1,0.9955295074564942,Low Risk
781,1,2,0,2017-02-19,6.0,70.69524322277132,77.93574042312027,0.0,0.0,0.0,0,0,0.03,High Risk
782,0,2,2,2017-02-20,10.0,77.0723027511076,109.93406971540684,4.0,609.0,30.0,1,1,0.9796350364963504,Low Risk
783,0,1,3,2017-02-21,7.0,83.75202034915073,78.76446595309552,3.0,616.0,50.0,1,1,0.9787646661259801,Low Risk
784,3,2,1,2017-02-22,2.0,72.98409831344591,17.530351336945994,1.0,94.0,5.0,0,0,0.3653616698616699,Medium Risk
785,4,0,3,2017-02-23,5.0,86.05784238044951,53.448138732558704,2.0,234.0,23.0,1,1,0.9696732155808746,Low Risk
786,0,2,0,2017-02-24,3.0,87.2976673982851,46.41228587839398,2.0,121.0,15.0,1,1,0.9665066649466805,Low Risk
787,1,3,3,2017-02-25,5.0,74.38847626641441,52.19997820030141,3.0,388.0,26.0,1,1,0.9983333333333334,Low Risk
788,2,2,3,2017-02-26,6.0,78.15516859189388,83.12147554189548,3.0,559.0,16.0,1,1,0.9474085183994666,Low Risk
789,0,1,1,2017-02-27,7.0,81.15819316839793,63.7598335162773,3.0,441.0,38.0,1,1,0.9941064305334172,Low Risk
790,0,3,0,2017-02-28,4.0,88.16123091213129,51.09353734314318,2.0,414.0,48.0,1,1,0.9982294654498044,Low Risk
791,3,1,2,2017-03-01,9.0,76.01557159313906,93.15806028435213,2.0,312.0,32.0,1,1,0.963502848683883,Low Risk
792,4,1,2,2017-03-02,4.0,73.3462231612676,35.754735306110845,1.0,202.0,16.0,1,1,0.7529430313880817,Low Risk
793,2,3,1,2017-03-03,7.0,80.00574427563308,68.858619672335,3.0,999.0,84.0,1,1,1.0,Low Risk
794,1,1,3,2017-03-04,4.0,75.11760343960817,31.948826416847027,2.0,412.0,38.0,1,1,0.9681215871707849,Low Risk
795,2,1,1,2017-03-05,9.0,68.62730778575757,103.05375054961246,4.0,498.0,40.0,1,1,0.9995173894375268,Low Risk
796,1,2,1,2017-03-06,9.0,80.82278104204215,95.04592694318977,1.0,60.0,17.0,0,0,0.35926417156436247,Medium Risk
797,4,0,1,2017-03-07,7.0,79.6101220214823,86.4101533928725,2.0,731.0,41.0,1,1,0.9993055555555556,Low Risk
798,1,1,3,2017-03-08,5.0,82.58625577888942,50.17751484434475,4.0,538.0,33.0,1,1,0.9862093147288513,Low Risk
799,3,1,0,2017-03-09,2.0,94.49388334684106,23.774752715040876,4.0,1231.0,65.0,1,1,0.9794117647058823,Low Risk
800,3,1,1,2017-03-10,10.0,80.4388859629109,87.41877202610864,3.0,435.0,30.0,1,1,1.0,Low Risk
801,3,2,3,2017-03-11,2.0,82.04054301336882,34.570214096822276,2.0,383.0,42.0,1,1,0.9503337840883479,Low Risk
802,3,0,0,2017-03-12,6.0,76.84603159475732,78.7478288042655,1.0,258.0,13.0,1,1,0.8061047523554873,Low Risk
803,2,3,1,2017-03-13,5.0,75.35917459642731,64.43929115044418,3.0,543.0,46.0,1,1,0.9969230769230769,Low Risk
804,4,2,2,2017-03-14,2.0,80.55125278028135,35.195645011916994,4.0,835.0,65.0,1,1,0.9832488167680864,Low Risk
805,1,2,0,2017-03-15,4.0,85.39814245541409,43.71583761710247,3.0,455.0,21.0,1,1,0.969278804999144,Low Risk
806,1,0,1,2017-03-16,2.0,86.29996873729164,14.416761656615495,2.0,346.0,23.0,1,1,0.9476256742179072,Low Risk
807,3,0,0,2017-03-17,11.0,77.87122739832809,125.96690449891723,2.0,149.0,20.0,1,1,0.9829397331748234,Low Risk
808,3,2,0,2017-03-18,3.0,76.61021474970657,28.293443028862374,4.0,754.0,49.0,1,1,0.9962171945701357,Low Risk
809,0,3,0,2017-03-19,4.0,74.3600703359204,43.50003313145767,3.0,587.0,66.0,1,1,0.9969230769230769,Low Risk
810,4,2,0,2017-03-20,5.0,81.30420915706245,72.35807047628624,3.0,742.0,33.0,1,1,0.9998823529411764,Low Risk
811,2,0,0,2017-03-21,5.0,73.14655064350961,65.33568799093405,5.0,741.0,56.0,1,1,0.9925367647058825,Low Risk
812,1,3,0,2017-03-22,6.0,72.30180903517042,47.44815009580569,2.0,336.0,27.0,1,1,0.9374573768719783,Low Risk
813,0,0,1,2017-03-23,5.0,84.33704941033149,46.7951074532553,3.0,376.0,25.0,1,1,0.9890627253064167,Low Risk
814,0,3,2,2017-03-24,5.0,88.7736326776134,71.09837379354857,3.0,519.0,33.0,1,1,0.9979858757062148,Low Risk
815,1,1,3,2017-03-25,4.0,84.82421046548401,42.6955538981248,2.0,260.0,34.0,1,1,0.98838848640556,Low Risk
816,2,0,0,2017-03-26,5.0,72.09881716403355,61.93561523767734,3.0,309.0,25.0,1,1,0.9947404970760235,Low Risk
817,0,0,3,2017-03-27,3.0,84.84526457928509,40.56149660856967,1.0,251.0,20.0,1,1,0.7292105287835778,Low Risk
818,0,2,1,2017-03-28,5.0,78.21313517206887,61.274932586567864,1.0,318.0,30.0,1,1,0.9449135506699471,Low Risk
819,4,0,0,2017-03-29,8.0,78.50349683005659,58.90982947683945,1.0,35.0,23.0,0,0,0.39416834440069726,Medium Risk
820,2,0,2,2017-03-30,3.0,74.00952335663129,42.132265663860146,1.0,321.0,32.0,1,1,0.8907669835611013,Low Risk
821,0,1,3,2017-03-31,6.0,70.08609410956372,56.37636440167258,1.0,102.0,1.0,0,0,0.36530857839478537,Medium Risk
822,2,0,0,2017-04-01,6.0,89.22112471143292,65.945948064328,2.0,294.0,37.0,1,1,0.9987755102040816,Low Risk
823,1,1,1,2017-04-02,2.0,67.95546133224994,24.336499274796623,1.0,124.0,18.0,1,1,0.5241792665301794,Medium Risk
824,3,1,2,2017-04-03,5.0,80.303697005384,39.459751044624205,2.0,291.0,15.0,1,1,0.8689390379787522,Low Risk
825,0,1,3,2017-04-04,6.0,76.21272229991463,54.24231351738681,4.0,743.0,57.0,1,1,0.9974315369510737,Low Risk
826,4,1,3,2017-04-05,4.0,83.64952036657337,34.677600059864425,3.0,462.0,29.0,1,1,0.9857817806548457,Low Risk
827,1,3,0,2017-04-06,6.0,84.87222931210869,64.02705245899048,2.0,175.0,34.0,1,1,0.9791525423728814,Low Risk
828,2,2,2,2017-04-07,6.0,77.84760818932607,65.95966215134156,1.0,130.0,7.0,1,1,0.6839918019541499,Medium Risk
829,1,3,2,2017-04-08,5.0,80.3268926362199,46.44970705017096,0.0,0.0,0.0,0,0,0.0,
830,0,0,2,2017-04-09,2.0,79.04059599491485,13.721079535077374,1.0,409.0,13.0,1,1,0.5871415934189768,Medium Risk
831,2,3,2,2017-04-10,7.0,84.36034192465597,72.39216034679052,3.0,579.0,26.0,1,1,1.0,Low Risk
832,3,3,1,2017-04-11,2.0,78.48837031814344,22.776065434051944,1.0,324.0,35.0,1,1,0.8602348224743923,Low Risk
833,1,0,2,2017-04-12,4.0,78.86904758821005,49.793559348330355,2.0,308.0,42.0,1,1,0.9856238753092961,Low Risk
834,0,0,3,2017-04-13,5.0,77.70273638098837,58.29725027342786,2.0,117.0,30.0,0,1,0.5564049454316974,Medium Risk
835,4,0,3,2017-04-14,4.0,82.53242504779652,61.26671645775905,4.0,763.0,69.0,1,1,0.9837450980392157,Low Risk
836,2,3,1,2017-04-15,0.0,0.0,0.0,1.0,120.0,4.0,0,0,0.2337393162393162,High Risk
837,1,3,3,2017-04-16,6.0,82.74014845249175,33.95547978205605,3.0,264.0,39.0,1,1,0.9773343605546995,Low Risk
838,1,0,3,2017-04-17,6.0,85.68519063129129,79.02442902312609,0.0,0.0,0.0,0,0,0.07857142857142857,High Risk
839,3,2,2,2017-04-18,3.0,74.1664598880118,47.67373089491662,2.0,369.0,21.0,1,1,0.9517860528651546,Low Risk
840,3,2,3,2017-04-19,5.0,69.01227596395013,58.73316290166462,2.0,285.0,19.0,1,1,0.9641417722919265,Low Risk
841,4,1,1,2017-04-20,8.0,83.95517682618565,91.02799066335643,5.0,841.0,67.0,1,1,1.0,Low Risk
842,4,0,2,2017-04-21,2.0,71.13278192890907,27.851127557613168,4.0,612.0,62.0,1,1,0.99,Low Risk
843,0,1,0,2017-04-22,7.0,83.54122382433177,90.37510739951405,3.0,348.0,28.0,1,1,0.9995173894375268,Low Risk
844,0,2,2,2017-04-23,2.0,81.59763229618765,23.50649366216222,1.0,57.0,9.0,0,0,0.3597535833461423,Medium Risk
845,4,1,1,2017-04-24,3.0,93.39033682883826,43.023778653955006,2.0,111.0,8.0,0,0,0.3659569376890805,Medium Risk
846,4,0,2,2017-04-25,6.0,88.11617460755203,68.80484209067428,2.0,433.0,26.0,1,1,0.9727408248565884,Low Risk
847,2,0,2,2017-04-26,8.0,87.62239996600624,99.18850610613761,1.0,39.0,12.0,0,0,0.2285739633173844,High Risk
848,3,0,1,2017-04-27,3.0,79.37540414554827,23.582183440116744,3.0,359.0,31.0,1,1,0.9985026737967914,Low Risk
849,0,3,2,2017-04-28,2.0,70.82067173623398,31.21637478696713,1.0,343.0,28.0,1,1,0.920011396011396,Low Risk
850,3,1,1,2017-04-29,3.0,91.29870537006553,26.21693240513439,2.0,186.0,27.0,1,1,0.9753394582493393,Low Risk
851,3,2,1,2017-04-30,3.0,72.40961770523474,37.018902671735376,2.0,188.0,6.0,1,1,0.9065970965309201,Low Risk
852,4,2,0,2017-05-01,10.0,77.86805933642118,104.35916030150928,3.0,558.0,55.0,1,1,1.0,Low Risk
853,2,2,3,2017-05-02,8.0,79.12708244090325,100.7695445573912,3.0,299.0,23.0,1,1,0.9932269905193388,Low Risk
854,1,3,3,2017-05-03,2.0,89.45366502918404,19.88750135538479,1.0,423.0,20.0,1,1,0.8998076923076924,Low Risk
855,2,3,2,2017-05-04,6.0,81.3499942846503,80.45175014914287,3.0,442.0,43.0,1,1,0.9991525423728814,Low Risk
856,2,0,2,2017-05-05,5.0,78.79185583840295,53.13818413397015,3.0,386.0,14.0,1,1,0.9603288036801295,Low Risk
857,3,2,0,2017-05-06,3.0,75.25431375170577,22.09948690647157,1.0,18.0,18.0,0,0,0.4104991375295357,Medium Risk
858,2,3,0,2017-05-07,4.0,79.10939309583415,62.41612715086144,2.0,392.0,33.0,1,1,0.9960389892593282,Low Risk
859,0,0,0,2017-05-08,7.0,83.06483741315972,85.9962806297238,4.0,588.0,39.0,1,1,1.0,Low Risk
860,3,2,1,2017-05-09,5.0,76.35722715646506,52.37979358135943,5.0,704.0,106.0,1,1,0.993489921842863,Low Risk
861,0,1,0,2017-05-10,4.0,83.91751678863824,57.79643348088642,3.0,855.0,50.0,1,1,0.9959304360120889,Low Risk
862,1,0,0,2017-05-11,8.0,76.24387220424346,96.29212470722868,1.0,73.0,10.0,0,0,0.35573407842157834,Medium Risk
863,3,3,2,2017-05-12,4.0,79.98818494142473,34.35103261489648,2.0,84.0,18.0,0,1,0.5479629337076435,Medium Risk
864,1,3,0,2017-05-13,7.0,68.62577263071621,50.49337265000637,3.0,241.0,30.0,1,1,0.99,Low Risk
865,3,0,1,2017-05-14,4.0,80.60260134478985,62.55406427615398,3.0,374.0,54.0,1,1,0.9994117647058823,Low Risk
866,4,0,1,2017-05-15,9.0,81.57722435115517,115.69792374573986,2.0,363.0,25.0,1,1,0.9861415472337802,Low Risk
867,2,3,2,2017-05-16,6.0,78.97935684745683,85.51353736852111,2.0,275.0,16.0,1,1,0.9557618870955771,Low Risk
868,4,1,0,2017-05-17,8.0,77.43665852927307,96.63024093701944,2.0,303.0,32.0,1,1,0.9363307656395891,Low Risk
869,1,2,0,2017-05-18,3.0,73.8078113379351,38.3603143095919,1.0,232.0,5.0,1,1,0.7082678663497348,Low Risk
870,2,1,1,2017-05-19,5.0,80.13920982933644,46.81317550060848,2.0,237.0,45.0,1,1,0.9813329660558877,Low Risk
871,3,0,0,2017-05-20,6.0,83.60242186285708,87.32035645061819,2.0,302.0,12.0,1,1,0.9586510831203578,Low Risk
872,2,1,0,2017-05-21,4.0,68.3609056422855,47.9724742138735,2.0,195.0,25.0,1,1,0.9769689487270492,Low Risk
873,0,3,0,2017-05-22,7.0,82.15078981980659,81.02903849632249,3.0,673.0,44.0,1,1,1.0,Low Risk
874,2,0,3,2017-05-23,3.0,89.32229604025099,23.081085933165713,1.0,378.0,25.0,1,1,0.8732270882712059,Low Risk
875,0,2,2,2017-05-24,8.0,72.21685094010753,78.17269095736565,2.0,202.0,35.0,1,1,0.9990603238526723,Low Risk
876,2,3,3,2017-05-25,4.0,85.46306146651938,56.63089595362343,4.0,802.0,51.0,1,1,0.988782172002511,Low Risk
877,0,3,2,2017-05-26,8.0,77.3624034177585,90.02072766355906,3.0,580.0,26.0,1,1,0.9975,Low Risk
878,1,2,1,2017-05-27,8.0,81.58413916065682,94.73992214179849,3.0,595.0,21.0,1,1,0.9743507227708601,Low Risk
879,4,2,0,2017-05-28,5.0,82.91729055780237,55.79332254369662,3.0,722.0,55.0,1,1,0.9992941176470588,Low Risk
880,3,1,2,2017-05-29,6.0,75.79629564661393,64.31806593092192,2.0,247.0,26.0,1,1,0.7188426425922,Low Risk
881,2,0,3,2017-05-30,5.0,74.53418371741184,49.637338901622066,3.0,480.0,39.0,1,1,0.9994117647058823,Low Risk
882,4,2,0,2017-05-31,5.0,78.83891529174223,46.37915095119267,0.0,0.0,0.0,0,0,0.03743243243243243,High Risk
883,3,2,1,2017-06-01,1.0,60.55748229154921,12.347494317036324,4.0,714.0,35.0,1,1,0.99875,Low Risk
884,3,0,2,2017-06-02,3.0,78.54380145426832,21.587223384568933,3.0,236.0,35.0,1,1,0.9985026737967914,Low Risk
885,0,2,2,2017-06-03,6.0,89.40945496576347,44.80567054813962,3.0,567.0,46.0,1,1,0.9585643070787637,Low Risk
886,1,2,2,2017-06-04,4.0,80.78245078566617,48.36978830171891,3.0,260.0,24.0,1,1,0.9780982598064999,Low Risk
887,1,1,0,2017-06-05,9.0,80.89167664631834,82.95343917439736,1.0,418.0,15.0,1,1,0.745770364445555,Low Risk
888,4,3,3,2017-06-06,10.0,76.98541908055665,88.8736891303073,0.0,0.0,0.0,0,0,0.051428571428571435,High Risk
889,1,3,3,2017-06-07,4.0,71.0828898364509,45.24419011627166,3.0,579.0,52.0,1,1,0.99,Low Risk
890,2,3,2,2017-06-08,4.0,79.1484198726916,53.55364295064611,0.0,0.0,0.0,0,0,0.02125,High Risk
891,1,3,1,2017-06-09,6.0,79.40903742234205,69.88202020786923,2.0,430.0,35.0,1,1,0.9986525423728814,Low Risk
892,4,2,1,2017-06-10,2.0,78.21109305682276,18.75306254258478,3.0,448.0,35.0,1,1,0.9881617647058824,Low Risk
893,1,0,3,2017-06-11,6.0,80.10420810712414,84.02233280940595,2.0,381.0,45.0,1,1,0.9689413194018457,Low Risk
894,2,0,1,2017-06-12,3.0,82.06052756845037,31.977363931034454,2.0,248.0,4.0,1,1,0.8282657657657657,Low Risk
895,0,1,3,2017-06-13,5.0,88.89449322908938,65.91092534712811,4.0,662.0,37.0,1,1,0.996298045018384,Low Risk
896,4,1,2,2017-06-14,7.0,85.80101620306964,92.82906585494932,1.0,270.0,10.0,1,1,0.7748902359955738,Low Risk
897,0,2,3,2017-06-15,9.0,79.47466201193782,103.70691347914874,2.0,135.0,10.0,1,1,0.9753924203276259,Low Risk
898,0,0,3,2017-06-16,6.0,86.30365708971762,75.93966784113306,4.0,240.0,59.0,1,1,0.9977010582010583,Low Risk
899,0,0,2,2017-06-17,8.0,84.16061463351257,91.5420521596635,3.0,404.0,23.0,1,1,0.995,Low Risk
900,3,3,1,2017-06-18,8.0,77.57281931297807,122.35995118722096,1.0,206.0,1.0,1,0,0.3746671122994652,Medium Risk
901,3,2,3,2017-06-19,4.0,86.06822085701407,32.43765631119537,3.0,353.0,38.0,1,1,0.9966844919786095,Low Risk
902,0,2,3,2017-06-20,4.0,86.45163531097649,42.55450481735963,1.0,230.0,19.0,1,1,0.7352627291209992,Low Risk
903,4,3,2,2017-06-21,1.0,81.2596423616106,6.585424337221422,4.0,687.0,34.0,1,1,0.985,Low Risk
904,2,2,1,2017-06-22,3.0,87.53582250633978,25.477950535947567,2.0,148.0,3.0,1,1,0.869150381150381,Low Risk
905,2,2,3,2017-06-23,7.0,79.78654518596706,85.0143205235103,1.0,329.0,22.0,1,1,0.8568470167395916,Low Risk
906,1,1,2,2017-06-24,4.0,85.73098132181039,49.62972126952091,1.0,47.0,4.0,0,0,0.2341850266591646,High Risk
907,4,0,3,2017-06-25,8.0,79.89236977988297,85.6176038169942,3.0,409.0,37.0,1,1,0.985,Low Risk
908,3,2,0,2017-06-26,9.0,81.15770805346104,100.70643962798309,1.0,50.0,15.0,0,0,0.4437122465014079,Medium Risk
909,0,1,2,2017-06-27,4.0,69.6213381428951,50.50174507660843,1.0,152.0,9.0,1,1,0.7755089254333676,Low Risk
910,1,0,1,2017-06-28,3.0,83.05775233032752,27.12015014803378,1.0,128.0,2.0,1,1,0.7469309049343132,Low Risk
911,2,3,1,2017-06-29,6.0,81.9043347403702,87.60874154119311,4.0,393.0,54.0,1,1,0.9991525423728814,Low Risk
912,3,1,1,2017-06-30,7.0,79.12531495963187,64.23958924125283,1.0,27.0,18.0,0,0,0.4929833566011998,Medium Risk
913,3,1,1,2017-07-01,3.0,78.33179199071225,38.626541443724605,2.0,240.0,27.0,1,1,0.9873390267618065,Low Risk
914,0,0,3,2017-07-02,8.0,78.84309676375975,88.91457453004911,2.0,284.0,31.0,1,1,0.9076251818357082,Low Risk
915,2,3,3,2017-07-03,3.0,74.19737493340602,18.868259636194622,2.0,219.0,19.0,1,1,0.8994154465370915,Low Risk
916,4,1,1,2017-07-04,6.0,85.57770724908808,83.60639608834336,3.0,429.0,36.0,1,1,1.0,Low Risk
917,3,2,1,2017-07-05,7.0,77.64675965471254,75.09796837504055,3.0,443.0,25.0,1,1,0.9998823529411764,Low Risk
918,0,2,1,2017-07-06,4.0,81.08769570198015,46.33508602781669,2.0,774.0,32.0,1,1,0.9383378546311205,Low Risk
919,4,2,3,2017-07-07,5.0,76.22593313928611,61.42469192896367,2.0,457.0,38.0,1,1,0.9917400102151622,Low Risk
920,2,3,1,2017-07-08,6.0,76.20125126594935,65.75858122254436,2.0,433.0,19.0,1,1,0.9840112350343334,Low Risk
921,3,1,1,2017-07-09,6.0,74.1069827213634,62.2192195698407,3.0,328.0,30.0,1,1,0.9980950722394221,Low Risk
922,4,2,0,2017-07-10,3.0,83.48777327206453,34.580223112848714,1.0,234.0,9.0,1,1,0.7720255381927398,Low Risk
923,4,3,0,2017-07-11,3.0,72.02641453190351,45.690336293154104,2.0,296.0,28.0,1,1,0.9709459058868233,Low Risk
924,4,2,1,2017-07-12,6.0,76.33570372649636,59.156502488269155,3.0,545.0,52.0,1,1,0.9968054298642534,Low Risk
925,3,0,2,2017-07-13,7.0,88.9542389332869,68.01059971845787,3.0,435.0,60.0,1,1,0.9785714285714286,Low Risk
926,3,1,1,2017-07-14,4.0,79.89473295592964,27.400307165931352,3.0,312.0,50.0,1,1,0.9960790400417373,Low Risk
927,1,1,0,2017-07-15,5.0,76.19708685285383,62.377469956266914,3.0,583.0,40.0,1,1,0.995604455619932,Low Risk
928,2,3,2,2017-07-16,6.0,81.93542199705288,80.98224335193302,3.0,508.0,66.0,1,1,0.9991525423728814,Low Risk
929,0,3,2,2017-07-17,2.0,81.9351696719506,15.858810923624368,4.0,838.0,42.0,1,1,1.0,Low Risk
930,4,1,1,2017-07-18,8.0,78.2058628194548,84.21850834518506,4.0,1133.0,57.0,1,1,0.9998823529411764,Low Risk
931,1,2,0,2017-07-19,5.0,74.58715141525096,63.0460400994634,1.0,236.0,25.0,1,1,0.9500657141276334,Low Risk
932,0,2,0,2017-07-20,7.0,75.94154838444122,84.25166069850778,2.0,436.0,52.0,1,1,0.9890173894375267,Low Risk
933,1,0,2,2017-07-21,7.0,80.54753021799014,78.3454363016867,2.0,216.0,26.0,1,1,0.9365637630665004,Low Risk
934,3,2,1,2017-07-22,4.0,75.15759086553838,39.41973319091495,4.0,542.0,28.0,1,1,0.9757293896920869,Low Risk
935,4,3,3,2017-07-23,5.0,76.72789228710256,69.15333509800716,4.0,737.0,59.0,1,1,1.0,Low Risk
936,0,3,3,2017-07-24,3.0,71.76465166132192,36.56354569071804,3.0,426.0,45.0,1,1,1.0,Low Risk
937,0,2,0,2017-07-25,5.0,83.75761634392543,30.119246159972434,4.0,525.0,61.0,1,1,0.9822471748288276,Low Risk
938,0,3,3,2017-07-26,4.0,69.40154748695599,41.70651813358873,2.0,300.0,21.0,1,1,0.954911421911422,Low Risk
939,0,1,0,2017-07-27,5.0,89.1242932956963,66.43303380620007,0.0,0.0,0.0,0,0,0.04083333333333334,High Risk
940,0,1,0,2017-07-28,6.0,79.16788173683695,77.53643447574306,1.0,379.0,32.0,1,1,0.9483938953404006,Low Risk
941,1,2,0,2017-07-29,5.0,76.8070201677022,62.51481747761417,2.0,247.0,45.0,1,1,0.9915414214318978,Low Risk
942,4,1,3,2017-07-30,3.0,80.73928897251407,42.119707656129144,1.0,14.0,9.0,0,1,0.5052579976337718,Medium Risk
943,3,1,0,2017-07-31,7.0,78.4947574538444,78.02649678879277,4.0,775.0,51.0,1,1,0.9898823529411764,Low Risk
944,3,0,2,2017-08-01,7.0,77.7875497061005,63.82397230041951,1.0,236.0,19.0,1,1,0.7610851272910095,Low Risk
945,3,0,1,2017-08-02,9.0,80.9278783800433,102.35232202187083,2.0,188.0,8.0,1,1,0.9553214285714285,Low Risk
946,3,1,1,2017-08-03,7.0,83.49204611375606,81.76752516396559,2.0,470.0,53.0,1,1,0.9923065953654189,Low Risk
947,1,2,0,2017-08-04,3.0,82.70042982263531,34.14334393312909,2.0,194.0,32.0,1,1,0.9502016561941622,Low Risk
948,2,0,1,2017-08-05,5.0,86.520496124961,56.958630541125345,2.0,492.0,27.0,1,1,0.9689198199463739,Low Risk
949,4,3,3,2017-08-06,5.0,87.76644814240512,68.60763195696349,3.0,493.0,62.0,1,1,0.99,Low Risk
950,0,3,3,2017-08-07,7.0,80.66345122082683,68.61393415849074,1.0,294.0,15.0,1,1,0.7958319545969802,Low Risk
951,2,3,1,2017-08-08,8.0,81.08896506061517,104.21320864582556,2.0,855.0,44.0,1,1,0.9985714285714287,Low Risk
952,3,2,3,2017-08-09,4.0,79.952328016627,61.7425898802598,3.0,391.0,25.0,1,1,0.9934343407384403,Low Risk
953,2,1,1,2017-08-10,7.0,72.10526019610283,82.05060977856732,2.0,238.0,23.0,1,1,0.9817357490979094,Low Risk
954,4,3,1,2017-08-11,7.0,88.88145436128728,105.53186419317778,4.0,621.0,47.0,1,1,0.99,Low Risk
955,0,2,1,2017-08-12,4.0,75.03625102553713,39.81742614356125,3.0,483.0,19.0,1,1,0.9855417025784454,Low Risk
956,0,0,0,2017-08-13,8.0,80.04429672843631,79.88169532123264,2.0,274.0,37.0,1,1,1.0,Low Risk
957,4,1,1,2017-08-14,5.0,74.6166989537423,69.60553873632003,1.0,252.0,27.0,1,1,0.9278486077046446,Low Risk
958,4,0,0,2017-08-15,6.0,81.7117597353374,64.81932393778702,2.0,260.0,25.0,1,1,0.9781912774707026,Low Risk
959,3,2,1,2017-08-16,1.0,72.52061052847607,15.45199340465266,1.0,208.0,14.0,1,1,0.7468883069544833,Low Risk
960,0,3,1,2017-08-17,9.0,85.77617369394868,91.73880975975919,2.0,388.0,28.0,1,1,0.9544251700680272,Low Risk
961,2,3,1,2017-08-18,5.0,74.01222653705112,64.91007492999844,3.0,371.0,45.0,1,1,0.9969230769230769,Low Risk
962,1,2,3,2017-08-19,4.0,80.7386211188573,40.926967892161116,2.0,498.0,25.0,1,1,0.9659001581901399,Low Risk
963,1,3,0,2017-08-20,4.0,73.22326365037276,44.68329798306468,1.0,402.0,21.0,1,1,0.927473232083932,Low Risk
964,4,1,0,2017-08-21,7.0,74.76897636583222,65.22540362516071,1.0,177.0,15.0,1,1,0.7774691987750809,Low Risk
965,3,2,1,2017-08-22,5.0,84.09772111949857,50.77474612500182,2.0,189.0,16.0,1,1,0.9719048227372941,Low Risk
966,1,0,1,2017-08-23,4.0,90.04758351252957,22.528430754880286,2.0,208.0,15.0,1,1,0.960320248553967,Low Risk
967,0,2,3,2017-08-24,3.0,85.4531318685316,34.59272970905526,2.0,206.0,28.0,1,1,0.9567804382779995,Low Risk
968,4,1,3,2017-08-25,3.0,78.49912672226776,28.868563383808446,3.0,380.0,39.0,1,1,0.9988370520622041,Low Risk
969,2,1,3,2017-08-26,7.0,77.1571231871808,56.3999759255949,4.0,674.0,72.0,1,1,0.9966899534823018,Low Risk
970,4,2,0,2017-08-27,4.0,88.70369259009632,36.96068708045469,2.0,467.0,29.0,1,1,0.9770199771352154,Low Risk
971,2,2,0,2017-08-28,5.0,79.73060472005815,27.294139912143343,3.0,377.0,62.0,1,1,0.9975938916382419,Low Risk
972,4,3,0,2017-08-29,5.0,75.24410732027374,49.20513239679877,2.0,138.0,12.0,1,1,0.9961812297734629,Low Risk
973,4,1,1,2017-08-30,6.0,77.44260515796468,50.256542290374824,1.0,28.0,6.0,0,0,0.3937252993813339,Medium Risk
974,4,2,0,2017-08-31,5.0,83.74862425555771,75.27473950639519,4.0,581.0,58.0,1,1,0.9995454545454545,Low Risk
975,2,2,2,2017-09-01,8.0,73.38145455509843,76.75486662468262,3.0,467.0,27.0,1,1,0.9740603238526723,Low Risk
976,2,1,2,2017-09-02,2.0,86.29049627481828,5.3218715906844745,2.0,564.0,48.0,1,1,0.9756229946524065,Low Risk
977,4,2,3,2017-09-03,5.0,76.62811269977202,62.17684543471141,4.0,599.0,49.0,1,1,0.9988370520622041,Low Risk
978,1,3,0,2017-09-04,2.0,73.11655255411894,14.779738232690466,1.0,166.0,11.0,1,1,0.7246224002961807,Low Risk
979,3,1,2,2017-09-05,8.0,72.01974359147073,88.22506921238124,2.0,207.0,15.0,1,1,0.938848446628857,Low Risk
980,3,3,3,2017-09-06,7.0,78.67975410308854,83.3539009379783,2.0,343.0,22.0,1,1,0.9732390893741794,Low Risk
981,3,3,0,2017-09-07,10.0,84.11433688281795,143.46994205798137,4.0,706.0,56.0,1,1,0.9985714285714287,Low Risk
982,2,3,1,2017-09-08,3.0,71.29993762953471,33.724541572023746,1.0,116.0,4.0,0,0,0.23339676064676065,High Risk
983,2,3,2,2017-09-09,3.0,79.43304958792606,39.178108205457065,1.0,118.0,19.0,0,0,0.3004038390946286,Medium Risk
984,1,1,1,2017-09-10,7.0,80.71887538724329,91.62560518973416,3.0,431.0,57.0,1,1,0.9995173894375268,Low Risk
985,3,3,0,2017-09-11,1.0,61.0317525084286,18.278581016338094,3.0,613.0,36.0,1,1,0.985,Low Risk
986,3,3,2,2017-09-12,6.0,83.60378005133528,65.16101022905163,0.0,0.0,0.0,0,0,0.02125,High Risk
987,4,2,0,2017-09-13,6.0,78.0689609884843,80.07000697567477,1.0,71.0,10.0,0,1,0.6247329115948284,Medium Risk
988,2,1,1,2017-09-14,5.0,84.33712986438172,49.66150661400938,3.0,446.0,38.0,1,1,0.9981993435751142,Low Risk
989,3,1,2,2017-09-15,7.0,76.62604134498677,86.8613823328075,3.0,450.0,35.0,1,1,0.9994252873563219,Low Risk
990,1,0,1,2017-09-16,2.0,65.87831411195583,25.128670134166228,3.0,442.0,40.0,1,1,0.9695890410958904,Low Risk
991,1,1,0,2017-09-17,2.0,75.90862163988609,21.954583485002974,2.0,507.0,27.0,1,1,0.9448552338811494,Low Risk
992,3,1,0,2017-09-18,2.0,68.3727929051401,19.15484290871959,3.0,425.0,25.0,1,1,0.982,Low Risk
993,2,0,1,2017-09-19,5.0,81.70404432133162,72.06028139718798,2.0,401.0,25.0,1,1,0.9886313993149635,Low Risk
994,1,1,2,2017-09-20,4.0,77.77679210482805,46.870551689451645,3.0,233.0,28.0,1,1,0.9916301733693732,Low Risk
995,4,1,1,2017-09-21,4.0,83.52771186932877,33.183985556405084,3.0,346.0,19.0,1,1,0.9882799969795363,Low Risk
996,1,1,0,2017-09-22,2.0,62.94698948370721,29.203240809582127,1.0,426.0,14.0,1,1,0.6788661616161616,Medium Risk
997,0,1,1,2017-09-23,2.0,87.52549610854201,27.7780565844683,2.0,309.0,18.0,1,1,0.9668484848484848,Low Risk
998,0,0,0,2017-09-24,7.0,77.86866849129076,88.86548057647639,3.0,317.0,29.0,1,1,0.99,Low Risk
999,2,1,1,2017-09-25,7.0,85.42446042372417,77.89503830538322,3.0,360.0,29.0,1,1,0.9660714285714286,Low Risk
1000,3,1,2,2017-09-26,7.0,85.98299457312439,88.86384804733962,1.0,144.0,19.0,1,1,0.8920159656097789,Low Risk
