completion_id,employee_id,program_id,completion_date,score,time_spent_hours
1,511,45,2024-01-01 00:00:00,80.00060891506688,3.4143633193792304
2,366,2,2024-01-01 01:00:00,87.21846412187132,13.947401224538972
3,383,49,2024-01-01 02:00:00,72.23570139012344,8.375788825209044
4,323,35,2024-01-01 03:00:00,87.56892096400213,11.383749524227744
5,989,32,2024-01-01 04:00:00,76.37806953402969,10.99846146770093
6,99,23,2024-01-01 05:00:00,93.75908099287534,12.508472808919874
7,743,24,2024-01-01 06:00:00,95.4520025328716,2.9964285289672254
8,18,24,2024-01-01 07:00:00,87.14540021278111,13.53089778966297
9,596,44,2024-01-01 08:00:00,97.46117418202348,12.616009727612767
10,107,18,2024-01-01 09:00:00,75.89690795326452,14.746273935717854
11,124,6,2024-01-01 10:00:00,93.26250884644531,15.906051339591276
12,570,37,2024-01-01 11:00:00,71.1140742768155,11.240396575497245
13,215,34,2024-01-01 12:00:00,91.89369146875798,15.123684900743093
14,738,42,2024-01-01 13:00:00,76.67769690394678,2.3958291220173247
15,97,49,2024-01-01 14:00:00,89.20963160511124,6.184898144994459
16,114,36,2024-01-01 15:00:00,89.74051641303458,18.6371901884878
17,639,9,2024-01-01 16:00:00,69.394583718988,5.279454187254972
18,48,28,2024-01-01 17:00:00,91.57675738627943,5.605824085805661
19,74,9,2024-01-01 18:00:00,72.48011791554765,3.5842395351628964
20,545,12,2024-01-01 19:00:00,78.46304586655383,5.163121883917427
21,943,9,2024-01-01 20:00:00,99.62109600598981,18.139409147523676
22,225,44,2024-01-01 21:00:00,79.99038193586787,7.13925197399589
23,112,38,2024-01-01 22:00:00,64.40910149301811,9.240894697105674
24,410,24,2024-01-01 23:00:00,68.22633538908505,11.068988320418175
25,340,48,2024-01-02 00:00:00,76.63041108544262,5.877749997034033
26,847,35,2024-01-02 01:00:00,83.29528699520964,7.732150365439267
27,254,19,2024-01-02 02:00:00,87.93086920418965,18.370024919031387
28,421,31,2024-01-02 03:00:00,61.18076273459317,9.175600746781864
29,609,41,2024-01-02 04:00:00,84.43171358712175,6.434812759757729
30,209,19,2024-01-02 05:00:00,69.11222051826724,5.0040638167934475
31,69,4,2024-01-02 06:00:00,82.30812121717882,8.393445037984755
32,818,47,2024-01-02 07:00:00,71.9879790272593,10.709082202293287
33,824,9,2024-01-02 08:00:00,73.19914604690575,8.257310736518033
34,452,19,2024-01-02 09:00:00,63.50937741453835,7.582557702666842
35,3,33,2024-01-02 10:00:00,72.78136866160958,12.94095468369821
36,341,18,2024-01-02 11:00:00,62.83417707143798,12.978929752609517
37,40,26,2024-01-02 12:00:00,80.04290613130458,12.57274967572243
38,323,39,2024-01-02 13:00:00,82.50241814285665,18.9170268990501
39,597,33,2024-01-02 14:00:00,69.80544009745296,18.08349683346519
40,560,14,2024-01-02 15:00:00,64.03060504984938,9.461278087699133
41,505,34,2024-01-02 16:00:00,90.92848926209662,13.96310730974116
42,958,23,2024-01-02 17:00:00,82.0859515697671,8.158263323556668
43,177,32,2024-01-02 18:00:00,96.5289720669097,11.266079929184066
44,136,7,2024-01-02 19:00:00,94.39346406820914,3.6995331599033117
45,874,39,2024-01-02 20:00:00,98.01406309654291,8.438115024509187
46,100,12,2024-01-02 21:00:00,76.04330780316467,13.59607966287739
47,381,6,2024-01-02 22:00:00,83.53919089698714,10.113735458075974
48,861,5,2024-01-02 23:00:00,70.72113143482761,5.656401794115181
49,181,3,2024-01-03 00:00:00,87.67732157976904,2.737169585198882
50,359,8,2024-01-03 01:00:00,84.39942128903397,12.251007227241224
51,866,39,2024-01-03 02:00:00,66.5245677735045,14.139854631440112
52,214,2,2024-01-03 03:00:00,61.82938808018231,15.095862476637018
53,631,37,2024-01-03 04:00:00,60.69964309822606,4.01592244046133
54,863,18,2024-01-03 05:00:00,70.58861174198537,17.284646174949362
55,412,7,2024-01-03 06:00:00,98.87013423831047,2.2142435442290127
56,291,30,2024-01-03 07:00:00,63.778382018417965,12.128392293028414
57,994,42,2024-01-03 08:00:00,68.72998790158739,15.627457142431286
58,589,32,2024-01-03 09:00:00,66.37055469442254,7.291459169336149
59,681,2,2024-01-03 10:00:00,74.56578925067382,2.6863219229891038
60,900,1,2024-01-03 11:00:00,62.508517365766444,15.550824668557993
61,107,15,2024-01-03 12:00:00,78.62213113750627,10.992638744936565
62,838,22,2024-01-03 13:00:00,87.15468390629101,17.969823456702883
63,577,39,2024-01-03 14:00:00,74.21560521899838,18.382484265945553
64,844,48,2024-01-03 15:00:00,86.95645209504218,18.541834056835572
65,419,34,2024-01-03 16:00:00,91.76148448320325,19.88973192176574
66,827,27,2024-01-03 17:00:00,97.01586206918327,12.574606402005912
67,395,50,2024-01-03 18:00:00,72.45296316219884,5.031887945366969
68,791,21,2024-01-03 19:00:00,93.6264049068428,12.07064721279413
69,718,20,2024-01-03 20:00:00,90.67380374762257,2.676971216573283
70,147,4,2024-01-03 21:00:00,98.20409344079548,2.7911910774984676
71,485,18,2024-01-03 22:00:00,66.07279444679375,11.586679012569444
72,272,34,2024-01-03 23:00:00,96.75900332321075,13.05328090618628
73,412,9,2024-01-04 00:00:00,91.41114651062352,12.299428082662027
74,766,41,2024-01-04 01:00:00,84.98757596316081,14.8309528033951
75,159,37,2024-01-04 02:00:00,69.80597370420371,11.44050257545596
76,181,40,2024-01-04 03:00:00,87.46592664780133,8.516530593064335
77,583,37,2024-01-04 04:00:00,82.22380798896023,8.161463760331419
78,366,41,2024-01-04 05:00:00,70.05409431573565,14.812927482783284
79,372,38,2024-01-04 06:00:00,69.36196511852322,7.943995517501163
80,155,10,2024-01-04 07:00:00,78.6800184532821,2.988789719650823
81,721,39,2024-01-04 08:00:00,73.35175292379508,6.001076597692715
82,391,47,2024-01-04 09:00:00,73.38596343579846,16.39612485927283
83,783,13,2024-01-04 10:00:00,96.48643346728605,11.180799491361327
84,256,37,2024-01-04 11:00:00,93.72594082809783,6.843887885611203
85,245,7,2024-01-04 12:00:00,65.93922407179208,12.491401792331686
86,360,6,2024-01-04 13:00:00,60.351875928336156,8.326910953113678
87,972,19,2024-01-04 14:00:00,95.80884554200577,18.122612095248495
88,951,47,2024-01-04 15:00:00,76.28397669882908,9.60946018754743
89,968,25,2024-01-04 16:00:00,90.72060747563971,13.526623958711372
90,130,10,2024-01-04 17:00:00,61.79888175415297,10.18631992720283
91,556,22,2024-01-04 18:00:00,64.70364171660626,10.472409095102005
92,187,39,2024-01-04 19:00:00,75.84040190012249,10.21529930241794
93,358,27,2024-01-04 20:00:00,89.12347102925581,5.79661855113003
94,696,23,2024-01-04 21:00:00,73.08253043357674,18.32377136709665
95,538,18,2024-01-04 22:00:00,88.72139507498729,10.141286528346773
96,435,50,2024-01-04 23:00:00,62.56001520621572,19.1146790203557
97,981,46,2024-01-05 00:00:00,83.88542357235215,14.458585710611956
98,825,2,2024-01-05 01:00:00,61.23558794910871,13.66313111340695
99,306,32,2024-01-05 02:00:00,61.00204994900301,11.031964903121333
100,781,10,2024-01-05 03:00:00,69.64521354232795,19.439526110040273
101,531,26,2024-01-05 04:00:00,91.35020717268675,8.021199843306407
102,466,32,2024-01-05 05:00:00,68.44855071888975,15.096702575669593
103,514,31,2024-01-05 06:00:00,71.45094217675808,5.871514423940521
104,52,10,2024-01-05 07:00:00,93.60251935147367,6.827828894422064
105,941,50,2024-01-05 08:00:00,65.59813087231663,11.978400159548276
106,886,33,2024-01-05 09:00:00,65.05851194067402,8.269864085068576
107,746,36,2024-01-05 10:00:00,88.7830705682986,10.918174737986602
108,305,50,2024-01-05 11:00:00,85.61462693400117,6.063180458466145
109,57,11,2024-01-05 12:00:00,73.22863055578159,7.930340319324655
110,988,33,2024-01-05 13:00:00,98.4683095233865,6.050049439346137
111,946,28,2024-01-05 14:00:00,87.17114426085729,4.6213334070199386
112,343,14,2024-01-05 15:00:00,81.98516096675363,12.318088703610476
113,516,20,2024-01-05 16:00:00,69.36820047036738,3.7815174039985506
114,68,40,2024-01-05 17:00:00,61.42339284921806,15.224269853019432
115,140,12,2024-01-05 18:00:00,87.4956864861707,18.835632827322915
116,662,33,2024-01-05 19:00:00,86.62419259225754,14.800205735983042
117,474,7,2024-01-05 20:00:00,96.38183571696929,8.787589387930927
118,616,22,2024-01-05 21:00:00,71.1667912167802,5.277743266830135
119,490,16,2024-01-05 22:00:00,70.06058101682689,18.049275830591522
120,355,17,2024-01-05 23:00:00,99.52781529734015,15.264999670619336
121,4,31,2024-01-06 00:00:00,88.6290635557053,6.575578599361658
122,908,3,2024-01-06 01:00:00,99.79756351301629,17.341869873178787
123,260,23,2024-01-06 02:00:00,90.185342454113,6.999611701316813
124,756,3,2024-01-06 03:00:00,76.95499108502811,7.317099331479816
125,223,37,2024-01-06 04:00:00,60.6855061223188,10.666540938544362
126,263,9,2024-01-06 05:00:00,86.48906043746805,16.38635739433338
127,266,47,2024-01-06 06:00:00,71.80786478484308,4.972526157830954
128,88,26,2024-01-06 07:00:00,94.68160231512718,4.896783939225928
129,15,25,2024-01-06 08:00:00,74.36945160864428,3.887807149882695
130,999,19,2024-01-06 09:00:00,93.6791950209573,13.35094074903111
131,468,37,2024-01-06 10:00:00,62.21757628265283,10.363826089731804
132,890,38,2024-01-06 11:00:00,99.58394939412534,14.22893766477222
133,199,49,2024-01-06 12:00:00,92.18191466042526,4.232715285209549
134,141,7,2024-01-06 13:00:00,77.08516752909331,8.467856843424077
135,439,16,2024-01-06 14:00:00,60.379084291753024,10.775267763037785
136,540,48,2024-01-06 15:00:00,67.00220560775321,15.344823566042425
137,807,6,2024-01-06 16:00:00,96.97004143045982,18.935382114755914
138,402,40,2024-01-06 17:00:00,92.25757108122964,11.51843481423659
139,958,18,2024-01-06 18:00:00,82.11103111523232,19.371237828953113
140,879,27,2024-01-06 19:00:00,73.8656106216412,17.578717971622844
141,843,27,2024-01-06 20:00:00,94.8743812195932,7.766900263875671
142,868,11,2024-01-06 21:00:00,82.18005938316318,9.137449758581283
143,629,44,2024-01-06 22:00:00,68.33539465213215,11.851584246562812
144,100,17,2024-01-06 23:00:00,90.35197520816486,4.316663176162974
145,194,5,2024-01-07 00:00:00,86.73963231509698,11.187045384639541
146,816,40,2024-01-07 01:00:00,75.43593098874774,10.40108520611364
147,494,47,2024-01-07 02:00:00,61.51374494308295,6.621034496197025
148,17,39,2024-01-07 03:00:00,65.87057562471692,19.6784511314995
149,646,32,2024-01-07 04:00:00,84.85691654063916,6.616392540613459
150,361,31,2024-01-07 05:00:00,95.37353025338203,13.031180695506347
151,110,30,2024-01-07 06:00:00,69.8363845473068,3.8601743489336613
152,87,18,2024-01-07 07:00:00,74.13659268782793,10.114944667413527
153,47,38,2024-01-07 08:00:00,86.71328078839437,17.744756698338772
154,272,3,2024-01-07 09:00:00,94.79874517182984,9.427955194526414
155,316,49,2024-01-07 10:00:00,98.46761705229162,2.811299559069387
156,297,50,2024-01-07 11:00:00,61.19310592063436,7.897525341132122
157,410,8,2024-01-07 12:00:00,72.41089448698241,13.15483653573908
158,302,30,2024-01-07 13:00:00,84.74118814194642,19.282174038357166
159,434,20,2024-01-07 14:00:00,66.04214115467872,8.643914031943329
160,769,16,2024-01-07 15:00:00,68.49498812641644,2.2634666224567823
161,420,20,2024-01-07 16:00:00,95.99465449698417,17.284367525182944
162,926,22,2024-01-07 17:00:00,76.09086286651923,5.254443802594435
163,386,10,2024-01-07 18:00:00,77.98483141543329,19.835614748190785
164,980,22,2024-01-07 19:00:00,77.38797580824972,6.110717264813678
165,837,38,2024-01-07 20:00:00,87.40280893324731,13.827400251846415
166,927,37,2024-01-07 21:00:00,89.4679313287823,3.7498995992292286
167,904,21,2024-01-07 22:00:00,89.07023673319497,3.8063233041757
168,862,8,2024-01-07 23:00:00,91.00160241440351,2.715176197548214
169,487,3,2024-01-08 00:00:00,79.77503184159829,11.655338423204293
170,61,28,2024-01-08 01:00:00,82.05707195714183,13.21717908075774
171,322,26,2024-01-08 02:00:00,79.67461936573365,6.525006412315342
172,885,43,2024-01-08 03:00:00,90.90795260896601,17.02329199609899
173,767,5,2024-01-08 04:00:00,90.38884859365348,16.934688212911674
174,973,31,2024-01-08 05:00:00,60.78323079121583,10.021836248328924
175,324,20,2024-01-08 06:00:00,72.80053220468122,9.548798307638918
176,813,48,2024-01-08 07:00:00,73.48048498139883,2.6557174828180745
177,820,8,2024-01-08 08:00:00,61.18529639351449,11.843432898424748
178,648,22,2024-01-08 09:00:00,92.54892635105226,18.693535718149004
179,999,40,2024-01-08 10:00:00,91.67978027567096,14.609039646969379
180,89,26,2024-01-08 11:00:00,60.40894785398398,17.67896129819738
181,967,14,2024-01-08 12:00:00,91.39744051461774,15.478412478883419
182,142,13,2024-01-08 13:00:00,88.27489642355775,7.618415546626267
183,413,11,2024-01-08 14:00:00,98.75836673935675,12.051108894572296
184,365,27,2024-01-08 15:00:00,62.814802312133494,10.617073854638551
185,320,13,2024-01-08 16:00:00,73.26508606339786,10.35368636706447
186,341,19,2024-01-08 17:00:00,86.07490121900634,18.995982489128092
187,933,14,2024-01-08 18:00:00,88.66530722897963,3.372318180299497
188,632,14,2024-01-08 19:00:00,64.70030336712857,19.46221357082364
189,497,7,2024-01-08 20:00:00,86.67300693100438,4.88266330943059
190,481,15,2024-01-08 21:00:00,98.58459811868113,4.668738804043551
191,378,30,2024-01-08 22:00:00,81.88087294777549,12.16282389435506
192,425,17,2024-01-08 23:00:00,79.67281367404951,8.224128384931811
193,473,18,2024-01-09 00:00:00,87.13528194360421,18.451011138272733
194,885,32,2024-01-09 01:00:00,96.44360730369293,6.690904838571797
195,763,19,2024-01-09 02:00:00,95.34963787357327,9.513685521524886
196,960,26,2024-01-09 03:00:00,60.6381134708633,2.894084688665234
197,59,17,2024-01-09 04:00:00,88.47187763849207,16.39682708771776
198,494,50,2024-01-09 05:00:00,89.78369682846795,5.806364013536797
199,78,28,2024-01-09 06:00:00,78.64735995305871,10.949066875004853
200,9,41,2024-01-09 07:00:00,75.75037446065302,14.218669014861243
201,207,21,2024-01-09 08:00:00,74.2451101981299,2.560615015250325
202,391,37,2024-01-09 09:00:00,76.66653495915727,11.92614031346578
203,66,43,2024-01-09 10:00:00,89.07420653942052,13.552453887824647
204,223,31,2024-01-09 11:00:00,95.09376225177377,6.272746086246821
205,199,7,2024-01-09 12:00:00,72.3667037166127,6.750866300871599
206,553,28,2024-01-09 13:00:00,79.07807207215512,13.248747638430448
207,888,41,2024-01-09 14:00:00,66.3129213974387,13.805590997599232
208,971,40,2024-01-09 15:00:00,86.08497283407583,3.8786952436066944
209,77,12,2024-01-09 16:00:00,74.27255458918378,13.331410356442348
210,461,6,2024-01-09 17:00:00,64.73147957104106,17.313872227632974
211,666,1,2024-01-09 18:00:00,88.41039509507426,12.396861561899327
212,491,45,2024-01-09 19:00:00,97.84681743038018,16.93847501086551
213,636,10,2024-01-09 20:00:00,63.3951440788052,18.13740853716377
214,498,12,2024-01-09 21:00:00,70.20882298819494,14.105455618687206
215,136,19,2024-01-09 22:00:00,63.69966060659894,15.578749302478897
216,782,4,2024-01-09 23:00:00,71.73124776842097,2.1538305239482654
217,429,8,2024-01-10 00:00:00,72.92506032589347,4.615985287113215
218,764,7,2024-01-10 01:00:00,72.63432238138836,14.10626052710119
219,258,9,2024-01-10 02:00:00,88.64404950845028,16.005289684484516
220,760,16,2024-01-10 03:00:00,87.51123045594358,12.617511648520223
221,682,24,2024-01-10 04:00:00,65.83256278572664,18.262403606416484
222,207,46,2024-01-10 05:00:00,76.12437687804905,19.559365810365147
223,441,27,2024-01-10 06:00:00,84.10804848020379,5.3691396807183605
224,472,11,2024-01-10 07:00:00,62.7888266818983,17.227597808960553
225,576,11,2024-01-10 08:00:00,83.69247139273696,15.114704640932938
226,482,28,2024-01-10 09:00:00,96.61372297902946,10.401610360535138
227,516,30,2024-01-10 10:00:00,92.06070185105764,9.5771120381782
228,18,24,2024-01-10 11:00:00,76.72412006965232,2.8108770463655275
229,89,41,2024-01-10 12:00:00,82.22865729666536,10.238779036101738
230,751,26,2024-01-10 13:00:00,85.43780774856296,11.577167856832666
231,216,19,2024-01-10 14:00:00,77.81154515686465,11.488682230809507
232,198,43,2024-01-10 15:00:00,69.71557067245779,16.063582066847523
233,610,42,2024-01-10 16:00:00,76.60006920973402,14.804962417813822
234,563,45,2024-01-10 17:00:00,88.2590534195277,15.65739997542978
235,358,15,2024-01-10 18:00:00,92.37100531275553,4.761709022439328
236,131,12,2024-01-10 19:00:00,95.16090691898262,12.050545865023171
237,659,27,2024-01-10 20:00:00,69.17254961159963,2.366053992219591
238,815,46,2024-01-10 21:00:00,60.237600407952854,8.083171345138732
239,558,30,2024-01-10 22:00:00,96.70726036964615,7.822709640915712
240,954,9,2024-01-10 23:00:00,93.68426652182934,19.526285116804566
241,932,36,2024-01-11 00:00:00,73.4238414578667,16.59598012713671
242,531,31,2024-01-11 01:00:00,81.53315936087826,11.68969536346078
243,476,42,2024-01-11 02:00:00,87.47349467830651,17.982563399581053
244,687,24,2024-01-11 03:00:00,92.95286501294758,2.491595659735741
245,951,22,2024-01-11 04:00:00,99.08878498031427,10.984495736483268
246,504,17,2024-01-11 05:00:00,72.41003746730968,4.451081653878836
247,74,49,2024-01-11 06:00:00,78.6264588834139,13.831218773767871
248,978,4,2024-01-11 07:00:00,63.73440587227848,5.3872965387512295
249,575,35,2024-01-11 08:00:00,97.54009246740969,9.98242413650724
250,708,27,2024-01-11 09:00:00,93.65556918145974,8.856746292634174
251,652,25,2024-01-11 10:00:00,77.57529362610939,19.895694540753787
252,411,34,2024-01-11 11:00:00,82.21299042421964,14.916153751113606
253,93,43,2024-01-11 12:00:00,75.77425066703252,11.142546394247024
254,460,24,2024-01-11 13:00:00,71.40426100580899,16.59907923688666
255,907,42,2024-01-11 14:00:00,60.61808952113851,16.044053128634012
256,900,42,2024-01-11 15:00:00,64.78833004111564,17.039072562983584
257,558,15,2024-01-11 16:00:00,69.90366494150099,4.899797612446803
258,635,30,2024-01-11 17:00:00,88.19367551076695,18.90078530497103
259,443,11,2024-01-11 18:00:00,83.29353240223114,8.638997241755295
260,188,10,2024-01-11 19:00:00,99.87391597385991,4.888614804438468
261,408,28,2024-01-11 20:00:00,87.12139628743063,15.270542780411729
262,282,7,2024-01-11 21:00:00,79.93703015494984,5.779502661465722
263,796,3,2024-01-11 22:00:00,65.15446911669966,16.649652061033933
264,442,19,2024-01-11 23:00:00,61.09301276870412,11.25624327786737
265,623,47,2024-01-12 00:00:00,73.34415769928322,7.824409659920977
266,508,15,2024-01-12 01:00:00,85.32668807478608,16.693653061335525
267,260,13,2024-01-12 02:00:00,68.07803820468293,7.7920396446766045
268,612,32,2024-01-12 03:00:00,85.05918240206259,3.0721600837616174
269,719,1,2024-01-12 04:00:00,84.81785799928176,2.201061960179155
270,342,8,2024-01-12 05:00:00,68.62922938244367,10.066595194382797
271,956,7,2024-01-12 06:00:00,88.96671166067654,9.972662496314394
272,503,39,2024-01-12 07:00:00,76.084166306326,10.145460254603929
273,433,8,2024-01-12 08:00:00,83.09965090255292,11.322618768094003
274,313,46,2024-01-12 09:00:00,67.04911169366417,5.5094774774438715
275,984,1,2024-01-12 10:00:00,70.19486611549982,9.728052860779206
276,856,2,2024-01-12 11:00:00,72.02828772699559,9.174588009206841
277,613,30,2024-01-12 12:00:00,89.86329567620731,7.441531709365922
278,901,3,2024-01-12 13:00:00,92.12466902479842,14.211225520050792
279,326,12,2024-01-12 14:00:00,61.29042798171679,11.36749758055602
280,113,31,2024-01-12 15:00:00,94.7359940926422,4.821207182232921
281,313,36,2024-01-12 16:00:00,90.67220585648097,5.6281499100335575
282,573,5,2024-01-12 17:00:00,84.57890869716286,8.139208134298366
283,650,18,2024-01-12 18:00:00,79.08383997784938,6.601765841150231
284,195,23,2024-01-12 19:00:00,72.73672461863194,5.836806689187617
285,998,7,2024-01-12 20:00:00,64.91169857767709,15.789525914585612
286,674,46,2024-01-12 21:00:00,87.60019080205035,10.350978782992799
287,70,15,2024-01-12 22:00:00,63.57243135327317,14.474235947366294
288,637,23,2024-01-12 23:00:00,78.20668229443471,9.633924476322782
289,394,24,2024-01-13 00:00:00,63.689590850488074,18.0783743916983
290,208,33,2024-01-13 01:00:00,78.11178609371358,17.754923785918216
291,252,48,2024-01-13 02:00:00,70.30647595267261,12.947556625567527
292,541,30,2024-01-13 03:00:00,97.85080859949454,10.398493235701899
293,323,44,2024-01-13 04:00:00,72.54314131463316,11.463702700948039
294,11,34,2024-01-13 05:00:00,63.836716927910324,12.934084846338962
295,741,9,2024-01-13 06:00:00,65.01003107358838,9.302369721220401
296,772,42,2024-01-13 07:00:00,77.24273298795502,3.397455207159522
297,945,31,2024-01-13 08:00:00,99.00586298838746,9.377671538097962
298,772,39,2024-01-13 09:00:00,97.0219369705309,14.961707529489267
299,792,1,2024-01-13 10:00:00,65.08070883338544,11.490308755219514
300,732,33,2024-01-13 11:00:00,64.51229980879913,13.343320766248754
301,696,33,2024-01-13 12:00:00,98.06162594218799,8.99765595609518
302,291,35,2024-01-13 13:00:00,82.5138577082731,13.001993348066687
303,294,39,2024-01-13 14:00:00,95.94706060916418,14.364026261793708
304,306,27,2024-01-13 15:00:00,87.6628836474849,4.396152437521069
305,856,9,2024-01-13 16:00:00,85.51519073226314,8.775468223116931
306,854,5,2024-01-13 17:00:00,83.81952455375732,7.75428046969514
307,666,41,2024-01-13 18:00:00,96.41151443818373,14.808180197392355
308,402,11,2024-01-13 19:00:00,79.85520030503169,4.428609375886042
309,187,31,2024-01-13 20:00:00,73.68763658382548,12.120833977041356
310,195,46,2024-01-13 21:00:00,77.54198124152092,7.744217532553867
311,302,43,2024-01-13 22:00:00,63.70324711088007,10.162230463980228
312,11,33,2024-01-13 23:00:00,74.49333080582066,14.020255036710843
313,137,29,2024-01-14 00:00:00,85.90037500380348,18.34296261703634
314,758,3,2024-01-14 01:00:00,96.37435745108058,6.808143268415814
315,993,26,2024-01-14 02:00:00,96.51549279787758,13.609630317696693
316,282,1,2024-01-14 03:00:00,61.230319371974524,5.417158369393769
317,356,15,2024-01-14 04:00:00,99.11348297672345,15.163983704380223
318,580,4,2024-01-14 05:00:00,61.011474055305285,11.283217199521431
319,628,12,2024-01-14 06:00:00,77.30295994823962,18.142317264717025
320,322,22,2024-01-14 07:00:00,69.93748298549635,10.133121049882263
321,520,24,2024-01-14 08:00:00,96.82177056965173,3.797139728759447
322,455,33,2024-01-14 09:00:00,75.46126121502476,17.20187536628368
323,868,17,2024-01-14 10:00:00,85.00330039052078,17.7836130825315
324,226,23,2024-01-14 11:00:00,77.64146863546591,3.747035528709009
325,680,27,2024-01-14 12:00:00,97.24663928928209,18.20137422090135
326,979,29,2024-01-14 13:00:00,72.33643749867772,18.693098900072528
327,221,15,2024-01-14 14:00:00,97.01885356317338,10.316463388082742
328,423,41,2024-01-14 15:00:00,82.15446588690071,8.348983528112214
329,902,21,2024-01-14 16:00:00,91.43811810128916,6.11944144581526
330,138,47,2024-01-14 17:00:00,90.66954363724714,7.041834325545654
331,169,44,2024-01-14 18:00:00,79.16840191551103,15.199289115262397
332,490,25,2024-01-14 19:00:00,67.7788699029009,18.539991013812557
333,325,17,2024-01-14 20:00:00,68.46904227713104,3.182503429262339
334,507,42,2024-01-14 21:00:00,95.7754575474751,16.92973615679471
335,216,13,2024-01-14 22:00:00,81.27962760044845,4.034600568785555
336,745,43,2024-01-14 23:00:00,99.87397968353315,10.90602019525453
337,406,8,2024-01-15 00:00:00,74.38037110181322,6.020462611153102
338,602,46,2024-01-15 01:00:00,61.516535599257246,9.619605130456556
339,819,40,2024-01-15 02:00:00,66.84005578330283,7.1968855928864635
340,933,35,2024-01-15 03:00:00,72.31231472063804,12.693857118274504
341,45,27,2024-01-15 04:00:00,94.66067451963983,2.7246160180495753
342,605,26,2024-01-15 05:00:00,60.96569525308142,19.143355399573196
343,996,46,2024-01-15 06:00:00,62.79193856653587,16.88315221623897
344,340,4,2024-01-15 07:00:00,86.2426386259805,10.730983389123317
345,338,44,2024-01-15 08:00:00,66.3130870292573,7.156781359732698
346,1000,29,2024-01-15 09:00:00,99.4326584518701,5.39835112858767
347,384,41,2024-01-15 10:00:00,91.47385490244838,17.720393054814245
348,109,2,2024-01-15 11:00:00,65.17837695207818,16.11593394014024
349,574,49,2024-01-15 12:00:00,99.04821827308479,12.281775146389869
350,873,42,2024-01-15 13:00:00,82.83272460921201,13.095514599025917
351,248,10,2024-01-15 14:00:00,97.54843917793697,19.718723260557397
352,760,1,2024-01-15 15:00:00,92.12167735760906,9.497861657103503
353,15,28,2024-01-15 16:00:00,94.86172919480069,7.341920466605258
354,975,30,2024-01-15 17:00:00,66.27873231486112,19.756127429299397
355,536,48,2024-01-15 18:00:00,97.28007612734649,13.40284294801554
356,831,16,2024-01-15 19:00:00,88.9976584412534,19.566278559581317
357,925,14,2024-01-15 20:00:00,98.56889169726622,2.9648431350837727
358,630,15,2024-01-15 21:00:00,99.64159414076619,13.515505827268253
359,593,24,2024-01-15 22:00:00,68.50446484988028,13.542624804685264
360,753,29,2024-01-15 23:00:00,90.46799120971087,8.971208042078215
361,239,36,2024-01-16 00:00:00,61.104047473864995,8.372627990969674
362,153,34,2024-01-16 01:00:00,73.49971483348162,14.512590087851706
363,127,4,2024-01-16 02:00:00,86.60401120010742,6.99709310629562
364,144,28,2024-01-16 03:00:00,89.57329626916658,14.36410287027362
365,946,30,2024-01-16 04:00:00,84.22781275295412,3.4316245152174063
366,465,21,2024-01-16 05:00:00,76.61006999382914,12.186133571993205
367,640,7,2024-01-16 06:00:00,92.98153234940885,10.732726299821268
368,495,50,2024-01-16 07:00:00,66.03055542537477,19.982915721646943
369,597,39,2024-01-16 08:00:00,83.66843005458215,17.854805247608386
370,748,31,2024-01-16 09:00:00,73.71991525924739,13.463426379095356
371,752,16,2024-01-16 10:00:00,75.12773195955407,5.818416309803623
372,219,29,2024-01-16 11:00:00,78.09253835916822,10.17266127795738
373,886,32,2024-01-16 12:00:00,87.87274884516441,12.983654813211707
374,517,14,2024-01-16 13:00:00,67.05379442785572,9.362018872069743
375,150,14,2024-01-16 14:00:00,68.7895766478158,12.487780772937054
376,545,49,2024-01-16 15:00:00,85.09341710208011,9.429481888210852
377,424,31,2024-01-16 16:00:00,91.81263622481174,15.6559478184698
378,386,40,2024-01-16 17:00:00,87.37594440054318,5.1511133622602205
379,867,4,2024-01-16 18:00:00,96.21689198979647,8.576325949711926
380,107,12,2024-01-16 19:00:00,66.84126244433156,10.049316755190176
381,467,44,2024-01-16 20:00:00,96.19927144299885,7.416127164654246
382,616,47,2024-01-16 21:00:00,65.32749057986615,16.483588417975838
383,859,45,2024-01-16 22:00:00,63.24697128473717,18.662183794869446
384,360,31,2024-01-16 23:00:00,68.84051990787833,19.61556051239336
385,420,44,2024-01-17 00:00:00,93.84984489177793,16.979803027521516
386,571,1,2024-01-17 01:00:00,64.22438614075126,18.51704851214689
387,935,30,2024-01-17 02:00:00,96.03539146295498,16.960087106123087
388,770,25,2024-01-17 03:00:00,94.51538959214051,15.86951459399504
389,489,16,2024-01-17 04:00:00,72.1627918144881,19.955750705259888
390,437,37,2024-01-17 05:00:00,65.10199061618263,12.607100457322149
391,914,11,2024-01-17 06:00:00,84.80449104864591,11.352106451669103
392,174,43,2024-01-17 07:00:00,75.05639746210305,18.049580062478746
393,791,3,2024-01-17 08:00:00,77.76432234533559,4.270702233858712
394,511,33,2024-01-17 09:00:00,74.29900473172626,11.82606950416045
395,54,17,2024-01-17 10:00:00,86.92424832767654,3.352161858065091
396,986,41,2024-01-17 11:00:00,70.30255505976714,15.86585715937082
397,331,16,2024-01-17 12:00:00,76.11778817717948,19.162575325486113
398,496,35,2024-01-17 13:00:00,70.85043268032494,12.946959632707554
399,897,18,2024-01-17 14:00:00,83.13177394238159,5.649672158561952
400,804,8,2024-01-17 15:00:00,85.64369677808756,17.538146215046883
401,882,19,2024-01-17 16:00:00,85.70650486974878,2.7881856417916433
402,84,44,2024-01-17 17:00:00,87.48059071938565,17.743165595429772
403,351,45,2024-01-17 18:00:00,88.15092880651444,14.661022425670284
404,584,12,2024-01-17 19:00:00,66.03867059234118,14.8537383176244
405,40,16,2024-01-17 20:00:00,80.06775669919458,4.326000958226139
406,856,32,2024-01-17 21:00:00,78.54528295954762,17.448265980997984
407,502,9,2024-01-17 22:00:00,67.71370855622925,2.7997469450788133
408,852,37,2024-01-17 23:00:00,82.07840016169285,17.195567662023084
409,887,19,2024-01-18 00:00:00,62.980995322357025,14.845960998925893
410,335,6,2024-01-18 01:00:00,86.5206117309552,18.34852468359521
411,30,24,2024-01-18 02:00:00,73.04261748911799,4.655658852196547
412,20,5,2024-01-18 03:00:00,67.31014557315422,7.753335100645121
413,294,30,2024-01-18 04:00:00,62.60673934740132,19.320205013829607
414,2,4,2024-01-18 05:00:00,63.54316649894366,2.414049144107302
415,134,41,2024-01-18 06:00:00,77.32536073013732,5.8406212867761065
416,362,25,2024-01-18 07:00:00,98.10072953218207,15.416088641174854
417,82,50,2024-01-18 08:00:00,71.47065917106548,2.634794247949606
418,676,1,2024-01-18 09:00:00,67.57238943565439,17.663236798255088
419,590,14,2024-01-18 10:00:00,95.13810264049813,16.26738093424169
420,26,43,2024-01-18 11:00:00,60.073562201957806,14.562292768178382
421,610,39,2024-01-18 12:00:00,88.55349441406156,4.041956225060751
422,630,17,2024-01-18 13:00:00,64.10188109267122,2.4511487003570687
423,478,40,2024-01-18 14:00:00,96.93047810018754,19.413173780201745
424,455,50,2024-01-18 15:00:00,89.01929440095137,14.955538473009293
425,443,32,2024-01-18 16:00:00,88.7075661594691,13.807885929061763
426,414,16,2024-01-18 17:00:00,76.94250653073198,11.629464508958238
427,594,19,2024-01-18 18:00:00,92.0922931291824,11.044250666453674
428,406,21,2024-01-18 19:00:00,98.86803139272843,3.2187888001629155
429,145,29,2024-01-18 20:00:00,99.95425240754159,12.96469261579741
430,287,43,2024-01-18 21:00:00,72.45169694070549,15.154388794913494
431,440,1,2024-01-18 22:00:00,85.24716719496233,18.012732455259354
432,465,25,2024-01-18 23:00:00,75.98329242795849,10.431597538975927
433,159,23,2024-01-19 00:00:00,80.7204442736323,10.691059766280167
434,13,28,2024-01-19 01:00:00,79.87920464804625,16.651894709811465
435,603,11,2024-01-19 02:00:00,66.61903169598796,17.078834892322142
436,468,50,2024-01-19 03:00:00,63.793588167634844,2.5038805930513437
437,401,26,2024-01-19 04:00:00,89.46738063246612,10.063108615825278
438,93,13,2024-01-19 05:00:00,84.83115396846978,18.337132417755452
439,551,44,2024-01-19 06:00:00,68.57311331875951,2.2254034356281815
440,355,37,2024-01-19 07:00:00,80.3293125446538,19.906580394906594
441,520,9,2024-01-19 08:00:00,98.28204243327774,7.5277224043640185
442,619,12,2024-01-19 09:00:00,87.05583325145574,3.1004852021585574
443,166,25,2024-01-19 10:00:00,77.94709933378714,12.83566498030769
444,15,5,2024-01-19 11:00:00,70.99380226999472,14.187663218571732
445,626,5,2024-01-19 12:00:00,76.9044640594378,16.28875335412777
446,641,31,2024-01-19 13:00:00,78.3602633720084,14.225260617124066
447,481,30,2024-01-19 14:00:00,65.67913163798298,16.364920323309796
448,643,29,2024-01-19 15:00:00,76.75880388972249,18.278809151144827
449,999,15,2024-01-19 16:00:00,81.65308702271426,12.40562297684253
450,38,37,2024-01-19 17:00:00,61.179264448623925,10.577578721318453
451,944,21,2024-01-19 18:00:00,61.626702524427415,4.691854816679518
452,63,43,2024-01-19 19:00:00,82.32079365586102,11.468286747370449
453,446,20,2024-01-19 20:00:00,61.75109902138319,19.417057596098097
454,527,26,2024-01-19 21:00:00,78.11281831525515,5.358674819247456
455,62,34,2024-01-19 22:00:00,96.765287515627,2.9040678726525013
456,893,3,2024-01-19 23:00:00,91.23624442972735,12.017041713936305
457,362,25,2024-01-20 00:00:00,98.78303908891598,19.35041260681094
458,82,1,2024-01-20 01:00:00,83.54272676806633,4.348080989395159
459,550,38,2024-01-20 02:00:00,88.58136015233279,17.605326314427337
460,223,15,2024-01-20 03:00:00,77.02506952707442,14.07907219140541
461,404,19,2024-01-20 04:00:00,97.27984971450881,16.593641104602217
462,443,44,2024-01-20 05:00:00,94.78196925477639,17.619203071478097
463,7,32,2024-01-20 06:00:00,92.28172736221612,2.12587482437363
464,869,1,2024-01-20 07:00:00,61.47961577109967,13.00673725978465
465,987,28,2024-01-20 08:00:00,83.11839446755114,15.27395019950562
466,584,19,2024-01-20 09:00:00,94.01022353819204,15.584811684581263
467,846,42,2024-01-20 10:00:00,92.88478415877289,6.741479033915273
468,242,6,2024-01-20 11:00:00,62.81631517032173,5.522975132786989
469,847,3,2024-01-20 12:00:00,64.1293257652046,2.5404889702713134
470,967,29,2024-01-20 13:00:00,80.13853251237774,10.378110731726643
471,225,41,2024-01-20 14:00:00,94.01981770143925,13.09171965959879
472,564,5,2024-01-20 15:00:00,73.03924228042385,2.2515038715060927
473,866,13,2024-01-20 16:00:00,62.76119272893859,19.866876698777077
474,260,44,2024-01-20 17:00:00,72.60340889324401,7.635119390007296
475,129,12,2024-01-20 18:00:00,90.54997880547938,17.47342283040713
476,105,42,2024-01-20 19:00:00,71.35646236204748,9.05925250455409
477,639,25,2024-01-20 20:00:00,69.4711392763262,13.806490385813031
478,127,6,2024-01-20 21:00:00,62.76056514763319,17.165892089452164
479,334,48,2024-01-20 22:00:00,85.71577758722874,5.215115338552655
480,607,14,2024-01-20 23:00:00,95.53074547590572,16.65112667632667
481,166,26,2024-01-21 00:00:00,63.74365709535097,12.840269617630792
482,626,50,2024-01-21 01:00:00,74.4173511428869,19.457102334810706
483,565,28,2024-01-21 02:00:00,99.41546786192791,11.974738590270677
484,852,22,2024-01-21 03:00:00,77.93491383135998,11.790385283936653
485,771,42,2024-01-21 04:00:00,78.39116566896344,9.511371342259453
486,995,10,2024-01-21 05:00:00,90.91510934329278,10.45176344587047
487,494,46,2024-01-21 06:00:00,82.61067811803132,8.019343402821278
488,225,28,2024-01-21 07:00:00,66.27557286441028,15.520664069095268
489,527,21,2024-01-21 08:00:00,90.87711855501531,3.6819974001975626
490,515,5,2024-01-21 09:00:00,79.7581767170503,5.729617800781516
491,860,4,2024-01-21 10:00:00,85.97200732517999,3.2209560430199877
492,987,11,2024-01-21 11:00:00,69.69868994845596,9.492772837437775
493,367,21,2024-01-21 12:00:00,77.78805685675466,14.682173228647372
494,239,20,2024-01-21 13:00:00,97.59558075849174,19.64390370088209
495,673,3,2024-01-21 14:00:00,97.25933123428587,12.744360898719158
496,979,34,2024-01-21 15:00:00,72.87907882833474,4.521698536535668
497,952,30,2024-01-21 16:00:00,87.9143921350836,17.574421172402925
498,378,32,2024-01-21 17:00:00,81.58207036924578,16.959083623125316
499,289,26,2024-01-21 18:00:00,93.94049711296782,15.302490345969828
500,415,12,2024-01-21 19:00:00,95.72215008546999,10.634302715588554
501,772,14,2024-01-21 20:00:00,84.07186511843649,7.870698991536566
502,736,47,2024-01-21 21:00:00,83.4166556022014,17.9883818986357
503,234,9,2024-01-21 22:00:00,75.59657260183778,5.707994091316914
504,220,50,2024-01-21 23:00:00,92.9740190388198,8.883175436270509
505,248,30,2024-01-22 00:00:00,89.22098941895072,4.8111775921030056
506,848,17,2024-01-22 01:00:00,75.83733310610887,3.3092535474406715
507,881,44,2024-01-22 02:00:00,71.77470844302043,12.57992833969046
508,107,46,2024-01-22 03:00:00,78.47274243270806,9.871187383217627
509,732,23,2024-01-22 04:00:00,89.34521366057537,15.276210011678385
510,847,47,2024-01-22 05:00:00,74.4452806375801,10.949553548250453
511,112,18,2024-01-22 06:00:00,83.48403994485014,13.822660471664904
512,534,5,2024-01-22 07:00:00,96.346921730948,13.146433345675675
513,159,12,2024-01-22 08:00:00,63.709823106082155,15.5848257029014
514,700,33,2024-01-22 09:00:00,86.88950101488338,4.92405840374405
515,853,24,2024-01-22 10:00:00,68.42990421530884,12.746939971531383
516,800,38,2024-01-22 11:00:00,83.54633502129846,6.266553488455276
517,71,26,2024-01-22 12:00:00,87.04847398269315,2.4925627313193344
518,737,5,2024-01-22 13:00:00,84.56756982876455,13.672059328358806
519,392,3,2024-01-22 14:00:00,69.83905944971517,2.6314765122220596
520,590,20,2024-01-22 15:00:00,61.51550979386976,11.552077669521509
521,190,36,2024-01-22 16:00:00,92.52079317785429,15.046688544183878
522,249,47,2024-01-22 17:00:00,95.14686187475075,19.716788503741878
523,217,44,2024-01-22 18:00:00,67.15973660312658,17.583831911852265
524,224,30,2024-01-22 19:00:00,81.09765980677426,13.311412067866907
525,28,13,2024-01-22 20:00:00,97.33885602745426,13.940214270954009
526,322,27,2024-01-22 21:00:00,77.81634208653617,15.893038359415428
527,17,10,2024-01-22 22:00:00,98.39112998233873,3.585618053571304
528,475,49,2024-01-22 23:00:00,74.71319986026857,14.626681303568342
529,898,40,2024-01-23 00:00:00,96.65178959725736,16.992548824634383
530,136,17,2024-01-23 01:00:00,90.74505091780134,15.44923249781248
531,294,40,2024-01-23 02:00:00,60.76208413956224,4.465670702555531
532,404,46,2024-01-23 03:00:00,62.03367517332508,17.13315817723858
533,768,25,2024-01-23 04:00:00,67.4051807889705,3.337106520893542
534,881,24,2024-01-23 05:00:00,89.77117964131017,8.212393939547283
535,192,30,2024-01-23 06:00:00,76.97292168988471,12.306750740822832
536,741,4,2024-01-23 07:00:00,86.53492786768955,13.69273097663882
537,889,1,2024-01-23 08:00:00,65.98181376621531,8.506370089376642
538,405,29,2024-01-23 09:00:00,96.24917596636564,5.416731278577446
539,90,14,2024-01-23 10:00:00,85.47370765208558,2.330783289901114
540,287,43,2024-01-23 11:00:00,85.10367733522699,2.923547280641525
541,212,48,2024-01-23 12:00:00,99.35962512061653,18.80769429969756
542,838,42,2024-01-23 13:00:00,65.54526662557006,7.097937090659368
543,114,24,2024-01-23 14:00:00,69.01202076181123,18.04730475040035
544,399,11,2024-01-23 15:00:00,83.46322999699872,15.349766671337505
545,697,17,2024-01-23 16:00:00,65.74843785061279,5.781649056460162
546,257,30,2024-01-23 17:00:00,85.63849607705362,13.39254751853672
547,90,17,2024-01-23 18:00:00,84.59864246024816,17.93758041038653
548,797,49,2024-01-23 19:00:00,81.24002283817262,18.19477426390572
549,578,8,2024-01-23 20:00:00,77.21363704695727,9.877097387484547
550,278,47,2024-01-23 21:00:00,93.28856783448799,15.295236426861209
551,957,47,2024-01-23 22:00:00,91.12150289992098,15.311119527180756
552,541,3,2024-01-23 23:00:00,84.319678612292,14.586151298985651
553,9,39,2024-01-24 00:00:00,88.94143298607005,5.127982768253185
554,809,14,2024-01-24 01:00:00,80.92934865536662,19.819755596258684
555,21,39,2024-01-24 02:00:00,65.61794244283232,13.034912913923009
556,439,44,2024-01-24 03:00:00,66.29536562378728,8.811412136462849
557,761,2,2024-01-24 04:00:00,71.5130454852254,5.162982636694423
558,608,37,2024-01-24 05:00:00,88.15618308258155,18.638409809694
559,992,32,2024-01-24 06:00:00,65.33769685467934,14.284747793497667
560,623,32,2024-01-24 07:00:00,81.04800043997417,2.2412533237303087
561,748,33,2024-01-24 08:00:00,96.03286174695437,4.182634213649481
562,552,13,2024-01-24 09:00:00,91.93800263677113,6.941572148085978
563,282,31,2024-01-24 10:00:00,88.41537303409065,17.52949579787353
564,688,7,2024-01-24 11:00:00,68.54149318608494,8.271403087108535
565,126,19,2024-01-24 12:00:00,89.83766035984183,2.1053442817245855
566,717,20,2024-01-24 13:00:00,63.00680466043524,15.168435818702187
567,899,34,2024-01-24 14:00:00,79.43538923583966,15.440175775783297
568,224,40,2024-01-24 15:00:00,83.05116737730884,7.569130851056463
569,545,46,2024-01-24 16:00:00,89.16900971248063,14.522682393018687
570,865,35,2024-01-24 17:00:00,82.00046625749592,7.901961461061368
571,298,20,2024-01-24 18:00:00,81.94918615497195,11.40251896644454
572,234,2,2024-01-24 19:00:00,76.13395703965023,14.186976223074609
573,77,50,2024-01-24 20:00:00,93.9981402946612,14.725789521906986
574,811,21,2024-01-24 21:00:00,66.10921049333466,6.191139104290537
575,966,28,2024-01-24 22:00:00,76.26728526241956,6.115608155082086
576,516,21,2024-01-24 23:00:00,70.61223522901483,13.727707930089531
577,870,25,2024-01-25 00:00:00,69.65849066816914,5.026636824416977
578,704,45,2024-01-25 01:00:00,73.07934759436776,2.2345031705248104
579,198,38,2024-01-25 02:00:00,87.45975551926603,8.917448873957724
580,435,50,2024-01-25 03:00:00,67.06859031432957,6.245091057011894
581,451,43,2024-01-25 04:00:00,96.17603253881738,16.931536839781707
582,731,48,2024-01-25 05:00:00,96.93941795008078,15.125613993744503
583,232,8,2024-01-25 06:00:00,74.70712324891946,14.55667945199353
584,468,10,2024-01-25 07:00:00,72.180792002297,3.789340596457703
585,402,25,2024-01-25 08:00:00,88.69366729003902,10.71212598196906
586,916,17,2024-01-25 09:00:00,82.9318632797251,13.348579131405867
587,670,25,2024-01-25 10:00:00,62.93827869773932,8.819549428711783
588,202,43,2024-01-25 11:00:00,94.63740574274462,17.824332711419597
589,180,44,2024-01-25 12:00:00,96.59322599773803,13.538257134851918
590,791,20,2024-01-25 13:00:00,65.13046541788059,15.844498623005103
591,303,20,2024-01-25 14:00:00,92.20452943765203,11.947899136366606
592,387,25,2024-01-25 15:00:00,76.83300864659452,11.13326045727158
593,756,24,2024-01-25 16:00:00,62.07503152572188,13.075457233672557
594,50,2,2024-01-25 17:00:00,61.76705607393218,16.88951737932106
595,378,34,2024-01-25 18:00:00,93.18982292520201,12.97420329050154
596,510,5,2024-01-25 19:00:00,67.59866230771024,10.538408561795299
597,521,2,2024-01-25 20:00:00,95.86450652982322,15.322809517431846
598,497,1,2024-01-25 21:00:00,66.85394604821853,15.303008457448936
599,403,15,2024-01-25 22:00:00,84.32419991962927,2.8058290405107433
600,420,13,2024-01-25 23:00:00,63.591953125098854,17.63602382873676
601,936,23,2024-01-26 00:00:00,86.47245764508855,6.78093171490034
602,923,23,2024-01-26 01:00:00,63.32723866448883,17.203222951895768
603,746,5,2024-01-26 02:00:00,77.8914180986605,15.803025433836178
604,348,42,2024-01-26 03:00:00,95.11074581488165,10.143103250606227
605,235,4,2024-01-26 04:00:00,66.4026088191709,6.421274305982912
606,627,3,2024-01-26 05:00:00,64.89325629869052,15.74322674733484
607,72,4,2024-01-26 06:00:00,79.93632702401018,6.18738206374465
608,106,26,2024-01-26 07:00:00,89.03638185714152,2.9845693727786244
609,496,20,2024-01-26 08:00:00,88.42965389225233,9.91003645019532
610,584,8,2024-01-26 09:00:00,77.57778804344332,5.081123719498272
611,594,34,2024-01-26 10:00:00,71.49228940958207,18.23977164552196
612,891,9,2024-01-26 11:00:00,74.69427447702294,8.523564178407833
613,661,5,2024-01-26 12:00:00,71.14516902216388,19.509707558964546
614,494,31,2024-01-26 13:00:00,90.97000871675412,10.032478270479407
615,653,47,2024-01-26 14:00:00,63.30751923280008,10.919463910220172
616,795,35,2024-01-26 15:00:00,69.32221096264327,9.257644111690874
617,751,36,2024-01-26 16:00:00,66.05628809879651,4.063801037319328
618,892,44,2024-01-26 17:00:00,67.36011593976951,10.535437384354763
619,574,36,2024-01-26 18:00:00,65.75757164041632,5.8901295032754035
620,296,5,2024-01-26 19:00:00,78.22968090525221,15.719700612207058
621,821,11,2024-01-26 20:00:00,60.64577496577894,14.310023294675606
622,720,23,2024-01-26 21:00:00,92.14170578363306,2.5308876906750655
623,296,44,2024-01-26 22:00:00,98.5100303267326,19.3943570412321
624,127,48,2024-01-26 23:00:00,65.97948054733237,16.84120485454305
625,265,22,2024-01-27 00:00:00,68.384941552689,9.277166437403825
626,411,33,2024-01-27 01:00:00,98.11257258144511,11.788347752709848
627,721,30,2024-01-27 02:00:00,82.4170514242127,13.100500387753629
628,259,49,2024-01-27 03:00:00,62.633264130509005,14.269606037823394
629,824,49,2024-01-27 04:00:00,95.6801189066776,9.622017475414633
630,181,37,2024-01-27 05:00:00,83.33527595902802,7.461281757965855
631,772,43,2024-01-27 06:00:00,92.74589761034841,4.616205868342819
632,296,10,2024-01-27 07:00:00,87.53393111992568,19.064211733516203
633,180,37,2024-01-27 08:00:00,62.96906118538998,15.380816021064916
634,824,34,2024-01-27 09:00:00,76.01052287642949,7.002297921079162
635,833,50,2024-01-27 10:00:00,76.41429249275718,12.860221296744504
636,206,25,2024-01-27 11:00:00,99.74783347000718,15.286667061002337
637,200,22,2024-01-27 12:00:00,63.608754087914285,8.30356698745338
638,839,7,2024-01-27 13:00:00,74.95961389743297,17.332490420210053
639,30,30,2024-01-27 14:00:00,98.22566146558484,17.91966779541328
640,25,10,2024-01-27 15:00:00,98.17919166803308,4.7983164705340915
641,39,3,2024-01-27 16:00:00,62.9937904998587,7.274567114734608
642,720,17,2024-01-27 17:00:00,67.96145664018091,6.412594950498856
643,331,36,2024-01-27 18:00:00,63.28621408401982,3.9491674381088804
644,153,10,2024-01-27 19:00:00,91.79239955453605,15.242686899018551
645,33,22,2024-01-27 20:00:00,98.20366331447028,3.5265226890172174
646,959,4,2024-01-27 21:00:00,72.52061052847607,15.45199340465266
647,509,41,2024-01-27 22:00:00,65.31286803399831,12.170245184485813
648,822,5,2024-01-27 23:00:00,82.54428306876686,15.393753159574658
649,116,23,2024-01-28 00:00:00,65.89348851316674,12.5739158896683
650,435,43,2024-01-28 01:00:00,86.2294213889321,18.18591918188904
651,624,2,2024-01-28 02:00:00,85.51133413615611,6.11228718133737
652,981,14,2024-01-28 03:00:00,87.4638918313554,12.589256392752404
653,180,2,2024-01-28 04:00:00,89.37346976510484,10.82784920160546
654,436,40,2024-01-28 05:00:00,94.16610605926252,10.92084145564549
655,714,29,2024-01-28 06:00:00,85.01689776378075,11.39665041662762
656,952,8,2024-01-28 07:00:00,65.82878642219411,16.41287691579405
657,626,16,2024-01-28 08:00:00,72.24607876848503,10.194498446896615
658,585,28,2024-01-28 09:00:00,63.221572550233155,14.97339363518923
659,1,28,2024-01-28 10:00:00,80.68407870964529,15.502809297017414
660,226,3,2024-01-28 11:00:00,67.09078690418066,10.716962575378524
661,31,35,2024-01-28 12:00:00,98.40657635852484,4.102055420327657
662,789,28,2024-01-28 13:00:00,84.5552997258285,3.1882997561838438
663,24,41,2024-01-28 14:00:00,62.171058244012166,12.649076390452054
664,531,48,2024-01-28 15:00:00,81.6519502222397,2.809741386633333
665,61,26,2024-01-28 16:00:00,86.59020481448181,3.3024179464348893
666,112,26,2024-01-28 17:00:00,80.82064796118806,13.504464653855582
667,444,21,2024-01-28 18:00:00,60.99009673531754,16.736164662693696
668,636,21,2024-01-28 19:00:00,82.59250300474824,6.303825386773314
669,469,47,2024-01-28 20:00:00,91.36310359144278,12.601069480353445
670,921,42,2024-01-28 21:00:00,82.33126815043771,13.34637082405806
671,532,45,2024-01-28 22:00:00,94.32275906599426,9.561593029618926
672,117,25,2024-01-28 23:00:00,72.6902054808043,6.242521133020827
673,154,16,2024-01-29 00:00:00,71.96634182588959,14.311070926129759
674,127,42,2024-01-29 01:00:00,71.16105866050347,8.624909703999256
675,519,8,2024-01-29 02:00:00,80.14952453287783,3.2113447351860094
676,451,33,2024-01-29 03:00:00,87.02265311860766,6.256150332928648
677,1000,26,2024-01-29 04:00:00,99.31333829661673,11.000972884650619
678,312,5,2024-01-29 05:00:00,75.10547759000463,15.144141525867264
679,72,24,2024-01-29 06:00:00,98.8585059046091,10.999519383969325
680,501,39,2024-01-29 07:00:00,65.79866024739293,5.288823620023241
681,94,3,2024-01-29 08:00:00,67.31121527072249,15.220272392622121
682,523,49,2024-01-29 09:00:00,82.98361460876589,11.539369424538592
683,456,23,2024-01-29 10:00:00,86.98631100979152,10.086435741690838
684,249,44,2024-01-29 11:00:00,74.8488528782264,12.945517645178771
685,485,43,2024-01-29 12:00:00,77.9666662199074,16.94105951697661
686,401,41,2024-01-29 13:00:00,86.84785029580186,16.127424372451465
687,584,30,2024-01-29 14:00:00,76.93992354230679,14.587084544849443
688,175,10,2024-01-29 15:00:00,71.097716724806,8.545038855226958
689,940,5,2024-01-29 16:00:00,69.28518257303308,17.968056352874903
690,192,9,2024-01-29 17:00:00,68.65913520121289,11.782457554783784
691,414,40,2024-01-29 18:00:00,87.98977615636849,6.035124071877787
692,555,37,2024-01-29 19:00:00,81.45495819370765,2.8468869960325236
693,235,42,2024-01-29 20:00:00,97.40137490717251,5.6720617243439
694,528,36,2024-01-29 21:00:00,65.06599552907375,5.249928667036515
695,119,25,2024-01-29 22:00:00,78.64562137997643,6.132433459781873
696,260,45,2024-01-29 23:00:00,96.72598623518527,16.176383456005542
697,341,27,2024-01-30 00:00:00,85.62516970023347,13.324909176747147
698,50,9,2024-01-30 01:00:00,80.48233071021605,11.247825262587806
699,546,44,2024-01-30 02:00:00,77.50148629801302,7.85943840767641
700,766,28,2024-01-30 03:00:00,79.70104616158665,2.267927898795504
701,744,41,2024-01-30 04:00:00,87.9724949710042,6.822734578145576
702,291,38,2024-01-30 05:00:00,84.08462386385682,13.702100608729527
703,64,45,2024-01-30 06:00:00,70.00299163719757,9.921535807681384
704,269,6,2024-01-30 07:00:00,97.83208522619839,12.386204088263186
705,875,45,2024-01-30 08:00:00,66.92800973842613,4.362817071703453
706,539,22,2024-01-30 09:00:00,60.04579094942769,8.946707737054135
707,456,47,2024-01-30 10:00:00,82.86066632476943,19.63320039401989
708,937,48,2024-01-30 11:00:00,95.9375204746403,4.746957273946117
709,810,26,2024-01-30 12:00:00,65.54125604511125,13.360459155084039
710,925,46,2024-01-30 13:00:00,93.2875174651421,9.162112491800912
711,254,8,2024-01-30 14:00:00,66.54753821990258,14.341952989142731
712,656,27,2024-01-30 15:00:00,74.92393967710521,11.616397826465638
713,235,33,2024-01-30 16:00:00,71.03117077017423,14.57380339993103
714,181,6,2024-01-30 17:00:00,81.34907794841848,11.26714213848782
715,558,39,2024-01-30 18:00:00,96.17720675548662,11.31599770118237
716,965,19,2024-01-30 19:00:00,92.40028946647905,12.990194306648648
717,805,14,2024-01-30 20:00:00,99.54709909327391,10.410037214488494
718,360,13,2024-01-30 21:00:00,71.36423792451025,4.0564280077195445
719,744,5,2024-01-30 22:00:00,63.65513049786426,8.143323582773602
720,490,42,2024-01-30 23:00:00,62.71475633046307,6.23627186200423
721,956,6,2024-01-31 00:00:00,85.814258277795,10.89312032897548
722,714,28,2024-01-31 01:00:00,98.34126305614198,19.485318430920476
723,143,23,2024-01-31 02:00:00,78.65154823288847,4.392856741234851
724,917,23,2024-01-31 03:00:00,68.63882238600168,10.143200140703257
725,802,33,2024-01-31 04:00:00,68.03050728663334,18.60452649447946
726,726,39,2024-01-31 05:00:00,98.5816156483341,5.398529683122092
727,726,14,2024-01-31 06:00:00,72.92849437353001,17.124632370893867
728,9,33,2024-01-31 07:00:00,98.2322092481246,2.590335009805515
729,666,48,2024-01-31 08:00:00,75.04823320503966,7.080044461224706
730,845,40,2024-01-31 09:00:00,89.04224033165768,8.58936460596987
731,758,44,2024-01-31 10:00:00,84.76570851324018,16.294368329193514
732,402,45,2024-01-31 11:00:00,69.031933784176,17.609697340564757
733,769,37,2024-01-31 12:00:00,94.4084361308646,6.659548859836924
734,791,39,2024-01-31 13:00:00,71.80191001705806,5.44581761925646
735,289,16,2024-01-31 14:00:00,99.78930341104528,12.662820649919718
736,431,34,2024-01-31 15:00:00,78.49653116479624,9.026064601981993
737,95,6,2024-01-31 16:00:00,68.92235363717752,3.0633718817577655
738,890,5,2024-01-31 17:00:00,60.44835596201719,8.797835786651428
739,789,29,2024-01-31 18:00:00,94.18901487252458,5.37362978294842
740,727,25,2024-01-31 19:00:00,89.19308826885685,10.630136502409915
741,208,26,2024-01-31 20:00:00,74.58747009868756,16.016396823644108
742,61,44,2024-01-31 21:00:00,72.70560153724732,2.5087342515409308
743,795,37,2024-01-31 22:00:00,72.96949612756305,9.750941736267851
744,741,9,2024-01-31 23:00:00,71.97885971174094,18.836750370622934
745,447,8,2024-02-01 00:00:00,77.38933873883876,10.184476973641477
746,102,38,2024-02-01 01:00:00,79.73993095887795,10.899056478124734
747,692,22,2024-02-01 02:00:00,70.87265703249133,13.738040183348108
748,448,40,2024-02-01 03:00:00,61.43703458113902,7.325093335845581
749,654,35,2024-02-01 04:00:00,70.25960987204131,2.2489466113790426
750,869,12,2024-02-01 05:00:00,87.54784251139013,16.36722513998114
751,431,37,2024-02-01 06:00:00,64.23330924358797,2.555233875156146
752,775,24,2024-02-01 07:00:00,62.81737310836073,15.852987228047976
753,332,21,2024-02-01 08:00:00,60.71131623137417,10.370021457947589
754,668,44,2024-02-01 09:00:00,90.66061528052168,19.277993525766828
755,387,7,2024-02-01 10:00:00,89.40700437771535,18.457814598360155
756,406,40,2024-02-01 11:00:00,77.02180763306704,13.737841371721343
757,755,8,2024-02-01 12:00:00,66.51220565557051,11.853227126348433
758,597,2,2024-02-01 13:00:00,67.50185074375561,4.568076520908215
759,703,20,2024-02-01 14:00:00,82.5216838478388,4.5432186432358534
760,285,22,2024-02-01 15:00:00,92.04708524952093,6.904079937811717
761,404,31,2024-02-01 16:00:00,96.95672400637976,17.6172501695185
762,579,24,2024-02-01 17:00:00,63.12138993199191,16.865826794223842
763,475,3,2024-02-01 18:00:00,70.66632316166597,3.506639972854207
764,725,11,2024-02-01 19:00:00,87.00555868702197,4.809345887194423
765,873,43,2024-02-01 20:00:00,66.7013124256357,14.63143726540371
766,417,48,2024-02-01 21:00:00,89.37741932242295,11.039913486777658
767,606,37,2024-02-01 22:00:00,91.71000519241873,19.496429041265436
768,560,17,2024-02-01 23:00:00,73.24232431383786,12.92631509172368
769,359,28,2024-02-02 00:00:00,76.10261399288456,7.308320198380384
770,809,45,2024-02-02 01:00:00,95.0907709782953,5.901026488334461
771,123,43,2024-02-02 02:00:00,80.8570453654786,12.064393708897015
772,649,45,2024-02-02 03:00:00,83.69197969480393,17.2041482611876
773,688,49,2024-02-02 04:00:00,63.36792862998718,12.054379318852133
774,486,29,2024-02-02 05:00:00,62.02281883169472,13.943997351695636
775,215,28,2024-02-02 06:00:00,84.17611696921475,15.985586779165281
776,182,12,2024-02-02 07:00:00,93.65858044238422,15.878055095830364
777,535,17,2024-02-02 08:00:00,93.20738292811293,7.197292199748513
778,193,10,2024-02-02 09:00:00,74.20109289194583,2.9893341815226604
779,661,24,2024-02-02 10:00:00,67.1878677766631,9.724890056815031
780,416,7,2024-02-02 11:00:00,65.72542750334247,9.208956709380702
781,365,19,2024-02-02 12:00:00,64.20433997840085,14.395121301897332
782,666,46,2024-02-02 13:00:00,89.25267656917131,15.617012882475178
783,33,38,2024-02-02 14:00:00,77.01080877393974,18.350813828679026
784,188,42,2024-02-02 15:00:00,66.45677962288865,9.60821625997798
785,905,1,2024-02-02 16:00:00,89.19347844586859,17.475690515529603
786,81,22,2024-02-02 17:00:00,84.32340845304454,14.882677223727073
787,582,17,2024-02-02 18:00:00,77.67863577825658,13.19202924902962
788,942,37,2024-02-02 19:00:00,86.21262214077385,16.157121768716678
789,7,37,2024-02-02 20:00:00,79.31107329222995,18.766060634331943
790,128,50,2024-02-02 21:00:00,78.05509296750674,18.654382201556004
791,7,26,2024-02-02 22:00:00,79.9384464192187,16.750576425690586
792,633,45,2024-02-02 23:00:00,62.51947460250932,7.6092815955666575
793,741,36,2024-02-03 00:00:00,92.96310150587584,7.414500833088031
794,965,39,2024-02-03 01:00:00,98.14903741195062,8.966383011959294
795,161,16,2024-02-03 02:00:00,68.73186754497915,12.241432068226635
796,114,8,2024-02-03 03:00:00,80.15266082780975,16.601544211244683
797,138,11,2024-02-03 04:00:00,77.1967703208818,13.603209551070572
798,721,34,2024-02-03 05:00:00,79.84003040573232,19.646313568912596
799,872,22,2024-02-03 06:00:00,68.53833136137959,11.602710745351443
800,796,18,2024-02-03 07:00:00,91.95097518344764,3.2105256645845364
801,687,15,2024-02-03 08:00:00,98.71075330371013,3.64324598173868
802,814,18,2024-02-03 09:00:00,89.48773779902449,17.934585827026147
803,534,47,2024-02-03 10:00:00,62.83223499026045,13.099153229984477
804,533,33,2024-02-03 11:00:00,96.82644290890943,15.358830478867336
805,766,3,2024-02-03 12:00:00,63.383214448850374,8.253219003104391
806,367,15,2024-02-03 13:00:00,77.19332746857599,9.371296484850092
807,184,17,2024-02-03 14:00:00,81.5011144943667,8.977724620046876
808,288,37,2024-02-03 15:00:00,77.50000678020768,14.980270849044022
809,160,15,2024-02-03 16:00:00,85.90550743245397,2.8662058076196724
810,371,48,2024-02-03 17:00:00,96.69165075236084,3.8556145658763272
811,676,18,2024-02-03 18:00:00,80.0482522314916,18.576535057472945
812,415,28,2024-02-03 19:00:00,89.30648686146061,17.597593002815533
813,838,36,2024-02-03 20:00:00,93.7782835311373,15.089879400154397
814,822,20,2024-02-03 21:00:00,90.29741406777023,17.4018665999333
815,277,42,2024-02-03 22:00:00,95.15781248195793,9.175328012788981
816,35,19,2024-02-03 23:00:00,84.98583128329015,18.260066545346955
817,718,44,2024-02-04 00:00:00,83.16800951529623,16.96030559819639
818,23,9,2024-02-04 01:00:00,75.18779669611334,6.873835739772081
819,254,7,2024-02-04 02:00:00,66.07752783861895,10.289185369092863
820,682,28,2024-02-04 03:00:00,71.61374134437995,11.58956321864531
821,766,50,2024-02-04 04:00:00,89.48862170807558,12.633571983458143
822,536,12,2024-02-04 05:00:00,96.43037182276389,9.961123303322017
823,350,18,2024-02-04 06:00:00,66.12863875150494,5.98985506596631
824,330,46,2024-02-04 07:00:00,69.7000429091264,16.646288095033377
825,837,42,2024-02-04 08:00:00,88.91494644856698,5.449575489138934
826,383,47,2024-02-04 09:00:00,94.2483831547143,7.248822566322528
827,637,46,2024-02-04 10:00:00,84.95793298227386,8.154280843759594
828,763,25,2024-02-04 11:00:00,79.05174476997279,3.6404862215195153
829,426,16,2024-02-04 12:00:00,89.35949412618164,2.840405047875144
830,670,31,2024-02-04 13:00:00,90.27297236283044,10.819689912174551
831,711,39,2024-02-04 14:00:00,78.44694253031113,11.268135779237703
832,390,25,2024-02-04 15:00:00,68.5036051683673,14.466522460141684
833,200,8,2024-02-04 16:00:00,86.45838125155329,16.02338033873698
834,820,35,2024-02-04 17:00:00,95.49906405474582,14.848377229674046
835,218,21,2024-02-04 18:00:00,72.05146182730645,17.488804145995005
836,507,13,2024-02-04 19:00:00,76.86338302262234,14.363951270439992
837,850,21,2024-02-04 20:00:00,79.0499382064284,4.172738699835465
838,484,49,2024-02-04 21:00:00,86.78175380500241,15.010286028092066
839,922,22,2024-02-04 22:00:00,94.86488536468728,13.876261495920094
840,356,40,2024-02-04 23:00:00,88.94554091753506,5.9874792252280375
841,553,6,2024-02-05 00:00:00,70.10954856111876,14.779808194119425
842,452,45,2024-02-05 01:00:00,94.74878548886618,6.049048985290245
843,694,46,2024-02-05 02:00:00,82.43419786209432,4.663046614934892
844,828,47,2024-02-05 03:00:00,68.23539519922831,11.636965766463765
845,845,21,2024-02-05 04:00:00,97.53002729182592,16.65164895852461
846,951,6,2024-02-05 05:00:00,68.62764841900044,16.52752653340267
847,920,41,2024-02-05 06:00:00,84.38535773903749,9.900464326680227
848,375,43,2024-02-05 07:00:00,87.78015647340058,2.8110143162130043
849,863,26,2024-02-05 08:00:00,99.1019215100893,5.097182815405619
850,127,5,2024-02-05 09:00:00,76.08852116331927,8.967838280156336
851,214,39,2024-02-05 10:00:00,95.17303633560428,13.848201540612196
852,424,33,2024-02-05 11:00:00,93.34281514479466,13.038359845894476
853,466,40,2024-02-05 12:00:00,67.13104720932812,13.623361368392032
854,704,20,2024-02-05 13:00:00,82.73423118589534,9.60055519751997
855,930,35,2024-02-05 14:00:00,66.71288992105876,2.357953750082967
856,471,45,2024-02-05 15:00:00,74.44587127400712,4.298058479608023
857,39,29,2024-02-05 16:00:00,84.03345649043958,9.3122691938198
858,751,46,2024-02-05 17:00:00,73.47014851363039,16.429090238998754
859,485,4,2024-02-05 18:00:00,78.0522530615637,17.742386283841547
860,122,47,2024-02-05 19:00:00,94.67267393238708,3.3931681237529068
861,239,47,2024-02-05 20:00:00,94.92340712002981,14.930218874234072
862,769,39,2024-02-05 21:00:00,62.20654055484205,19.833004739249116
863,379,6,2024-02-05 22:00:00,66.81793069420912,14.13125918555976
864,746,48,2024-02-05 23:00:00,73.35397871628277,19.73684981370798
865,532,43,2024-02-06 00:00:00,72.91743232144847,12.667371777903842
866,623,2,2024-02-06 01:00:00,84.0701818532842,2.42729643886605
867,665,12,2024-02-06 02:00:00,96.8421616834903,16.57061960463075
868,134,13,2024-02-06 03:00:00,76.52623106292802,5.613044188189826
869,116,23,2024-02-06 04:00:00,63.510990360750974,12.999701086056863
870,94,25,2024-02-06 05:00:00,91.27632775845437,14.892883718758732
871,468,37,2024-02-06 06:00:00,64.28839136893485,18.79832449876254
872,969,5,2024-02-06 07:00:00,61.4497214857436,5.354327787310637
873,632,27,2024-02-06 08:00:00,99.48330589120215,11.81747403184745
874,881,42,2024-02-06 09:00:00,62.343785121720295,15.988940703905632
875,466,6,2024-02-06 10:00:00,77.43183981530822,15.838633041612832
876,744,48,2024-02-06 11:00:00,93.92300104744358,15.048462121446786
877,771,24,2024-02-06 12:00:00,66.18821001776475,11.925740794950908
878,676,49,2024-02-06 13:00:00,64.5670153641722,2.8325848468445827
879,838,27,2024-02-06 14:00:00,87.5893329337019,8.91564549907854
880,678,31,2024-02-06 15:00:00,69.30587771695306,14.693518629408851
881,65,46,2024-02-06 16:00:00,98.19031890256751,10.906599278751077
882,83,22,2024-02-06 17:00:00,98.25692114331753,9.548606116808468
883,294,40,2024-02-06 18:00:00,86.42612252781932,8.629860316135174
884,284,19,2024-02-06 19:00:00,62.1493617737962,11.610575454642886
885,943,40,2024-02-06 20:00:00,76.2185718772805,5.34552112964003
886,969,3,2024-02-06 21:00:00,63.99153722699658,2.293055542686659
887,47,3,2024-02-06 22:00:00,92.05113898435437,16.775024933830974
888,255,14,2024-02-06 23:00:00,81.45862935489039,19.259164481621045
889,522,22,2024-02-07 00:00:00,97.08567599033701,15.394381850545342
890,344,6,2024-02-07 01:00:00,96.30079680952524,4.766460786016678
891,474,23,2024-02-07 02:00:00,73.04219495168854,6.4042884492325864
892,968,38,2024-02-07 03:00:00,84.32135924987858,3.1130945297442056
893,133,35,2024-02-07 04:00:00,81.13196818829726,12.585561150991865
894,909,10,2024-02-07 05:00:00,72.3361073844121,18.56624768570223
895,342,41,2024-02-07 06:00:00,72.3779053486337,18.64058880698591
896,546,19,2024-02-07 07:00:00,60.96475668928705,4.577882178611247
897,921,20,2024-02-07 08:00:00,66.61145374010707,13.385505470731108
898,663,41,2024-02-07 09:00:00,94.26553953210222,4.052534742823378
899,233,46,2024-02-07 10:00:00,62.38629417895913,8.445582529938342
900,880,47,2024-02-07 11:00:00,84.84863463885152,14.686572808022872
901,341,1,2024-02-07 12:00:00,80.27354908536672,2.8001923650745426
902,771,30,2024-02-07 13:00:00,79.38386698765869,9.74331907079458
903,776,4,2024-02-07 14:00:00,68.10883540956496,4.097512693210225
904,686,45,2024-02-07 15:00:00,93.28393380547371,18.95353394676365
905,242,42,2024-02-07 16:00:00,71.19206891925772,12.462998112764117
906,958,33,2024-02-07 17:00:00,76.92189250925878,11.44256648538548
907,679,40,2024-02-07 18:00:00,62.94324490844241,11.47814038035734
908,819,4,2024-02-07 19:00:00,89.22793424130836,8.978138942967512
909,231,10,2024-02-07 20:00:00,70.74904182181999,14.669476983429924
910,790,25,2024-02-07 21:00:00,82.49560080488483,8.715490922595817
911,813,39,2024-02-07 22:00:00,63.09427219518063,9.706520267808179
912,203,22,2024-02-07 23:00:00,68.18071007857496,9.334921812129624
913,663,27,2024-02-08 00:00:00,75.8324863124645,8.153623415330996
914,433,30,2024-02-08 01:00:00,67.9631141947803,11.132533193797556
915,336,25,2024-02-08 02:00:00,91.20404313857324,4.8340372214344836
916,756,11,2024-02-08 03:00:00,80.73959821442882,11.668150100615938
917,636,10,2024-02-08 04:00:00,78.84639009860479,19.4823847428131
918,691,31,2024-02-08 05:00:00,92.82647316757335,6.564676833939824
919,540,20,2024-02-08 06:00:00,85.69007522473683,13.022003689604965
920,867,3,2024-02-08 07:00:00,83.02558967831268,12.391201735395796
921,874,20,2024-02-08 08:00:00,83.88989875879675,6.832942030397893
922,285,8,2024-02-08 09:00:00,83.0507100819593,14.776854600454035
923,955,40,2024-02-08 10:00:00,68.54859378297911,7.584042860122253
924,760,35,2024-02-08 11:00:00,72.67177919587292,7.304577242157379
925,870,36,2024-02-08 12:00:00,72.76872711590843,14.482053809900306
926,710,8,2024-02-08 13:00:00,94.0909948955341,11.450006032092329
927,753,27,2024-02-08 14:00:00,68.96885728208161,17.965416342253583
928,846,32,2024-02-08 15:00:00,66.92237340435895,4.5144196842197974
929,221,6,2024-02-08 16:00:00,93.42914951926554,15.757820409117846
930,497,33,2024-02-08 17:00:00,71.62466803744964,14.46104331557214
931,510,40,2024-02-08 18:00:00,88.24172952599338,4.735841704721979
932,924,4,2024-02-08 19:00:00,83.18470342935746,4.067326798010429
933,970,18,2024-02-08 20:00:00,89.08710509633238,3.681248637517496
934,622,31,2024-02-08 21:00:00,83.78277579363609,15.846866836242507
935,431,41,2024-02-08 22:00:00,82.35455660555075,15.258572883576921
936,516,22,2024-02-08 23:00:00,62.76323412057078,16.830377131688678
937,472,38,2024-02-09 00:00:00,66.49037838279074,15.308974447662246
938,642,36,2024-02-09 01:00:00,67.10009783588376,18.353759254669512
939,366,8,2024-02-09 02:00:00,90.4206707219092,2.5975321347912694
940,64,47,2024-02-09 03:00:00,73.08689193970301,3.7370341539517273
941,285,1,2024-02-09 04:00:00,76.3341861948065,2.9901718509205146
942,857,4,2024-02-09 05:00:00,86.11076931115704,13.230724767120497
943,95,33,2024-02-09 06:00:00,75.77879791058288,3.373449469868722
944,943,10,2024-02-09 07:00:00,82.15042875518017,17.197903079843183
945,238,30,2024-02-09 08:00:00,79.2831719478856,17.82423392781473
946,527,6,2024-02-09 09:00:00,94.84448155718697,17.56213970195995
947,166,13,2024-02-09 10:00:00,89.84209781097076,18.040533637150443
948,865,43,2024-02-09 11:00:00,87.95043776937877,19.552280379489993
949,242,32,2024-02-09 12:00:00,88.61576424158824,7.202533658128522
950,689,25,2024-02-09 13:00:00,85.52929840574684,11.880716329548717
951,200,47,2024-02-09 14:00:00,93.73460584586813,5.219839362653409
952,552,2,2024-02-09 15:00:00,70.95714728545367,2.1175856671995543
953,912,41,2024-02-09 16:00:00,74.02041182140948,9.048626455044047
954,102,21,2024-02-09 17:00:00,64.17338358437512,2.685059805205613
955,364,21,2024-02-09 18:00:00,80.62396536374291,16.63439065374181
956,802,20,2024-02-09 19:00:00,69.73168186126448,18.288819187970358
957,895,5,2024-02-09 20:00:00,94.10764995258526,7.595429505635785
958,646,32,2024-02-09 21:00:00,85.33082738836367,4.354683520951231
959,359,12,2024-02-09 22:00:00,79.03507096676293,8.971345016579463
960,488,50,2024-02-09 23:00:00,66.12051434163885,10.678074373334946
961,753,38,2024-02-10 00:00:00,84.12856496542902,9.31101768159826
962,855,50,2024-02-10 01:00:00,84.155854096121,13.028465297172994
963,949,37,2024-02-10 02:00:00,83.19324071928745,14.133337635429424
964,626,46,2024-02-10 03:00:00,63.61963395093497,18.01412634767805
965,149,48,2024-02-10 04:00:00,90.36859561637178,15.482785071762427
966,355,27,2024-02-10 05:00:00,95.6232337464871,15.024255694319043
967,239,10,2024-02-10 06:00:00,80.67403455135441,4.3632768089217695
968,925,27,2024-02-10 07:00:00,78.64691384973193,12.572691388715034
969,483,50,2024-02-10 08:00:00,66.46397973048842,16.79199905006059
970,514,23,2024-02-10 09:00:00,70.25482449050801,8.047018023524064
971,865,35,2024-02-10 10:00:00,62.1207817769786,18.82003276655523
972,282,31,2024-02-10 11:00:00,64.76473663188946,15.616967808527068
973,812,49,2024-02-10 12:00:00,84.07976007252171,8.003754179441735
974,480,40,2024-02-10 13:00:00,60.547043716443284,5.7836610009454255
975,18,24,2024-02-10 14:00:00,90.18051917257463,11.408836259817654
976,354,29,2024-02-10 15:00:00,65.43549857873508,5.665708830761262
977,30,35,2024-02-10 16:00:00,77.47028352617586,10.032866521767957
978,620,16,2024-02-10 17:00:00,72.35086706499088,17.8888168471711
979,23,23,2024-02-10 18:00:00,82.71434752862889,3.1934260194529447
980,48,13,2024-02-10 19:00:00,95.3230622257702,2.7874256688846746
981,439,26,2024-02-10 20:00:00,87.80052667229435,14.544438349810562
982,212,2,2024-02-10 21:00:00,80.72161962210586,8.112988419438194
983,494,8,2024-02-10 22:00:00,85.4756635843637,11.310972150607173
984,639,4,2024-02-10 23:00:00,97.92913775535985,13.299466809567436
985,506,9,2024-02-11 00:00:00,93.67911159215527,12.595994039588255
986,23,3,2024-02-11 01:00:00,82.20875699680501,15.418870281466079
987,552,31,2024-02-11 02:00:00,89.96146551696097,12.765742148213198
988,576,10,2024-02-11 03:00:00,74.49980496638669,7.422723732865609
989,72,49,2024-02-11 04:00:00,81.23506253125927,14.746242869800794
990,398,3,2024-02-11 05:00:00,99.82067602168726,6.533699066024152
991,380,6,2024-02-11 06:00:00,66.8381294806443,9.364671923696148
992,471,40,2024-02-11 07:00:00,87.82644285394848,10.04157742333095
993,878,23,2024-02-11 08:00:00,74.85224451870609,17.51896531341985
994,78,35,2024-02-11 09:00:00,89.74698007708845,18.24706942444998
995,2,6,2024-02-11 10:00:00,70.01287118152298,9.140544495803312
996,378,45,2024-02-11 11:00:00,64.7936415203706,10.94522180017337
997,4,12,2024-02-11 12:00:00,61.303969416491626,5.885898833525855
998,728,31,2024-02-11 13:00:00,82.69762513704782,14.688911734951395
999,243,36,2024-02-11 14:00:00,76.68613631925155,12.587305263086682
1000,868,13,2024-02-11 15:00:00,60.86288125968392,13.455720030462851
1001,265,13,2024-02-11 16:00:00,95.98724265513329,12.481296311304181
1002,528,26,2024-02-11 17:00:00,80.42273860763387,8.617726479650047
1003,864,2,2024-02-11 18:00:00,66.45506952733427,6.680419778842149
1004,160,45,2024-02-11 19:00:00,84.40187213634286,18.135236890771996
1005,27,22,2024-02-11 20:00:00,97.5398862294737,18.032691080756923
1006,15,9,2024-02-11 21:00:00,88.65192704580096,2.8000078840836373
1007,324,28,2024-02-11 22:00:00,92.70531709385975,2.0074483136869956
1008,228,48,2024-02-11 23:00:00,82.19191401932764,6.128610877766341
1009,793,41,2024-02-12 00:00:00,93.65666598934476,16.21202445211071
1010,15,10,2024-02-12 01:00:00,61.62430408995841,2.591555368808594
1011,764,50,2024-02-12 02:00:00,98.34802118896098,14.894398353844853
1012,12,22,2024-02-12 03:00:00,69.82133733845652,11.574762879791068
1013,71,18,2024-02-12 04:00:00,70.06653977112501,7.286496738350868
1014,740,18,2024-02-12 05:00:00,81.73431371288837,2.6354771446123504
1015,408,28,2024-02-12 06:00:00,86.10445113038455,7.720200523747551
1016,582,29,2024-02-12 07:00:00,63.96804921765631,7.134304382495901
1017,112,27,2024-02-12 08:00:00,76.98602885815922,8.120854067539511
1018,169,11,2024-02-12 09:00:00,84.83076108601185,15.48872551857172
1019,572,50,2024-02-12 10:00:00,85.19071222959336,14.695995008205797
1020,493,4,2024-02-12 11:00:00,92.93181173346967,15.554581742146356
1021,287,37,2024-02-12 12:00:00,92.75968060823996,10.437204469894592
1022,405,44,2024-02-12 13:00:00,82.10748113761255,11.44587384336189
1023,60,27,2024-02-12 14:00:00,83.67363132380599,12.960081937814483
1024,75,40,2024-02-12 15:00:00,62.299257989412986,10.453266550229191
1025,976,3,2024-02-12 16:00:00,80.27314875200595,2.797743819554385
1026,462,27,2024-02-12 17:00:00,84.16690636727608,17.10616875592619
1027,985,23,2024-02-12 18:00:00,61.0317525084286,18.278581016338098
1028,270,50,2024-02-12 19:00:00,81.75994320592191,17.155479345912823
1029,358,2,2024-02-12 20:00:00,71.77822879061488,19.12208755594048
1030,338,43,2024-02-12 21:00:00,73.64416518141208,5.101591860716129
1031,270,3,2024-02-12 22:00:00,72.66532228187171,9.902309661489907
1032,408,40,2024-02-12 23:00:00,85.72338328494853,13.570054497113276
1033,499,30,2024-02-13 00:00:00,80.66741925134548,5.113468782979845
1034,712,13,2024-02-13 01:00:00,85.67378347979222,4.719845777435706
1035,237,8,2024-02-13 02:00:00,90.81818659241816,10.902597115382566
1036,537,19,2024-02-13 03:00:00,86.07933847708661,11.544727125130759
1037,994,45,2024-02-13 04:00:00,94.23298610793121,6.867206803710596
1038,877,25,2024-02-13 05:00:00,73.85703894913705,19.360821486449517
1039,108,8,2024-02-13 06:00:00,81.81579391779101,8.888890218084484
1040,668,45,2024-02-13 07:00:00,81.09200766226793,10.076727960015669
1041,88,36,2024-02-13 08:00:00,98.57069775260172,9.159956109305964
1042,18,45,2024-02-13 09:00:00,94.94265237659178,10.759645098155733
1043,57,29,2024-02-13 10:00:00,80.11378611787914,11.04982319139442
1044,866,33,2024-02-13 11:00:00,87.59718019253722,15.23316148575675
1045,682,26,2024-02-13 12:00:00,82.30664905448646,9.822438125435365
1046,835,44,2024-02-13 13:00:00,95.38905709183778,15.398569547807154
1047,140,22,2024-02-13 14:00:00,87.98251706586619,5.791193458179935
1048,420,5,2024-02-13 15:00:00,74.57310026728686,18.73997908050505
1049,325,35,2024-02-13 16:00:00,75.69003062826621,5.520136988429037
1050,83,1,2024-02-13 17:00:00,90.48481885118863,6.844711384296709
1051,76,49,2024-02-13 18:00:00,70.8963175966661,2.7287112856377638
1052,859,36,2024-02-13 19:00:00,83.53831502738217,11.405652216826919
1053,273,27,2024-02-13 20:00:00,93.03405746199296,12.222744857389719
1054,171,49,2024-02-13 21:00:00,99.36274043266434,19.905547311946552
1055,92,21,2024-02-13 22:00:00,89.68144712558194,3.6004894902788465
1056,40,11,2024-02-13 23:00:00,64.45875194545579,19.53746554771815
1057,278,2,2024-02-14 00:00:00,81.30397053605243,7.416844311935244
1058,704,2,2024-02-14 01:00:00,60.01818686373556,9.421258956823241
1059,394,11,2024-02-14 02:00:00,96.19335038878154,18.479019644485614
1060,361,9,2024-02-14 03:00:00,82.62907749702237,13.984632307554076
1061,646,2,2024-02-14 04:00:00,88.55006366291857,2.434727949721381
1062,17,36,2024-02-14 05:00:00,84.66501619382208,18.71876544172265
1063,332,4,2024-02-14 06:00:00,72.0981316687778,18.083484781479548
1064,447,15,2024-02-14 07:00:00,62.64277744637305,3.944677599161726
1065,710,18,2024-02-14 08:00:00,73.78068876387518,4.955472326679219
1066,491,27,2024-02-14 09:00:00,97.49442667533566,13.3989982757243
1067,470,30,2024-02-14 10:00:00,73.60577898717222,9.38476596682689
1068,946,43,2024-02-14 11:00:00,78.06819393420426,13.933829279149327
1069,80,8,2024-02-14 12:00:00,91.79423836120237,13.234861752883688
1070,196,19,2024-02-14 13:00:00,61.940305689173236,3.0998043299474034
1071,921,20,2024-02-14 14:00:00,68.91659401244428,6.496126976370018
1072,33,50,2024-02-14 15:00:00,95.69869457548114,10.157861502200724
1073,761,44,2024-02-14 16:00:00,67.38695534880532,19.763042841393062
1074,1,31,2024-02-14 17:00:00,80.0009141908845,9.765423456440434
1075,591,29,2024-02-14 18:00:00,85.78601118714889,17.784007945987454
1076,128,18,2024-02-14 19:00:00,62.03744259136194,3.0874723337853247
1077,145,42,2024-02-14 20:00:00,83.97848853889649,6.530546105870887
1078,427,21,2024-02-14 21:00:00,77.79568124526016,7.922085609573186
1079,442,33,2024-02-14 22:00:00,90.12087543386302,2.0381085786095703
1080,147,10,2024-02-14 23:00:00,63.06824707880356,18.169507692983803
1081,566,13,2024-02-15 00:00:00,76.31589345016701,7.850180889175821
1082,370,14,2024-02-15 01:00:00,99.47274050360663,13.766288197263403
1083,339,17,2024-02-15 02:00:00,74.22554245802777,4.553253217028068
1084,596,18,2024-02-15 03:00:00,81.41596060387785,6.760803521665801
1085,769,33,2024-02-15 04:00:00,91.78390102655953,10.335256354223588
1086,215,12,2024-02-15 05:00:00,78.47794437072145,10.861065802464058
1087,656,34,2024-02-15 06:00:00,72.0910785349202,13.415066912308946
1088,664,9,2024-02-15 07:00:00,69.5719186509508,3.91901718361578
1089,724,31,2024-02-15 08:00:00,67.34111176601802,10.635700600186055
1090,975,32,2024-02-15 09:00:00,83.96882362436679,5.769517703465242
1091,192,2,2024-02-15 10:00:00,63.85172082746852,2.2472357272989543
1092,698,7,2024-02-15 11:00:00,95.47550067728298,19.240526523207194
1093,664,43,2024-02-15 12:00:00,84.29976140494183,17.901732642697212
1094,954,2,2024-02-15 13:00:00,67.96300597187533,15.427801935720161
1095,101,29,2024-02-15 14:00:00,97.01965128273278,9.865257611074885
1096,960,18,2024-02-15 15:00:00,81.98220960210719,13.021948425681046
1097,169,25,2024-02-15 16:00:00,89.3636873633767,19.187621922112864
1098,161,39,2024-02-15 17:00:00,68.38857360037787,2.3929573507146413
1099,224,30,2024-02-15 18:00:00,66.43517307063107,19.974990406528992
1100,442,46,2024-02-15 19:00:00,95.99020448853514,18.93207168210385
1101,893,26,2024-02-15 20:00:00,80.32580621603788,4.3247976587449966
1102,696,17,2024-02-15 21:00:00,63.93337306245738,11.771192931277604
1103,863,7,2024-02-15 22:00:00,86.1084185060291,2.0032141982329583
1104,783,31,2024-02-15 23:00:00,92.15445871619507,17.346894454407863
1105,833,11,2024-02-16 00:00:00,95.31371102092598,7.9672385058783455
1106,881,33,2024-02-16 01:00:00,65.41030662451928,10.626042581895373
1107,396,15,2024-02-16 02:00:00,95.548433801138,16.350361649141696
1108,163,48,2024-02-16 03:00:00,81.89916394840938,14.491547793885726
1109,549,19,2024-02-16 04:00:00,64.40175693910561,5.9407331576520885
1110,240,34,2024-02-16 05:00:00,79.38060869180407,14.478850509291938
1111,542,44,2024-02-16 06:00:00,72.8400717971442,3.2476253530674173
1112,730,48,2024-02-16 07:00:00,83.224921301193,11.788378424963078
1113,11,50,2024-02-16 08:00:00,83.82776581747245,12.88231846572436
1114,956,34,2024-02-16 09:00:00,74.97192725186262,13.306900860794508
1115,800,16,2024-02-16 10:00:00,98.02066339636448,12.027955127342404
1116,770,28,2024-02-16 11:00:00,99.55413925011362,5.5745596404774105
1117,394,30,2024-02-16 12:00:00,83.77579088806934,11.922469608251085
1118,124,41,2024-02-16 13:00:00,66.74906441479679,13.11244222119357
1119,174,39,2024-02-16 14:00:00,85.30412385726476,3.9451931953681774
1120,534,1,2024-02-16 15:00:00,88.41959904804106,8.309743239665224
1121,841,21,2024-02-16 16:00:00,99.93794476652191,13.22871552363907
1122,118,2,2024-02-16 17:00:00,94.2507039831372,6.661532182031475
1123,55,42,2024-02-16 18:00:00,60.64191713115546,14.331686968539952
1124,443,43,2024-02-16 19:00:00,90.90456756826126,8.928346964979507
1125,286,42,2024-02-16 20:00:00,87.21330454816865,7.29457862734748
1126,693,12,2024-02-16 21:00:00,87.00989607813858,15.270804070006411
1127,857,41,2024-02-16 22:00:00,66.86159303088924,3.273492679353766
1128,789,13,2024-02-16 23:00:00,64.02785491514202,2.833707074724506
1129,850,38,2024-02-17 00:00:00,95.4363189977716,18.31463693866415
1130,788,45,2024-02-17 01:00:00,94.09960425898356,7.358249823177847
1131,232,14,2024-02-17 02:00:00,85.85267770773758,8.084110741442714
1132,464,10,2024-02-17 03:00:00,92.34832110800222,16.016361335970764
1133,369,39,2024-02-17 04:00:00,89.45386527852044,4.921939675855178
1134,167,31,2024-02-17 05:00:00,65.59599782846325,13.395828839103514
1135,803,14,2024-02-17 06:00:00,74.9187103700398,4.991592143344744
1136,541,2,2024-02-17 07:00:00,70.35992422622931,17.9413989983932
1137,366,42,2024-02-17 08:00:00,64.04663918157894,3.832726605302139
1138,568,49,2024-02-17 09:00:00,69.77127528998975,5.43131574901235
1139,990,37,2024-02-17 10:00:00,63.58843014157521,11.544099326663318
1140,372,11,2024-02-17 11:00:00,78.9625026552732,5.579594449320595
1141,951,37,2024-02-17 12:00:00,62.24683828726981,10.739228939287928
1142,949,32,2024-02-17 13:00:00,91.07430177347251,17.583494558604237
1143,176,20,2024-02-17 14:00:00,96.20838036309979,18.33919146140633
1144,579,12,2024-02-17 15:00:00,60.43943103304525,9.01371267189286
1145,951,7,2024-02-17 16:00:00,95.2949585301073,12.893048971103598
1146,288,6,2024-02-17 17:00:00,74.90329709662002,8.044557373428152
1147,826,46,2024-02-17 18:00:00,81.41105668639801,14.333142082482253
1148,334,38,2024-02-17 19:00:00,75.66429395643189,15.802433513396554
1149,218,36,2024-02-17 20:00:00,87.94483153763143,2.4294909369028854
1150,325,7,2024-02-17 21:00:00,80.49631918014427,13.928075849748252
1151,28,32,2024-02-17 22:00:00,87.66837387599563,15.099630387170885
1152,840,43,2024-02-17 23:00:00,64.43284319613771,12.380242973097804
1153,621,33,2024-02-18 00:00:00,78.92771430234706,7.868987068809787
1154,752,50,2024-02-18 01:00:00,87.19331022448213,10.820164362717525
1155,481,36,2024-02-18 02:00:00,69.16985949186041,7.671066452372788
1156,740,28,2024-02-18 03:00:00,69.41090642004275,13.942255126628552
1157,828,14,2024-02-18 04:00:00,92.1989277980382,7.521894192206975
1158,781,4,2024-02-18 05:00:00,74.78094689273405,5.46529961359297
1159,468,50,2024-02-18 06:00:00,79.26443917223786,2.081578154968699
1160,274,12,2024-02-18 07:00:00,90.65286105215836,10.0069359753125
1161,947,18,2024-02-18 08:00:00,83.54939765088022,9.868666368941978
1162,50,10,2024-02-18 09:00:00,80.79145260209947,10.884394953020742
1163,980,12,2024-02-18 10:00:00,68.5520635566466,5.4022617986732495
1164,299,44,2024-02-18 11:00:00,80.35309456981523,15.755175271892382
1165,737,2,2024-02-18 12:00:00,72.92084811209281,17.182264848223348
1166,853,36,2024-02-18 13:00:00,87.1244490457319,15.073592898512269
1167,302,10,2024-02-18 14:00:00,93.48492080431197,13.720819819216567
1168,24,44,2024-02-18 15:00:00,61.67689749915993,13.284221078914392
1169,988,30,2024-02-18 16:00:00,83.18505269197273,18.359042419237163
1170,5,17,2024-02-18 17:00:00,94.75348638240266,4.624626426329488
1171,926,22,2024-02-18 18:00:00,73.74228141748074,4.960959713130991
1172,299,37,2024-02-18 19:00:00,90.29696350659889,15.397743246922882
1173,821,12,2024-02-18 20:00:00,79.7924269208826,7.853418054685682
1174,920,33,2024-02-18 21:00:00,83.46134497100059,15.955747664116455
1175,615,32,2024-02-18 22:00:00,99.95614515827995,10.771251015934885
1176,398,16,2024-02-18 23:00:00,80.4469245143364,17.226861241759355
1177,740,23,2024-02-19 00:00:00,78.10800626982912,19.635519279521862
1178,420,26,2024-02-19 01:00:00,71.64319759620989,2.83767871544719
1179,154,15,2024-02-19 02:00:00,79.61207160677567,9.402153650483257
1180,759,31,2024-02-19 03:00:00,65.21788467340674,18.589473420141832
1181,781,37,2024-02-19 04:00:00,67.39257194697703,19.983774785097182
1182,232,10,2024-02-19 05:00:00,90.41478282774167,4.785800624141373
1183,789,49,2024-02-19 06:00:00,69.18746688698211,18.21005817852285
1184,346,21,2024-02-19 07:00:00,72.205552585816,16.775248850743328
1185,354,39,2024-02-19 08:00:00,64.57821735870269,6.413926969220233
1186,552,36,2024-02-19 09:00:00,79.78833160946132,14.49042555886329
1187,206,24,2024-02-19 10:00:00,90.01430148077141,12.881166492742699
1188,981,7,2024-02-19 11:00:00,88.30410094327517,15.414994813041165
1189,811,24,2024-02-19 12:00:00,79.70386578426627,13.571024244319966
1190,571,20,2024-02-19 13:00:00,67.07540132779856,4.791858044544553
1191,561,44,2024-02-19 14:00:00,96.61317389911432,15.148250289748566
1192,175,5,2024-02-19 15:00:00,93.38828539457185,12.094560941883884
1193,754,5,2024-02-19 16:00:00,90.5074724754694,9.68614225116511
1194,147,50,2024-02-19 17:00:00,62.21254427375807,8.420135507559063
1195,908,16,2024-02-19 18:00:00,77.74212657281541,5.204726180316532
1196,292,49,2024-02-19 19:00:00,85.82418553080956,13.839719420514111
1197,378,20,2024-02-19 20:00:00,74.2003288803784,12.254157455908771
1198,862,24,2024-02-19 21:00:00,77.82681434312178,18.808625103538432
1199,876,44,2024-02-19 22:00:00,89.8570067744406,18.446075465334843
1200,33,4,2024-02-19 23:00:00,71.25257573672387,13.616259677885369
1201,620,5,2024-02-20 00:00:00,92.52912992654059,14.242594958813642
1202,383,9,2024-02-20 01:00:00,94.14643927498634,2.8402528525194577
1203,343,49,2024-02-20 02:00:00,65.62029967352939,14.582407145532757
1204,830,19,2024-02-20 03:00:00,97.18466369319279,11.654073285161132
1205,937,35,2024-02-20 04:00:00,97.39744932886937,5.093255265127825
1206,461,44,2024-02-20 05:00:00,73.49138867768244,6.565896933679075
1207,220,8,2024-02-20 06:00:00,80.0923833183353,10.104572640286932
1208,220,28,2024-02-20 07:00:00,74.88855723498934,5.027670198002252
1209,787,24,2024-02-20 08:00:00,78.06368471578114,8.579449981556815
1210,101,33,2024-02-20 09:00:00,84.5419619504126,16.73710001013317
1211,543,20,2024-02-20 10:00:00,75.99540206157849,13.420203042397015
1212,562,27,2024-02-20 11:00:00,76.27470481023785,14.929733596048088
1213,682,21,2024-02-20 12:00:00,65.37156838680933,6.547148908766744
1214,871,25,2024-02-20 13:00:00,92.34632039520882,18.15753122113378
1215,17,39,2024-02-20 14:00:00,80.7277098284952,2.6231315107503783
1216,732,12,2024-02-20 15:00:00,71.03703738138236,8.502526512400758
1217,708,41,2024-02-20 16:00:00,72.17944609998486,6.362442326643706
1218,774,27,2024-02-20 17:00:00,61.718916841856235,10.697906213839323
1219,316,10,2024-02-20 18:00:00,73.89930149368674,13.751690533409505
1220,787,1,2024-02-20 19:00:00,70.98386947912093,18.889618640680858
1221,698,47,2024-02-20 20:00:00,85.9595103904501,12.74770085152951
1222,215,18,2024-02-20 21:00:00,73.86773502421602,17.77744451907728
1223,552,4,2024-02-20 22:00:00,76.10545662617378,8.012974149977635
1224,380,19,2024-02-20 23:00:00,90.7353949461882,14.022743531730692
1225,813,45,2024-02-21 00:00:00,91.23770733336718,16.87566683309428
1226,42,16,2024-02-21 01:00:00,76.08009116362791,15.149578580561373
1227,838,42,2024-02-21 02:00:00,86.83671836110106,10.153286386773958
1228,152,6,2024-02-21 03:00:00,70.25894545957239,17.623789736172913
1229,662,4,2024-02-21 04:00:00,61.42802501082294,6.55390201025002
1230,53,38,2024-02-21 05:00:00,63.24607740511388,2.6673800852013594
1231,725,2,2024-02-21 06:00:00,65.52772630576403,17.772378790685508
1232,334,13,2024-02-21 07:00:00,70.44049448360681,15.953688833292228
1233,152,4,2024-02-21 08:00:00,71.90549490583504,9.210256951462979
1234,921,13,2024-02-21 09:00:00,69.0694561859437,10.946171038835523
1235,145,41,2024-02-21 10:00:00,82.67038336656381,12.825996700071878
1236,123,16,2024-02-21 11:00:00,80.36033443938152,15.171100125458201
1237,115,17,2024-02-21 12:00:00,77.26581922369306,2.3106621088373798
1238,878,47,2024-02-21 13:00:00,69.77880560263362,17.08189104647675
1239,931,28,2024-02-21 14:00:00,82.40251480357492,6.005977358808887
1240,209,47,2024-02-21 15:00:00,61.937505429932045,3.0588110033584845
1241,568,34,2024-02-21 16:00:00,82.72802537705694,2.8163019845622665
1242,284,22,2024-02-21 17:00:00,98.44016764453707,11.778539621653525
1243,706,26,2024-02-21 18:00:00,92.45566519459422,13.588643287689536
1244,546,44,2024-02-21 19:00:00,84.25369842681059,11.959424109423296
1245,65,35,2024-02-21 20:00:00,72.92662593972287,9.408614064515506
1246,623,49,2024-02-21 21:00:00,97.22602451619285,2.839668679316243
1247,896,24,2024-02-21 22:00:00,95.44068917230976,9.24317056191878
1248,643,46,2024-02-21 23:00:00,96.04757273868077,16.950905165236414
1249,443,20,2024-02-22 00:00:00,81.27249230484043,19.93968588986305
1250,824,44,2024-02-22 01:00:00,86.87294600038771,10.774017149494567
1251,22,15,2024-02-22 02:00:00,84.33226908493717,6.664779204663644
1252,426,12,2024-02-22 03:00:00,93.16687383576365,5.111614404733006
1253,388,32,2024-02-22 04:00:00,77.77070126008944,10.020330211413372
1254,463,26,2024-02-22 05:00:00,85.46319034633078,16.931478540745054
1255,100,6,2024-02-22 06:00:00,88.52175579115601,6.474168693396457
1256,743,22,2024-02-22 07:00:00,60.917541009807024,19.13655057410766
1257,630,19,2024-02-22 08:00:00,96.38220073225611,5.586461106150222
1258,780,13,2024-02-22 09:00:00,94.06566668382675,5.953666181848473
1259,293,30,2024-02-22 10:00:00,94.41854707473401,7.2492401949962355
1260,752,43,2024-02-22 11:00:00,69.90155266445,11.04148685003435
1261,553,23,2024-02-22 12:00:00,75.78839548799643,6.428749826653911
1262,58,21,2024-02-22 13:00:00,98.577064853659,18.55241626555074
1263,63,27,2024-02-22 14:00:00,77.05790891048186,18.337993310082695
1264,327,6,2024-02-22 15:00:00,90.7663016186801,7.1093669064913
1265,479,25,2024-02-22 16:00:00,83.18855734538636,13.337732398968047
1266,901,18,2024-02-22 17:00:00,94.81749171466105,5.045373119244459
1267,91,49,2024-02-22 18:00:00,97.51377833551734,5.761855923935644
1268,345,34,2024-02-22 19:00:00,79.644304612974,18.63915883580209
1269,529,29,2024-02-22 20:00:00,87.11469290114746,2.9359651603644705
1270,924,45,2024-02-22 21:00:00,77.54679717288784,13.424164002353201
1271,887,23,2024-02-22 22:00:00,93.2167500679048,12.571728404809472
1272,923,1,2024-02-22 23:00:00,87.76306643233255,12.732206044354198
1273,437,31,2024-02-23 00:00:00,79.93201456768293,17.596788738895334
1274,794,1,2024-02-23 01:00:00,85.00238062197347,3.305747784947889
1275,689,7,2024-02-23 02:00:00,92.00242928261558,17.688103798085187
1276,93,37,2024-02-23 03:00:00,86.0481144535037,5.049518555558626
1277,316,37,2024-02-23 04:00:00,70.05404403116516,6.089775483310278
1278,539,43,2024-02-23 05:00:00,91.615825200833,19.56769215858977
1279,593,30,2024-02-23 06:00:00,68.0396992904095,18.03462394034927
1280,637,35,2024-02-23 07:00:00,84.93672435774707,18.37730385401207
1281,38,4,2024-02-23 08:00:00,68.65128189938315,6.53791750661963
1282,336,5,2024-02-23 09:00:00,95.26106507261663,6.775886066166693
1283,905,17,2024-02-23 10:00:00,63.7819251031955,11.58507466588619
1284,800,50,2024-02-23 11:00:00,74.71591219571549,4.24546079198004
1285,769,24,2024-02-23 12:00:00,85.48487911408084,4.874690577526509
1286,521,1,2024-02-23 13:00:00,93.19115069871447,18.766542267356236
1287,306,10,2024-02-23 14:00:00,99.55370274989755,16.446240234100223
1288,455,11,2024-02-23 15:00:00,92.32388601805364,9.398780087312602
1289,748,45,2024-02-23 16:00:00,66.14098297086974,9.035253657998263
1290,933,38,2024-02-23 17:00:00,97.11662549776145,15.789233380000361
1291,744,39,2024-02-23 18:00:00,69.19667443574197,2.61151954255899
1292,755,32,2024-02-23 19:00:00,63.71100435689953,11.480486917834519
1293,877,3,2024-02-23 20:00:00,72.64450721170212,7.662889812752871
1294,508,20,2024-02-23 21:00:00,67.53873855459543,13.526044257517858
1295,511,4,2024-02-23 22:00:00,76.30652600796255,8.14957873473756
1296,134,14,2024-02-23 23:00:00,86.88512643452512,7.4370958292664655
1297,165,42,2024-02-24 00:00:00,96.0148796051993,8.215348190542326
1298,126,28,2024-02-24 01:00:00,83.86177707336427,11.67644600609535
1299,807,7,2024-02-24 02:00:00,87.28136110290322,13.79999783740207
1300,644,33,2024-02-24 03:00:00,71.76826573363057,17.790699078297603
1301,945,22,2024-02-24 04:00:00,76.62316215531081,9.48870909739088
1302,421,45,2024-02-24 05:00:00,77.22692095729803,2.478369134799415
1303,202,4,2024-02-24 06:00:00,79.54228684550783,13.487214889264491
1304,906,49,2024-02-24 07:00:00,69.96177248423714,13.47759573763042
1305,113,28,2024-02-24 08:00:00,63.10972123757488,11.004784770183662
1306,867,45,2024-02-24 09:00:00,65.60295714571956,15.531307605544585
1307,520,27,2024-02-24 10:00:00,70.96560961222457,11.271888991700056
1308,535,17,2024-02-24 11:00:00,67.27867020495802,10.90393662551852
1309,113,8,2024-02-24 12:00:00,95.45446882746936,19.003539126678874
1310,244,39,2024-02-24 13:00:00,91.5975988541986,11.82558995498841
1311,839,50,2024-02-24 14:00:00,68.90875905436154,19.35470692210607
1312,373,34,2024-02-24 15:00:00,73.54377968671082,15.404681105305352
1313,191,24,2024-02-24 16:00:00,88.75773459093232,14.722210935885387
1314,578,23,2024-02-24 17:00:00,71.1611082284368,18.113563518680152
1315,294,29,2024-02-24 18:00:00,64.16109394481683,16.657896009077014
1316,660,21,2024-02-24 19:00:00,99.08603400000855,5.176443106115292
1317,927,17,2024-02-24 20:00:00,71.69507306639784,6.527340541493365
1318,670,1,2024-02-24 21:00:00,69.4632313583441,10.536269309416314
1319,176,2,2024-02-24 22:00:00,93.33754463753866,14.410053708927277
1320,729,33,2024-02-24 23:00:00,88.6948819667515,18.187875309662157
1321,10,19,2024-02-25 00:00:00,99.67177886598226,8.694866170807583
1322,700,48,2024-02-25 01:00:00,74.91531733637093,3.559833698928946
1323,81,20,2024-02-25 02:00:00,72.679200654976,6.378004493991405
1324,905,7,2024-02-25 03:00:00,73.66062091117948,13.016311480916876
1325,875,46,2024-02-25 04:00:00,67.5866857548333,6.959885052618333
1326,826,30,2024-02-25 05:00:00,90.26681310082351,4.289093209950737
1327,928,24,2024-02-25 06:00:00,75.23995594115908,14.614040210648168
1328,88,37,2024-02-25 07:00:00,65.76514859814817,11.029527681003888
1329,400,21,2024-02-25 08:00:00,92.34912936967264,12.20892584112965
1330,110,34,2024-02-25 09:00:00,81.42806281545793,6.044622317959752
1331,268,46,2024-02-25 10:00:00,89.07562563223141,14.091564845494469
1332,419,23,2024-02-25 11:00:00,73.04149652408049,6.817742961065628
1333,245,20,2024-02-25 12:00:00,72.2650973166418,15.606801415960433
1334,363,6,2024-02-25 13:00:00,66.18283564266736,19.483970556436514
1335,943,8,2024-02-25 14:00:00,86.82434893682995,9.903408962403297
1336,494,39,2024-02-25 15:00:00,91.18574671100663,12.600795664636916
1337,657,15,2024-02-25 16:00:00,98.4083582563735,4.741931491241923
1338,797,47,2024-02-25 17:00:00,77.05938269066586,14.743764907911087
1339,569,8,2024-02-25 18:00:00,95.20175708962414,11.93869866866052
1340,292,11,2024-02-25 19:00:00,71.2226721601501,11.055152172815479
1341,483,31,2024-02-25 20:00:00,77.86012461632316,14.633646795876896
1342,196,47,2024-02-25 21:00:00,89.23903089424752,12.906323162930619
1343,7,26,2024-02-25 22:00:00,88.05693827295514,4.77202914308154
1344,659,15,2024-02-25 23:00:00,78.36738638136097,6.05299830709454
1345,495,1,2024-02-26 00:00:00,64.3650779493257,19.21989386695334
1346,540,14,2024-02-26 01:00:00,95.298584768625,8.642851250790192
1347,617,47,2024-02-26 02:00:00,78.23848715754819,15.566091800260615
1348,214,32,2024-02-26 03:00:00,70.93423675527877,3.4584033110854895
1349,917,25,2024-02-26 04:00:00,91.14536118705135,11.008179169022426
1350,517,50,2024-02-26 05:00:00,61.492551117038275,7.273687145778056
1351,109,38,2024-02-26 06:00:00,84.09145229416461,5.912097273150615
1352,177,38,2024-02-26 07:00:00,80.64851685309509,8.52369784429412
1353,511,44,2024-02-26 08:00:00,76.27154239351543,6.634771057490076
1354,480,42,2024-02-26 09:00:00,73.30006619672889,12.393361121280444
1355,764,23,2024-02-26 10:00:00,60.47064747345399,2.105923908481091
1356,897,11,2024-02-26 11:00:00,76.88938067004219,2.9336321078730396
1357,960,29,2024-02-26 12:00:00,93.7117319407472,4.094246281411008
1358,468,8,2024-02-26 13:00:00,68.73536254012177,14.293073457819506
1359,412,23,2024-02-26 14:00:00,81.23939071829106,10.504896933463986
1360,889,12,2024-02-26 15:00:00,72.64530080540852,8.364203775997925
1361,300,6,2024-02-26 16:00:00,79.09141085451306,9.458503424641448
1362,374,7,2024-02-26 17:00:00,75.99813017993702,7.959154653980775
1363,944,32,2024-02-26 18:00:00,80.54012103529462,7.027617635005862
1364,485,15,2024-02-26 19:00:00,87.55839055106223,12.213918970123226
1365,508,40,2024-02-26 20:00:00,63.53421612478905,17.90310835677912
1366,140,35,2024-02-26 21:00:00,79.52107787371176,19.063501072290233
1367,18,16,2024-02-26 22:00:00,96.93331829905165,2.215755056970597
1368,629,37,2024-02-26 23:00:00,99.85451245924133,8.910992639429207
1369,301,9,2024-02-27 00:00:00,67.64766658188704,16.9083424921887
1370,563,12,2024-02-27 01:00:00,67.11550528025381,10.149790225936501
1371,498,37,2024-02-27 02:00:00,60.80656857952397,13.786705792927345
1372,5,14,2024-02-27 03:00:00,99.82076862187522,9.725950461415728
1373,415,24,2024-02-27 04:00:00,96.98648430094713,9.26748950635178
1374,706,49,2024-02-27 05:00:00,94.02929975944076,5.237331351296662
1375,813,6,2024-02-27 06:00:00,94.99557403315035,11.510721066740867
1376,571,18,2024-02-27 07:00:00,72.63319885334461,10.394564414613567
1377,713,20,2024-02-27 08:00:00,80.88099205117754,8.538850347909062
1378,898,29,2024-02-27 09:00:00,92.50417064283374,8.421574532976814
1379,338,49,2024-02-27 10:00:00,70.29216173569228,5.6262283147626535
1380,696,34,2024-02-27 11:00:00,80.55538575560325,13.345061413575454
1381,803,12,2024-02-27 12:00:00,64.01397532458927,15.001300195609833
1382,940,2,2024-02-27 13:00:00,80.32631492710995,15.550709192294761
1383,665,12,2024-02-27 14:00:00,87.49469011635514,15.341229441127815
1384,784,19,2024-02-27 15:00:00,71.20674231622695,11.660511295001877
1385,314,10,2024-02-27 16:00:00,66.6579207180475,12.762919376662245
1386,297,27,2024-02-27 17:00:00,95.40349334689034,12.380181353621698
1387,300,48,2024-02-27 18:00:00,82.58881332446052,14.26982457011017
1388,622,20,2024-02-27 19:00:00,87.97106403446053,4.418435016350351
1389,660,35,2024-02-27 20:00:00,79.40624942914096,4.828851339585478
1390,571,18,2024-02-27 21:00:00,64.61734939927608,3.8108876099694458
1391,708,39,2024-02-27 22:00:00,62.20531787622703,3.7446748152998497
1392,885,17,2024-02-27 23:00:00,94.34606976093859,5.886161981029781
1393,288,25,2024-02-28 00:00:00,81.3744075065035,8.588947031643704
1394,244,20,2024-02-28 01:00:00,94.70550524083579,9.860598021951448
1395,340,24,2024-02-28 02:00:00,95.65152500511556,9.924265049115625
1396,960,26,2024-02-28 03:00:00,88.73422161391252,5.349629293410427
1397,295,44,2024-02-28 04:00:00,83.40976733257504,11.114509420454386
1398,399,39,2024-02-28 05:00:00,62.74787499664187,7.1310625733698565
1399,402,25,2024-02-28 06:00:00,86.1357810442094,8.609926766113858
1400,711,7,2024-02-28 07:00:00,69.4793837718808,13.433097874620206
1401,963,17,2024-02-28 08:00:00,76.86598130161009,15.577183768375797
1402,200,28,2024-02-28 09:00:00,69.51883711393245,10.78930902643182
1403,797,38,2024-02-28 10:00:00,60.124310583837534,8.341857190448955
1404,456,41,2024-02-28 11:00:00,70.58941304353813,4.2672510425789225
1405,129,20,2024-02-28 12:00:00,66.15484541034539,9.428719256498908
1406,363,34,2024-02-28 13:00:00,70.35467121831796,18.451356269352623
1407,118,38,2024-02-28 14:00:00,71.36784301212978,5.015594424643141
1408,213,11,2024-02-28 15:00:00,84.68027168839537,12.42382621495278
1409,231,30,2024-02-28 16:00:00,83.1312924891664,13.348227028643135
1410,45,3,2024-02-28 17:00:00,64.66054179257823,8.220256256259455
1411,578,15,2024-02-28 18:00:00,80.0119349152203,14.995359582408309
1412,290,15,2024-02-28 19:00:00,61.36284724205931,8.193149383656463
1413,405,3,2024-02-28 20:00:00,71.34180163541222,17.638327367498263
1414,176,11,2024-02-28 21:00:00,91.01573503607537,2.828885988973857
1415,161,35,2024-02-28 22:00:00,69.57024775371177,5.61116548853003
1416,888,22,2024-02-28 23:00:00,69.79627295069653,2.411728349322261
1417,103,18,2024-02-29 00:00:00,79.17562710554265,4.462008253294004
1418,953,45,2024-02-29 01:00:00,87.25134870767414,14.833534240596467
1419,552,39,2024-02-29 02:00:00,75.3945866778678,6.041365490666409
1420,199,19,2024-02-29 03:00:00,89.09847403456976,3.0049776808405966
1421,527,46,2024-02-29 04:00:00,85.13934047228895,11.605387419228956
1422,457,40,2024-02-29 05:00:00,93.50881789699534,14.799533299176671
1423,670,17,2024-02-29 06:00:00,92.95624402182992,10.076579709899919
1424,812,47,2024-02-29 07:00:00,66.67854520827808,7.415709088557932
1425,627,1,2024-02-29 08:00:00,76.40565053380584,3.5213161062039227
1426,695,35,2024-02-29 09:00:00,96.0179940556774,8.594500848040983
1427,252,25,2024-02-29 10:00:00,96.63501431467076,11.045662414649101
1428,501,9,2024-02-29 11:00:00,69.46289834116143,2.9825334549631632
1429,17,14,2024-02-29 12:00:00,88.59950150487583,13.98016688995025
1430,998,15,2024-02-29 13:00:00,74.61659602916897,16.453948283935404
1431,361,19,2024-02-29 14:00:00,79.04798735862994,18.521997788221285
1432,935,41,2024-02-29 15:00:00,62.431600381376064,15.340270583561823
1433,816,47,2024-02-29 16:00:00,83.5585296696558,10.558333902508373
1434,853,24,2024-02-29 17:00:00,86.31522405943525,18.77185090262207
1435,899,43,2024-02-29 18:00:00,85.22442666505583,16.469703658400206
1436,421,50,2024-02-29 19:00:00,92.15712791816898,7.161758811086745
1437,273,32,2024-02-29 20:00:00,84.64113721058794,7.204930217384752
1438,593,16,2024-02-29 21:00:00,90.82555644725744,5.802424284975396
1439,502,11,2024-02-29 22:00:00,68.27612601566992,15.149443515062703
1440,715,11,2024-02-29 23:00:00,66.60099913153358,16.05693302183913
1441,202,23,2024-03-01 00:00:00,93.96018566780984,16.606003214816287
1442,705,40,2024-03-01 01:00:00,91.78671016336071,5.662236427903706
1443,202,43,2024-03-01 02:00:00,61.04012598550616,18.547510198320293
1444,537,20,2024-03-01 03:00:00,70.31176859283448,3.9271633596225772
1445,528,39,2024-03-01 04:00:00,67.7549659743893,11.1749056575591
1446,695,3,2024-03-01 05:00:00,89.7327761929817,12.109128058308956
1447,571,38,2024-03-01 06:00:00,62.22889142477274,8.743245506990188
1448,102,18,2024-03-01 07:00:00,67.36398289860232,7.547397407814727
1449,246,40,2024-03-01 08:00:00,99.06566254339295,10.58287856050941
1450,800,24,2024-03-01 09:00:00,62.132239744758174,3.0069898101011976
1451,191,20,2024-03-01 10:00:00,63.379351352177814,9.911084097969614
1452,52,14,2024-03-01 11:00:00,93.09929341814721,9.641526644253801
1453,281,21,2024-03-01 12:00:00,76.9651970712068,4.167599231116333
1454,397,21,2024-03-01 13:00:00,88.12884667804138,18.630564145009405
1455,363,11,2024-03-01 14:00:00,62.749038775104154,16.75592997875645
1456,592,45,2024-03-01 15:00:00,95.55651622107158,12.010330307260666
1457,370,35,2024-03-01 16:00:00,84.20385724348321,4.688760219561839
1458,873,46,2024-03-01 17:00:00,83.40106354049753,5.90042378700365
1459,340,36,2024-03-01 18:00:00,98.69517404948928,3.8269024847603736
1460,540,44,2024-03-01 19:00:00,60.814034475998014,2.344704819223744
1461,188,9,2024-03-01 20:00:00,96.51401148510789,4.180612037580623
1462,8,2,2024-03-01 21:00:00,89.67155287587934,16.54893392084924
1463,505,19,2024-03-01 22:00:00,78.81637044283359,5.882298320057169
1464,415,34,2024-03-01 23:00:00,62.29234658949321,4.451724139652577
1465,220,9,2024-03-02 00:00:00,88.24613520364399,17.38708837411183
1466,477,19,2024-03-02 01:00:00,72.2269722872755,10.930627380767781
1467,618,17,2024-03-02 02:00:00,60.53666643814275,4.076083073137376
1468,318,45,2024-03-02 03:00:00,73.20662805387914,6.4902592392285765
1469,930,18,2024-03-02 04:00:00,67.67139413151887,7.474734443593584
1470,613,37,2024-03-02 05:00:00,67.70081442010732,15.022597989691016
1471,938,19,2024-03-02 06:00:00,78.35748239239017,12.767447130279859
1472,764,37,2024-03-02 07:00:00,67.36282611033474,11.757460375859965
1473,980,27,2024-03-02 08:00:00,75.50654505473025,17.455114357679342
1474,965,44,2024-03-02 09:00:00,90.80452607058074,2.9058592040882107
1475,91,22,2024-03-02 10:00:00,89.3360763817,19.08649262222454
1476,613,19,2024-03-02 11:00:00,63.15279485648205,16.654634399125456
1477,293,8,2024-03-02 12:00:00,67.18580742282681,12.61869131248997
1478,31,10,2024-03-02 13:00:00,95.9896737121818,8.82654525080998
1479,161,48,2024-03-02 14:00:00,94.26883252278236,4.00987540067077
1480,752,42,2024-03-02 15:00:00,68.04385044297895,17.745831674516985
1481,608,26,2024-03-02 16:00:00,88.13749673646814,8.168083226900364
1482,849,42,2024-03-02 17:00:00,69.92530555856283,14.494568601596582
1483,939,9,2024-03-02 18:00:00,99.26136153687288,16.37321179901926
1484,791,5,2024-03-02 19:00:00,81.85130503209027,18.50655712155166
1485,941,7,2024-03-02 20:00:00,68.84920898699013,13.32500408973095
1486,41,37,2024-03-02 21:00:00,80.21506416401091,17.850313542476325
1487,229,47,2024-03-02 22:00:00,91.22044091686305,14.171105885015187
1488,763,23,2024-03-02 23:00:00,70.22034389021267,14.74834676457715
1489,889,48,2024-03-03 00:00:00,82.95061567179985,16.63087386859214
1490,593,49,2024-03-03 01:00:00,91.57532994890693,4.106209258685981
1491,624,38,2024-03-03 02:00:00,63.257965842890734,15.855730913916194
1492,530,28,2024-03-03 03:00:00,80.39672157636105,13.182383333006154
1493,910,35,2024-03-03 04:00:00,75.77076172131457,11.675349306774232
1494,912,32,2024-03-03 05:00:00,67.05833566627004,3.5359603022275095
1495,125,10,2024-03-03 06:00:00,81.13407659338702,11.450702539640163
1496,280,14,2024-03-03 07:00:00,69.45190547770873,6.708031324330847
1497,487,1,2024-03-03 08:00:00,91.15372545403065,16.17747097125103
1498,707,47,2024-03-03 09:00:00,95.98496394939927,16.69201786597519
1499,909,50,2024-03-03 10:00:00,70.96098274930186,8.865402753253294
1500,807,11,2024-03-03 11:00:00,68.95379073928156,12.548882503991113
1501,21,4,2024-03-03 12:00:00,67.52227530314771,7.806217729155436
1502,573,37,2024-03-03 13:00:00,90.18772021049065,10.083904973915763
1503,915,6,2024-03-03 14:00:00,64.27608877386193,9.142640121960198
1504,720,28,2024-03-03 15:00:00,96.98987012931016,19.46901132283221
1505,284,17,2024-03-03 16:00:00,60.795106182028874,4.033800700991409
1506,69,21,2024-03-03 17:00:00,75.57468326785883,18.76731719462835
1507,392,42,2024-03-03 18:00:00,95.35888280890109,13.051946235170462
1508,399,49,2024-03-03 19:00:00,79.25258072871748,10.32873358015335
1509,502,50,2024-03-03 20:00:00,69.66457023450783,15.615751396814078
1510,201,6,2024-03-03 21:00:00,82.52443931683987,11.044958501246448
1511,914,21,2024-03-03 22:00:00,77.96797321444458,9.252233830677325
1512,532,22,2024-03-03 23:00:00,69.79602643757369,6.705983847070739
1513,228,10,2024-03-04 00:00:00,86.18374611341957,10.180936855463152
1514,685,41,2024-03-04 01:00:00,89.22792845468845,18.15271759714452
1515,59,4,2024-03-04 02:00:00,69.33077183272991,3.5574071658329043
1516,748,17,2024-03-04 03:00:00,92.5614376626965,13.795686728669864
1517,666,20,2024-03-04 04:00:00,90.40617956105575,16.165883666428265
1518,962,15,2024-03-04 05:00:00,69.29347330634451,11.765944322696527
1519,934,26,2024-03-04 06:00:00,70.75053742038347,17.841876805544004
1520,902,37,2024-03-04 07:00:00,97.61010207371879,17.767331449950515
1521,3,22,2024-03-04 08:00:00,89.06289557886942,4.0200199671083645
1522,917,39,2024-03-04 09:00:00,91.84774803728438,4.892387269371652
1523,471,7,2024-03-04 10:00:00,75.21803022676856,18.771911167167588
1524,602,41,2024-03-04 11:00:00,66.27638522557623,9.771774491196625
1525,817,16,2024-03-04 12:00:00,87.13721645974303,15.460294975829147
1526,506,42,2024-03-04 13:00:00,84.37847800636214,12.690738337974965
1527,790,23,2024-03-04 14:00:00,87.00872624286758,15.332803989986703
1528,84,3,2024-03-04 15:00:00,61.626571553744775,2.163799425538845
1529,429,5,2024-03-04 16:00:00,65.96489393634046,19.248290589668674
1530,286,9,2024-03-04 17:00:00,82.39303061047248,17.5043189992057
1531,416,15,2024-03-04 18:00:00,70.56876393202803,19.14747032742809
1532,368,26,2024-03-04 19:00:00,80.32003461101955,4.645669576605103
1533,770,14,2024-03-04 20:00:00,94.90263978671072,7.25869108354966
1534,944,42,2024-03-04 21:00:00,74.229056128263,5.849744316685252
1535,360,50,2024-03-04 22:00:00,76.70796347273615,9.364642634034066
1536,807,33,2024-03-04 23:00:00,63.416301828473365,3.4231939560027445
1537,870,26,2024-03-05 00:00:00,90.23096938077794,11.0452148366563
1538,286,3,2024-03-05 01:00:00,98.56876123116692,18.478398999842888
1539,672,20,2024-03-05 02:00:00,73.99674152887496,7.119614842246834
1540,795,19,2024-03-05 03:00:00,61.42318448268063,6.031374541650681
1541,524,39,2024-03-05 04:00:00,60.25999475243223,3.7897563776166834
1542,942,49,2024-03-05 05:00:00,71.44423675921203,14.052468316940336
1543,471,5,2024-03-05 06:00:00,86.03259245442032,15.001547196076746
1544,847,31,2024-03-05 07:00:00,97.89448345814118,16.140208618195956
1545,188,20,2024-03-05 08:00:00,67.1025553861011,16.290733090024908
1546,611,45,2024-03-05 09:00:00,72.93111851308156,14.847308443461785
1547,489,37,2024-03-05 10:00:00,67.50874439801721,9.700430327479625
1548,306,44,2024-03-05 11:00:00,89.84388481598944,4.451090135473916
1549,235,21,2024-03-05 12:00:00,96.90708620301633,18.260452736564663
1550,963,17,2024-03-05 13:00:00,78.05920806569208,6.390895228351798
1551,847,9,2024-03-05 14:00:00,93.064948027364,18.119968170943903
1552,581,19,2024-03-05 15:00:00,83.59981210615273,6.570875871962207
1553,604,36,2024-03-05 16:00:00,72.15345461753418,9.92589701339696
1554,424,45,2024-03-05 17:00:00,77.94716955512592,6.892007403700399
1555,650,45,2024-03-05 18:00:00,94.03678169707314,18.520753632454692
1556,686,18,2024-03-05 19:00:00,63.7192859108973,9.124008568568962
1557,982,31,2024-03-05 20:00:00,76.40791051035089,13.371695660490403
1558,387,16,2024-03-05 21:00:00,70.66790640517742,9.507043365786302
1559,178,17,2024-03-05 22:00:00,64.59420423037552,6.425820024314644
1560,807,25,2024-03-05 23:00:00,79.9423567482936,7.0599468939675045
1561,742,24,2024-03-06 00:00:00,83.18389267087065,12.224891445630265
1562,100,49,2024-03-06 01:00:00,84.32485705138522,18.381836654851483
1563,940,16,2024-03-06 02:00:00,62.82603367455617,8.135097353251927
1564,834,42,2024-03-06 03:00:00,73.3028236561328,7.532396855218064
1565,182,26,2024-03-06 04:00:00,98.24329053947744,7.379493087393332
1566,953,33,2024-03-06 05:00:00,60.642611267940325,6.668273306808888
1567,729,38,2024-03-06 06:00:00,86.02893331247532,10.796351665374324
1568,166,24,2024-03-06 07:00:00,87.38974164882244,2.338739556255064
1569,670,3,2024-03-06 08:00:00,70.4636026518912,16.96234890449611
1570,326,24,2024-03-06 09:00:00,72.43536449616688,16.0753967325264
1571,719,30,2024-03-06 10:00:00,92.92536328129489,12.337064004890436
1572,661,8,2024-03-06 11:00:00,64.09649170133912,15.452439655434278
1573,58,18,2024-03-06 12:00:00,93.43489003858747,8.988967561151975
1574,84,5,2024-03-06 13:00:00,65.73325521097337,13.645895194781778
1575,397,47,2024-03-06 14:00:00,94.36097625628794,4.50149173040246
1576,587,10,2024-03-06 15:00:00,67.62978278787324,9.510847592046805
1577,68,6,2024-03-06 16:00:00,74.4618266487498,8.329284820308702
1578,693,48,2024-03-06 17:00:00,96.89632830029637,14.482511413470075
1579,418,9,2024-03-06 18:00:00,87.72492564777872,10.987414141170849
1580,462,6,2024-03-06 19:00:00,99.76807648004828,15.041667081908315
1581,187,30,2024-03-06 20:00:00,99.58723409174013,12.515840762236065
1582,826,45,2024-03-06 21:00:00,86.42769195274597,9.67698448841248
1583,166,36,2024-03-06 22:00:00,83.37592130323486,11.020679256884266
1584,122,15,2024-03-06 23:00:00,98.60187115303701,8.074959650142684
1585,908,10,2024-03-07 00:00:00,71.23240664613762,7.706795700617644
1586,206,17,2024-03-07 01:00:00,82.73845423200075,3.5375736517617478
1587,56,45,2024-03-07 02:00:00,95.23710661226528,19.64495818514952
1588,768,7,2024-03-07 03:00:00,84.45331983288642,14.924437344364945
1589,398,20,2024-03-07 04:00:00,68.89209921029277,19.085009859652438
1590,345,21,2024-03-07 05:00:00,83.17548520218239,8.463647941936884
1591,275,9,2024-03-07 06:00:00,61.3278477718996,6.1649781327876445
1592,124,10,2024-03-07 07:00:00,90.2994964067115,11.63259054126367
1593,633,3,2024-03-07 08:00:00,91.03503008131183,8.65197543337573
1594,82,28,2024-03-07 09:00:00,74.4464671166794,8.884072080634818
1595,759,45,2024-03-07 10:00:00,97.7374765284472,5.490511858085851
1596,507,10,2024-03-07 11:00:00,67.96599298451528,13.42758566196671
1597,241,36,2024-03-07 12:00:00,80.50683320502671,8.627935075197524
1598,332,7,2024-03-07 13:00:00,62.29801673996078,3.2863698411944573
1599,896,28,2024-03-07 14:00:00,99.59468130504928,5.2828027467593355
1600,579,38,2024-03-07 15:00:00,88.62455874622535,13.246320184606816
1601,741,5,2024-03-07 16:00:00,81.99687394172187,17.65167056602153
1602,950,39,2024-03-07 17:00:00,67.85616099333912,6.588263618475696
1603,841,21,2024-03-07 18:00:00,93.94291413089138,7.067253229924932
1604,605,47,2024-03-07 19:00:00,83.31460391947347,11.26345069822279
1605,28,5,2024-03-07 20:00:00,94.64803762882863,18.279657799848508
1606,245,38,2024-03-07 21:00:00,90.43870198140452,15.15196219511116
1607,726,43,2024-03-07 22:00:00,92.2108405896777,6.889502373447942
1608,897,34,2024-03-07 23:00:00,65.78952815492083,15.681260008117684
1609,908,19,2024-03-08 00:00:00,91.80303643493708,10.62850413046164
1610,68,44,2024-03-08 01:00:00,69.92722310067074,13.238280023608272
1611,472,27,2024-03-08 02:00:00,72.34784974148921,14.681562922961568
1612,447,29,2024-03-08 03:00:00,91.91349093603736,19.34960493248046
1613,445,26,2024-03-08 04:00:00,94.35156223063473,13.276616104868713
1614,387,34,2024-03-08 05:00:00,88.2261469936816,19.160354012486543
1615,902,26,2024-03-08 06:00:00,64.90711223683084,14.838118600161634
1616,641,5,2024-03-08 07:00:00,72.49466272018262,11.637414938070302
1617,721,28,2024-03-08 08:00:00,84.30739640914847,7.280051596446276
1618,643,6,2024-03-08 09:00:00,71.83225387911045,8.151254388079458
1619,179,39,2024-03-08 10:00:00,73.62294424114636,16.90503507261172
1620,3,16,2024-03-08 11:00:00,99.76594473371074,13.53768191018612
1621,888,10,2024-03-08 12:00:00,95.74561914436237,8.42401745396372
1622,649,11,2024-03-08 13:00:00,88.57086975862899,2.148140181289339
1623,146,30,2024-03-08 14:00:00,72.45753321679962,12.941454863522292
1624,609,28,2024-03-08 15:00:00,83.99645859879064,14.1284801731134
1625,282,18,2024-03-08 16:00:00,66.76086333083984,11.00255690004988
1626,504,19,2024-03-08 17:00:00,91.60885920411258,18.92445232270422
1627,662,18,2024-03-08 18:00:00,60.602269479702066,8.909634208892143
1628,508,35,2024-03-08 19:00:00,81.7991684259478,13.078965287375302
1629,761,22,2024-03-08 20:00:00,98.63846867014539,6.414239290157723
1630,449,48,2024-03-08 21:00:00,80.04427668182151,18.305317116514484
1631,851,34,2024-03-08 22:00:00,72.12657655980945,13.603694352398449
1632,326,21,2024-03-08 23:00:00,82.6447500377748,4.274011984434244
1633,410,39,2024-03-09 00:00:00,87.15951894619693,14.267796713552027
1634,981,47,2024-03-09 01:00:00,72.43395012620839,18.70677529915696
1635,830,43,2024-03-09 02:00:00,60.896528296636895,2.0670062499162416
1636,837,39,2024-03-09 03:00:00,94.17040968818931,3.112140605614732
1637,722,40,2024-03-09 04:00:00,83.46202610276063,9.441157738087922
1638,128,43,2024-03-09 05:00:00,74.41199317177015,4.788311366452908
1639,527,38,2024-03-09 06:00:00,85.47614057592953,8.193133848218736
1640,916,30,2024-03-09 07:00:00,93.6865207995791,17.943203123258083
1641,304,11,2024-03-09 08:00:00,68.3607201658231,4.711088086561723
1642,511,12,2024-03-09 09:00:00,79.26451490777895,2.187288120132364
1643,412,48,2024-03-09 10:00:00,86.50073629146911,17.35801720763032
1644,697,12,2024-03-09 11:00:00,78.91731026817173,11.130377720277497
1645,677,45,2024-03-09 12:00:00,79.80606856151871,5.203973010141986
1646,819,26,2024-03-09 13:00:00,68.09271259413725,6.74894619467552
1647,585,22,2024-03-09 14:00:00,75.28004721162185,13.00361912654115
1648,730,32,2024-03-09 15:00:00,62.225362088181264,9.24309599110777
1649,20,42,2024-03-09 16:00:00,70.58332540701758,9.337609787677934
1650,235,28,2024-03-09 17:00:00,74.60630915323091,9.289093557953073
1651,647,26,2024-03-09 18:00:00,98.40094142702856,8.242146131724928
1652,179,29,2024-03-09 19:00:00,96.6368015772186,12.900351286796838
1653,58,40,2024-03-09 20:00:00,92.04851218458847,9.158337111307018
1654,9,40,2024-03-09 21:00:00,60.17946629755472,14.793727478283142
1655,33,28,2024-03-09 22:00:00,85.54471949568249,9.124920148955036
1656,726,11,2024-03-09 23:00:00,96.2864502812271,8.573430116597653
1657,449,24,2024-03-10 00:00:00,87.02887019062743,4.723483066003893
1658,136,48,2024-03-10 01:00:00,87.24653375563717,6.6546955026869465
1659,50,6,2024-03-10 02:00:00,71.51823828612518,14.84458131153262
1660,887,42,2024-03-10 03:00:00,70.82729447128776,4.872737717498359
1661,738,35,2024-03-10 04:00:00,95.6631851884416,2.4846784791648817
1662,816,32,2024-03-10 05:00:00,65.55017723270159,18.8302744477646
1663,63,39,2024-03-10 06:00:00,64.71058147932423,19.575545248134198
1664,999,25,2024-03-10 07:00:00,83.49291167916644,8.657914185955281
1665,637,8,2024-03-10 08:00:00,86.49846411390175,9.72484040360025
1666,89,2,2024-03-10 09:00:00,87.84616710776942,2.112497841262545
1667,353,2,2024-03-10 10:00:00,87.63040726983273,15.113883819378183
1668,457,29,2024-03-10 11:00:00,76.45994592811994,3.804526067463865
1669,888,18,2024-03-10 12:00:00,68.40481424439174,6.564175128962777
1670,492,31,2024-03-10 13:00:00,63.43630588611776,18.577588902580885
1671,492,41,2024-03-10 14:00:00,61.64300816087794,11.999040246821165
1672,241,42,2024-03-10 15:00:00,96.0543663470917,8.029537601242335
1673,209,4,2024-03-10 16:00:00,89.59470064249015,18.43854186866484
1674,377,42,2024-03-10 17:00:00,95.01132133334784,15.786556989123609
1675,843,11,2024-03-10 18:00:00,81.58696562991761,18.022441530499414
1676,83,41,2024-03-10 19:00:00,76.15196510685563,2.796294308723321
1677,598,13,2024-03-10 20:00:00,67.22141496334555,18.040038820290974
1678,265,25,2024-03-10 21:00:00,85.93308420805283,18.47059611971244
1679,394,31,2024-03-10 22:00:00,62.66923048392727,4.506609181079037
1680,217,2,2024-03-10 23:00:00,71.40259773545236,3.206009992531893
1681,661,2,2024-03-11 00:00:00,90.33944076077393,13.134966465035541
1682,715,14,2024-03-11 01:00:00,93.4066437538795,14.092418626433469
1683,532,5,2024-03-11 02:00:00,81.49589372791814,4.198570564827575
1684,908,11,2024-03-11 03:00:00,72.6976845406929,16.479266072892987
1685,231,39,2024-03-11 04:00:00,74.19626571977703,11.629981329108261
1686,946,15,2024-03-11 05:00:00,86.99210021692971,13.723620719096608
1687,463,44,2024-03-11 06:00:00,73.84857464959698,11.912261751982044
1688,518,49,2024-03-11 07:00:00,84.23649751472676,5.736577230091342
1689,401,31,2024-03-11 08:00:00,73.38355826758452,5.6512206136291425
1690,825,32,2024-03-11 09:00:00,62.05750477402818,4.6650360836585865
1691,325,12,2024-03-11 10:00:00,89.52896659858442,13.664225674823502
1692,79,2,2024-03-11 11:00:00,67.79583595014697,13.81978071001931
1693,224,32,2024-03-11 12:00:00,98.37050202479342,14.1765718757436
1694,764,23,2024-03-11 13:00:00,66.35110057527815,3.845606943409922
1695,880,21,2024-03-11 14:00:00,85.11546841338256,13.41606337815853
1696,691,1,2024-03-11 15:00:00,63.798905026606725,19.180491028314965
1697,579,44,2024-03-11 16:00:00,89.93843720379694,15.561333905046231
1698,643,32,2024-03-11 17:00:00,86.78954754347919,9.306956200787994
1699,719,35,2024-03-11 18:00:00,86.40148568746687,19.721240792655102
1700,176,40,2024-03-11 19:00:00,75.65673230002888,16.80952203516954
1701,96,33,2024-03-11 20:00:00,61.125557846583874,11.560979166711146
1702,840,29,2024-03-11 21:00:00,69.32179631786153,5.0402659833268215
1703,646,10,2024-03-11 22:00:00,82.1444282026712,18.132850269706264
1704,5,31,2024-03-11 23:00:00,92.84652052504276,6.172594651517387
1705,879,35,2024-03-12 00:00:00,91.3837753142343,6.118598209492623
1706,528,22,2024-03-12 01:00:00,83.03422209810546,10.180671482598912
1707,238,25,2024-03-12 02:00:00,87.07252097478103,5.814591111565895
1708,53,22,2024-03-12 03:00:00,81.43454382031038,10.405139216176782
1709,785,21,2024-03-12 04:00:00,87.4958602413685,3.529983187283043
1710,807,42,2024-03-12 05:00:00,71.27784774007607,18.494796564832598
1711,901,9,2024-03-12 06:00:00,68.17865602621359,8.44630914648466
1712,600,20,2024-03-12 07:00:00,77.65909510943396,2.2141719089041008
1713,859,5,2024-03-12 08:00:00,72.55924064563011,18.16149660395959
1714,281,10,2024-03-12 09:00:00,68.60277418649315,16.21757923188893
1715,533,28,2024-03-12 10:00:00,99.34153574527937,13.609450995441485
1716,622,45,2024-03-12 11:00:00,93.16451883813423,5.510280730029248
1717,136,13,2024-03-12 12:00:00,93.02271627966685,8.601256228473414
1718,686,8,2024-03-12 13:00:00,89.0141863200498,17.534406567123497
1719,34,40,2024-03-12 14:00:00,71.19154283396826,18.448228323179062
1720,975,45,2024-03-12 15:00:00,72.7510753549407,12.981193734084814
1721,291,19,2024-03-12 16:00:00,86.09505352521803,7.529727940049591
1722,282,23,2024-03-12 17:00:00,86.07366419786791,19.24297611956236
1723,868,16,2024-03-12 18:00:00,62.44359168200819,11.334716620589262
1724,482,2,2024-03-12 19:00:00,91.4790210911101,11.24802150808759
1725,803,23,2024-03-12 20:00:00,99.13136672784569,18.62325398901007
1726,503,11,2024-03-12 21:00:00,66.74630856117889,10.140335900461078
1727,437,6,2024-03-12 22:00:00,64.39719035368864,2.2903602075316174
1728,783,30,2024-03-12 23:00:00,67.0981085258352,12.99525188054853
1729,835,5,2024-03-13 00:00:00,60.846067358026254,12.463373719321165
1730,425,11,2024-03-13 01:00:00,93.66712336719762,14.548764119908032
1731,393,5,2024-03-13 02:00:00,60.28150103464422,2.1384971143459266
1732,164,48,2024-03-13 03:00:00,77.72511816989945,3.8618112774536657
1733,436,48,2024-03-13 04:00:00,97.15224294521559,11.810846401273977
1734,107,23,2024-03-13 05:00:00,64.9016330888969,2.411539878891699
1735,888,32,2024-03-13 06:00:00,73.36354624610328,9.028624885032805
1736,442,49,2024-03-13 07:00:00,80.78724502983624,14.080825801257575
1737,986,7,2024-03-13 08:00:00,66.75380096386546,4.1977462976321895
1738,522,13,2024-03-13 09:00:00,97.91388039868417,9.287963240485222
1739,158,18,2024-03-13 10:00:00,84.7291709716263,11.165735517423663
1740,637,10,2024-03-13 11:00:00,92.6107528004561,3.4031886300552783
1741,228,23,2024-03-13 12:00:00,99.46975669251316,17.14131033957347
1742,954,24,2024-03-13 13:00:00,94.34234283632833,18.252689764920117
1743,977,43,2024-03-13 14:00:00,74.4614633199141,11.825583087005933
1744,217,4,2024-03-13 15:00:00,87.83745078479026,4.373794893053207
1745,331,22,2024-03-13 16:00:00,80.98374265169883,14.64516157530333
1746,955,7,2024-03-13 17:00:00,95.73119626445366,7.682303761878562
1747,760,45,2024-03-13 18:00:00,66.19097524845085,10.210337108365234
1748,623,8,2024-03-13 19:00:00,80.95977606917252,11.860471909832636
1749,415,47,2024-03-13 20:00:00,93.72136752808001,5.552837512834307
1750,588,39,2024-03-13 21:00:00,83.54575652515187,10.608804190002994
1751,153,31,2024-03-13 22:00:00,90.8591301468434,14.28830385716702
1752,986,17,2024-03-13 23:00:00,99.36577848448388,14.099192043332723
1753,423,19,2024-03-14 00:00:00,84.61765186303056,15.115609413791855
1754,56,48,2024-03-14 01:00:00,97.03542284371746,18.48392366141185
1755,461,44,2024-03-14 02:00:00,97.35063129195674,18.26773129085022
1756,158,8,2024-03-14 03:00:00,92.11340978965794,4.272831939436531
1757,259,28,2024-03-14 04:00:00,76.90399937011853,18.99905328857303
1758,543,35,2024-03-14 05:00:00,64.80126028389918,9.220896126598138
1759,128,47,2024-03-14 06:00:00,61.98722582240379,11.111875544715272
1760,213,18,2024-03-14 07:00:00,76.74302124142027,11.199766996544511
1761,46,27,2024-03-14 08:00:00,99.87203240912588,16.05240862532248
1762,675,33,2024-03-14 09:00:00,75.17487146076012,12.592859805941885
1763,888,43,2024-03-14 10:00:00,65.63432345743632,6.843904262898411
1764,605,5,2024-03-14 11:00:00,63.04585184483497,8.045461403075006
1765,141,31,2024-03-14 12:00:00,68.15869603091573,9.870970739936826
1766,798,24,2024-03-14 13:00:00,78.41179645861993,13.205188819463823
1767,454,28,2024-03-14 14:00:00,70.82706792930966,16.712270414093528
1768,139,6,2024-03-14 15:00:00,77.95924586754678,5.525192923332219
1769,779,20,2024-03-14 16:00:00,81.11508263221673,4.014060844459803
1770,580,25,2024-03-14 17:00:00,66.66781286854788,7.927795195458675
1771,242,47,2024-03-14 18:00:00,79.39995142393872,15.608396543432484
1772,406,31,2024-03-14 19:00:00,79.7693739683663,5.634138084790678
1773,354,22,2024-03-14 20:00:00,91.67550096851132,15.032503883280752
1774,478,39,2024-03-14 21:00:00,89.70754078627867,17.555490850800116
1775,69,5,2024-03-14 22:00:00,91.11027776513143,13.81108933048222
1776,287,17,2024-03-14 23:00:00,84.9494047823498,3.153898477981916
1777,604,46,2024-03-15 00:00:00,66.08049143468416,5.016113625769689
1778,415,2,2024-03-15 01:00:00,81.55285121557583,8.865571033753085
1779,343,39,2024-03-15 02:00:00,79.18181408493726,13.800940270625947
1780,515,43,2024-03-15 03:00:00,89.94531853303783,11.333854952671313
1781,163,7,2024-03-15 04:00:00,93.4108034135181,6.085028308647481
1782,341,24,2024-03-15 05:00:00,78.87011376245655,3.445406658506297
1783,572,44,2024-03-15 06:00:00,84.23549993582793,5.056387068438552
1784,853,25,2024-03-15 07:00:00,66.52809648079793,15.252461492141068
1785,522,19,2024-03-15 08:00:00,88.73385899032577,8.493698323442828
1786,251,6,2024-03-15 09:00:00,85.08554863884083,11.174088395243801
1787,460,24,2024-03-15 10:00:00,94.65012102033995,8.596112413257028
1788,667,17,2024-03-15 11:00:00,72.47342171968347,18.958388800206944
1789,869,40,2024-03-15 12:00:00,72.39597573131552,8.986351909826109
1790,140,14,2024-03-15 13:00:00,75.93339190726395,18.3134662070116
1791,855,33,2024-03-15 14:00:00,97.50803244005468,13.455947442335821
1792,598,7,2024-03-15 15:00:00,97.80244731713248,7.977901983175472
1793,471,20,2024-03-15 16:00:00,91.56980791228983,4.9984462984212055
1794,599,17,2024-03-15 17:00:00,60.441421645769346,7.861673879959396
1795,911,11,2024-03-15 18:00:00,68.1977027895138,4.9839982458699215
1796,666,8,2024-03-15 19:00:00,84.0186198794062,5.265605422449594
1797,412,14,2024-03-15 20:00:00,66.06237034502938,3.570865315970647
1798,397,35,2024-03-15 21:00:00,90.2384886589899,14.690867717008633
1799,99,20,2024-03-15 22:00:00,83.27107862627358,14.186195795697548
1800,485,34,2024-03-15 23:00:00,89.50282393028283,12.183653283190779
1801,556,17,2024-03-16 00:00:00,90.73591618791951,18.4311689116429
1802,38,18,2024-03-16 01:00:00,92.58551068671468,15.092898627789182
1803,772,34,2024-03-16 02:00:00,92.31913608781545,15.8845480584568
1804,206,28,2024-03-16 03:00:00,71.01966923227035,3.8944675727957514
1805,303,19,2024-03-16 04:00:00,71.0149560852281,10.815673826858138
1806,997,23,2024-03-16 05:00:00,77.91443752652083,19.89693806416034
1807,520,6,2024-03-16 06:00:00,64.88755596869895,6.209679338411179
1808,610,5,2024-03-16 07:00:00,72.78303190980249,12.44035105840632
1809,962,31,2024-03-16 08:00:00,88.78096421487899,9.502108989728347
1810,520,7,2024-03-16 09:00:00,70.57830374389177,16.413129984745677
1811,729,8,2024-03-16 10:00:00,77.63362312270122,12.96946542675633
1812,347,5,2024-03-16 11:00:00,96.9574754790709,5.299520017811226
1813,587,34,2024-03-16 12:00:00,93.85726844948414,11.26612701803692
1814,827,14,2024-03-16 13:00:00,75.61661584271201,4.171013335109593
1815,59,30,2024-03-16 14:00:00,67.59071973927594,8.078060687248998
1816,529,46,2024-03-16 15:00:00,62.14875016531069,2.7884729258476675
1817,378,10,2024-03-16 16:00:00,97.27503122007003,16.426239031898593
1818,414,32,2024-03-16 17:00:00,75.81297178427066,11.236572327617683
1819,819,14,2024-03-16 18:00:00,98.22014052525613,10.012755002778045
1820,486,10,2024-03-16 19:00:00,93.56609925369452,5.413940473018368
1821,569,11,2024-03-16 20:00:00,87.13708576371351,11.517598649032163
1822,376,27,2024-03-16 21:00:00,73.17754822822864,12.761638116867234
1823,138,3,2024-03-16 22:00:00,85.24753142079777,9.118885371589407
1824,802,46,2024-03-16 23:00:00,74.06748707260569,6.713475066485223
1825,122,12,2024-03-17 00:00:00,98.86246324521603,11.221006112982131
1826,655,45,2024-03-17 01:00:00,88.26393566151968,18.08075058937433
1827,247,14,2024-03-17 02:00:00,69.54732569660156,14.474730741628612
1828,854,13,2024-03-17 03:00:00,95.08780550461077,12.133220885689648
1829,512,44,2024-03-17 04:00:00,84.50481191606328,6.757672907831681
1830,409,37,2024-03-17 05:00:00,67.66524007616279,18.49737287546354
1831,142,5,2024-03-17 06:00:00,82.67008872898238,5.755749909262045
1832,665,24,2024-03-17 07:00:00,90.44822895239497,14.685625026386202
1833,877,47,2024-03-17 08:00:00,86.71840627932146,9.898268987667494
1834,181,32,2024-03-17 09:00:00,83.0479956165587,9.585538543975314
1835,273,37,2024-03-17 10:00:00,68.77752740214247,12.001780675579464
1836,363,6,2024-03-17 11:00:00,69.06021675906021,14.526379872754458
1837,322,46,2024-03-17 12:00:00,87.30616256067847,4.920313959169087
1838,349,16,2024-03-17 13:00:00,66.54777748559303,3.476134249143401
1839,85,32,2024-03-17 14:00:00,84.31124024924031,18.41077926753846
1840,304,7,2024-03-17 15:00:00,92.32311840556652,13.284390307268195
1841,898,41,2024-03-17 16:00:00,91.01697028051252,18.74443696431708
1842,125,8,2024-03-17 17:00:00,70.68186642553889,14.99560845456494
1843,447,4,2024-03-17 18:00:00,68.63906587483656,7.212990791536219
1844,308,32,2024-03-17 19:00:00,62.94042168160338,17.508504509394633
1845,864,25,2024-03-17 20:00:00,73.64059848715569,14.642248530296383
1846,72,8,2024-03-17 21:00:00,83.19620357232306,11.635398604036684
1847,356,29,2024-03-17 22:00:00,67.21513572424969,13.906406889523725
1848,437,12,2024-03-17 23:00:00,94.31100675198044,15.561972237250899
1849,475,20,2024-03-18 00:00:00,62.52122125408624,10.796988791639237
1850,283,44,2024-03-18 01:00:00,98.61270203724706,14.585122453887285
1851,57,36,2024-03-18 02:00:00,80.62628770272157,18.235223431200655
1852,618,8,2024-03-18 03:00:00,86.38804980445026,5.817263137932895
1853,919,41,2024-03-18 04:00:00,99.22330720068842,10.755211325623353
1854,189,22,2024-03-18 05:00:00,60.86806530150866,13.503882459295372
1855,268,37,2024-03-18 06:00:00,76.58271606269636,15.993669980709647
1856,326,23,2024-03-18 07:00:00,74.05920071139528,3.665084917595308
1857,171,19,2024-03-18 08:00:00,80.87755008308255,2.1364890243272585
1858,152,5,2024-03-18 09:00:00,83.47678161768121,4.42879161013434
1859,101,26,2024-03-18 10:00:00,60.23731244370747,7.19118407053897
1860,569,36,2024-03-18 11:00:00,72.57178887647457,19.41229770656758
1861,25,1,2024-03-18 12:00:00,84.20110979868022,6.808629016125765
1862,788,9,2024-03-18 13:00:00,62.71380577183274,9.415669742570984
1863,175,33,2024-03-18 14:00:00,88.6532632597164,4.126676415051817
1864,685,31,2024-03-18 15:00:00,74.9580313577909,8.494498678514741
1865,741,2,2024-03-18 16:00:00,67.67020825819812,15.223610684274389
1866,134,15,2024-03-18 17:00:00,78.45807190051168,7.284331495713851
1867,887,16,2024-03-18 18:00:00,80.21072344302387,3.875672183617798
1868,725,15,2024-03-18 19:00:00,82.85393754155933,5.707593267446138
1869,415,15,2024-03-18 20:00:00,95.25488689068985,3.0876357484428167
1870,609,31,2024-03-18 21:00:00,75.34420258356295,16.99818499724504
1871,112,46,2024-03-18 22:00:00,63.67163696824682,17.968506603265414
1872,209,28,2024-03-18 23:00:00,97.63566946739533,12.883182892386346
1873,122,4,2024-03-19 00:00:00,85.75458748944138,8.23485879397268
1874,417,27,2024-03-19 01:00:00,88.76682053827898,16.50703462828318
1875,625,17,2024-03-19 02:00:00,85.53011010509924,9.027474538729926
1876,322,24,2024-03-19 03:00:00,68.82782873249622,19.75667226731453
1877,117,47,2024-03-19 04:00:00,81.90060564775509,19.195733523040825
1878,488,2,2024-03-19 05:00:00,75.250044822814,10.96075274134421
1879,993,40,2024-03-19 06:00:00,83.44567839912484,16.627782420686113
1880,386,18,2024-03-19 07:00:00,82.03380733948812,5.681590879491142
1881,429,3,2024-03-19 08:00:00,95.82650253738962,9.571920081089695
1882,910,48,2024-03-19 09:00:00,74.8892896290302,13.198098615640586
1883,771,49,2024-03-19 10:00:00,90.22995968113634,6.731663005973905
1884,218,3,2024-03-19 11:00:00,74.71588343113116,15.521344246181613
1885,728,2,2024-03-19 12:00:00,65.27674225469426,14.912272547758779
1886,381,49,2024-03-19 13:00:00,86.70377675966733,13.765821169083523
1887,524,36,2024-03-19 14:00:00,73.67513354145306,7.978817639864167
1888,691,21,2024-03-19 15:00:00,75.01276942804904,15.439052573838381
1889,585,37,2024-03-19 16:00:00,63.97528512228027,3.8412902661236297
1890,4,7,2024-03-19 17:00:00,79.97617200084198,19.398922179845954
1891,645,24,2024-03-19 18:00:00,91.21279893682937,13.318122188278195
1892,53,23,2024-03-19 19:00:00,96.9370649960168,7.971933636911286
1893,581,4,2024-03-19 20:00:00,68.07077014573494,8.564290064507215
1894,588,46,2024-03-19 21:00:00,83.31418274990335,2.1635244292217455
1895,173,2,2024-03-19 22:00:00,86.60374785184516,19.267926879782795
1896,651,42,2024-03-19 23:00:00,86.09343058503555,12.471711287329212
1897,860,44,2024-03-20 00:00:00,69.83642048040461,19.615066047748456
1898,638,1,2024-03-20 01:00:00,99.06905243618989,6.101041643143281
1899,539,22,2024-03-20 02:00:00,97.56392117060375,10.54449264222998
1900,502,47,2024-03-20 03:00:00,63.35583796162278,8.778644890013139
1901,726,35,2024-03-20 04:00:00,92.78930706415346,4.514757115123261
1902,771,42,2024-03-20 05:00:00,99.17560914784153,13.05388690696774
1903,533,13,2024-03-20 06:00:00,72.6361949277435,17.871863968768007
1904,651,20,2024-03-20 07:00:00,69.46122545609292,2.1925499457881132
1905,28,14,2024-03-20 08:00:00,77.47855276074921,3.068460919478972
1906,925,6,2024-03-20 09:00:00,97.6887310051209,17.87590625788184
1907,593,42,2024-03-20 10:00:00,69.79958915812023,17.49321451572611
1908,458,20,2024-03-20 11:00:00,82.25459342223775,9.456725998156276
1909,975,30,2024-03-20 12:00:00,89.8382272830405,9.030528443038236
1910,625,18,2024-03-20 13:00:00,83.81235638938199,3.2554028535533863
1911,128,1,2024-03-20 14:00:00,74.70213978421637,17.529921113897675
1912,556,10,2024-03-20 15:00:00,82.31248294560504,2.9262718395366463
1913,413,33,2024-03-20 16:00:00,86.99471057716599,14.452499181652113
1914,580,14,2024-03-20 17:00:00,93.96258378479749,10.595505222500961
1915,999,26,2024-03-20 18:00:00,85.66638715754105,11.691965921196314
1916,408,11,2024-03-20 19:00:00,60.04714224345325,15.57103394371479
1917,621,37,2024-03-20 20:00:00,98.99898883427238,15.423500203410539
1918,152,28,2024-03-20 21:00:00,88.20076187374035,4.12646222550548
1919,654,39,2024-03-20 22:00:00,98.45268429529663,8.274107731484225
1920,632,3,2024-03-20 23:00:00,75.07931833094045,18.357828115327578
1921,794,49,2024-03-21 00:00:00,66.60883329547752,2.743230755282899
1922,203,9,2024-03-21 01:00:00,82.3570480603399,11.55607113776268
1923,259,32,2024-03-21 02:00:00,96.26787229895513,2.282200901301068
1924,139,17,2024-03-21 03:00:00,84.52129124575256,15.854649696028275
1925,687,34,2024-03-21 04:00:00,82.3484889921358,2.913833878361509
1926,946,47,2024-03-21 05:00:00,92.46423570421562,15.25841780155458
1927,518,31,2024-03-21 06:00:00,92.5441438910173,18.681405133324045
1928,52,35,2024-03-21 07:00:00,80.25348172232424,2.560183380902097
1929,33,9,2024-03-21 08:00:00,65.49788505876913,17.082544542705378
1930,753,2,2024-03-21 09:00:00,70.90246341033357,3.4311517413327453
1931,657,10,2024-03-21 10:00:00,67.5461535591511,14.13961842120644
1932,296,26,2024-03-21 11:00:00,92.69379058940619,12.996768941143348
1933,658,18,2024-03-21 12:00:00,90.45745433563664,6.786896000369195
1934,300,48,2024-03-21 13:00:00,74.04049573214813,5.113508695976151
1935,623,49,2024-03-21 14:00:00,66.00595606924858,4.3424362391612155
1936,260,31,2024-03-21 15:00:00,71.71944277750087,3.40573996470991
1937,356,16,2024-03-21 16:00:00,62.98641424937613,7.495207594701791
1938,752,26,2024-03-21 17:00:00,98.25833957942544,10.69558828686493
1939,231,12,2024-03-21 18:00:00,94.30294012893577,2.0328220033841617
1940,241,41,2024-03-21 19:00:00,60.04521295285363,13.79301365319176
1941,57,9,2024-03-21 20:00:00,65.56270477086201,11.984887495587845
1942,335,30,2024-03-21 21:00:00,72.8700655659995,14.232054282185494
1943,945,26,2024-03-21 22:00:00,65.38187824639401,6.353882531331902
1944,425,47,2024-03-21 23:00:00,94.34707193969757,10.356881692708912
1945,346,38,2024-03-22 00:00:00,89.1751437264023,6.21124209782256
1946,417,47,2024-03-22 01:00:00,69.5303622450005,15.411716591579713
1947,704,50,2024-03-22 02:00:00,85.95644559529491,5.555765573027529
1948,284,9,2024-03-22 03:00:00,66.99542160423952,14.669860240318059
1949,862,43,2024-03-22 04:00:00,73.85402126798206,10.264170334773224
1950,436,9,2024-03-22 05:00:00,82.62478786410264,7.538083369769072
1951,174,35,2024-03-22 06:00:00,73.37035105915555,6.007072153134609
1952,348,11,2024-03-22 07:00:00,60.005840243571036,16.116911053520575
1953,877,2,2024-03-22 08:00:00,78.20193610525543,15.768122572068583
1954,188,30,2024-03-22 09:00:00,63.98174992697786,14.538286636237702
1955,424,37,2024-03-22 10:00:00,64.26349604627998,15.524817571435388
1956,98,42,2024-03-22 11:00:00,83.5370219247078,2.038449306815524
1957,10,48,2024-03-22 12:00:00,98.26385693174755,19.982140737474293
1958,950,49,2024-03-22 13:00:00,81.20261404176425,15.809864062266046
1959,231,26,2024-03-22 14:00:00,65.88879814455944,15.984450124098405
1960,49,41,2024-03-22 15:00:00,72.79730404545049,18.893929343959265
1961,335,12,2024-03-22 16:00:00,63.03885062733983,9.347495475452263
1962,172,42,2024-03-22 17:00:00,90.80033439773842,6.655761455907322
1963,500,23,2024-03-22 18:00:00,77.65865841557942,17.458268526086847
1964,734,33,2024-03-22 19:00:00,78.85494437563773,4.247596557902867
1965,510,47,2024-03-22 20:00:00,73.4164185569426,13.506092075987187
1966,796,39,2024-03-22 21:00:00,74.85713212300601,5.668057778779226
1967,167,38,2024-03-22 22:00:00,73.59744756507934,5.970227289090781
1968,474,18,2024-03-22 23:00:00,94.33136649334833,8.153802337415506
1969,794,25,2024-03-23 00:00:00,78.94073895405444,12.301885315149402
1970,364,33,2024-03-23 01:00:00,61.600863072709316,14.301933797075131
1971,129,44,2024-03-23 02:00:00,78.54473856238846,18.66280072252243
1972,86,30,2024-03-23 03:00:00,99.11416117295683,4.0670545657554245
1973,599,50,2024-03-23 04:00:00,98.82045630454029,14.566363838404397
1974,473,40,2024-03-23 05:00:00,94.5600848896988,17.15116307729785
1975,904,11,2024-03-23 06:00:00,90.86718237159778,19.470378984280856
1976,930,6,2024-03-23 07:00:00,82.71868600477197,7.193953844157434
1977,381,42,2024-03-23 08:00:00,90.03273284531076,3.9162649831463616
1978,884,10,2024-03-23 09:00:00,67.30509478877138,5.255474599734658
1979,911,3,2024-03-23 10:00:00,95.892050773846,18.450684486816574
1980,66,46,2024-03-23 11:00:00,83.90629453007662,5.6979908625654545
1981,652,28,2024-03-23 12:00:00,81.94493524259104,11.383923276081326
1982,186,40,2024-03-23 13:00:00,94.20363727415007,3.815136074028529
1983,146,46,2024-03-23 14:00:00,74.57366879513478,19.07505307212819
1984,571,35,2024-03-23 15:00:00,74.82200525115655,18.03785739818216
1985,957,2,2024-03-23 16:00:00,68.60680316558886,15.690392688948343
1986,519,17,2024-03-23 17:00:00,78.14696914199803,8.313642071983143
1987,170,4,2024-03-23 18:00:00,67.6615599872415,2.094307166558113
1988,987,41,2024-03-23 19:00:00,71.31271262542114,11.171140406771775
1989,194,35,2024-03-23 20:00:00,92.61835536437874,19.285655271409254
1990,355,48,2024-03-23 21:00:00,97.21227286318799,11.33785744363314
1991,942,11,2024-03-23 22:00:00,84.56100801755636,11.91011757047213
1992,443,35,2024-03-23 23:00:00,86.61249709294657,15.174342691625087
1993,432,6,2024-03-24 00:00:00,67.49357155036577,13.451681100843103
1994,77,3,2024-03-24 01:00:00,85.13791959401767,11.725964939558226
1995,324,41,2024-03-24 02:00:00,84.66172000208847,3.970698044128648
1996,988,11,2024-03-24 03:00:00,92.90374951288919,2.2134516060221148
1997,151,20,2024-03-24 04:00:00,80.95369283696769,19.259151824042398
1998,627,49,2024-03-24 05:00:00,99.18530595689373,13.461470570817383
1999,146,6,2024-03-24 06:00:00,62.82646597528811,10.623950672512034
2000,661,13,2024-03-24 07:00:00,90.60679787470897,4.159588000416984
2001,871,1,2024-03-24 08:00:00,93.27818838939004,11.42368936673448
2002,125,25,2024-03-24 09:00:00,80.19406136278717,4.778475410163618
2003,654,18,2024-03-24 10:00:00,92.81246554969451,14.409433270534418
2004,333,48,2024-03-24 11:00:00,73.99889176892968,19.811715852912357
2005,818,20,2024-03-24 12:00:00,98.64217740180483,16.07603654494048
2006,852,31,2024-03-24 13:00:00,70.28282233060212,2.781043936687265
2007,717,29,2024-03-24 14:00:00,79.06250385892342,17.0002460494446
2008,264,6,2024-03-24 15:00:00,94.0956120543589,7.07768211327091
2009,900,3,2024-03-24 16:00:00,61.85533091268835,14.860930607374742
2010,70,25,2024-03-24 17:00:00,96.40535192171501,2.2506901660608625
2011,24,38,2024-03-24 18:00:00,78.15295909198804,19.53682863687119
2012,380,26,2024-03-24 19:00:00,98.70869782962725,2.8792430766827213
2013,754,6,2024-03-24 20:00:00,76.63215103969128,6.183904696379475
2014,792,17,2024-03-24 21:00:00,66.80587183190285,5.612075521723335
2015,945,32,2024-03-24 22:00:00,70.59256922714607,18.230390449709404
2016,276,31,2024-03-24 23:00:00,84.76034039452247,10.633917764554633
2017,141,16,2024-03-25 00:00:00,62.2337923271253,8.918030558332834
2018,118,3,2024-03-25 01:00:00,63.04570839482197,14.520239255630738
2019,866,2,2024-03-25 02:00:00,73.81435209818565,16.294577416816942
2020,840,10,2024-03-25 03:00:00,62.38857595488321,18.011708130797842
2021,186,50,2024-03-25 04:00:00,82.27146517234803,18.299510178907322
2022,162,11,2024-03-25 05:00:00,83.07547879592094,6.128225517719528
2023,815,11,2024-03-25 06:00:00,93.25990469835264,16.650802219400052
2024,517,37,2024-03-25 07:00:00,95.0566927453344,11.0135098187924
2025,912,8,2024-03-25 08:00:00,93.28040140749508,19.318847629002512
2026,464,4,2024-03-25 09:00:00,65.86109470265306,7.4900745445242
2027,974,34,2024-03-25 10:00:00,72.35639127043135,13.348162659974937
2028,667,5,2024-03-25 11:00:00,73.47783685704788,8.199443321331895
2029,426,19,2024-03-25 12:00:00,75.55107982377129,15.451561700177447
2030,956,14,2024-03-25 13:00:00,88.52166720106608,4.498221973180964
2031,106,48,2024-03-25 14:00:00,72.7932258149609,8.280528750707733
2032,159,7,2024-03-25 15:00:00,70.49880160195374,17.09175308474567
2033,654,15,2024-03-25 16:00:00,73.86059357234214,5.804261865442829
2034,607,50,2024-03-25 17:00:00,93.41788612270035,12.534283360974477
2035,119,22,2024-03-25 18:00:00,98.64043361640327,17.17666611571086
2036,974,16,2024-03-25 19:00:00,90.48840699464957,12.506201768145562
2037,216,32,2024-03-25 20:00:00,84.18309987336306,2.665459028219285
2038,867,32,2024-03-25 21:00:00,72.39718879698012,18.193205226039257
2039,884,38,2024-03-25 22:00:00,94.87728049660218,13.910232671593487
2040,399,32,2024-03-25 23:00:00,77.5666904919538,18.611842659616237
2041,252,8,2024-03-26 00:00:00,73.05615846662174,12.559380181318659
2042,20,37,2024-03-26 01:00:00,86.3264563823527,16.332324466077097
2043,370,43,2024-03-26 02:00:00,83.38137220477026,5.921200057273012
2044,954,32,2024-03-26 03:00:00,85.94673768118462,10.895276873922887
2045,412,30,2024-03-26 04:00:00,69.22048288449705,4.366742153568465
2046,614,38,2024-03-26 05:00:00,97.96066385547503,5.853972023630657
2047,795,37,2024-03-26 06:00:00,72.64117243920572,18.51954190759516
2048,513,3,2024-03-26 07:00:00,74.09594427196133,4.077327775333007
2049,908,50,2024-03-26 08:00:00,71.52202801950351,11.907211458936768
2050,571,26,2024-03-26 09:00:00,79.25432260361222,18.534668538357153
2051,635,50,2024-03-26 10:00:00,89.60145247467935,14.825451960825875
2052,999,40,2024-03-26 11:00:00,66.54489405153211,4.659531758762626
2053,475,28,2024-03-26 12:00:00,79.878376080555,11.730777744819223
2054,868,32,2024-03-26 13:00:00,82.83122791347945,19.110004500540466
2055,894,42,2024-03-26 14:00:00,82.7009185881319,11.684790128964671
2056,351,5,2024-03-26 15:00:00,64.23147422725563,7.946969055846088
2057,920,7,2024-03-26 16:00:00,61.84160385087149,10.521043957635534
2058,480,14,2024-03-26 17:00:00,66.77013504468853,16.642646919232106
2059,340,13,2024-03-26 18:00:00,68.60951119368728,9.608664864036719
2060,919,16,2024-03-26 19:00:00,68.40030424027157,14.15620356618379
2061,753,29,2024-03-26 20:00:00,80.68982807945464,6.706425902905014
2062,259,16,2024-03-26 21:00:00,80.4588514874211,6.552130549530685
2063,144,14,2024-03-26 22:00:00,74.0907540768198,18.225163195964516
2064,303,40,2024-03-26 23:00:00,88.62437254723771,3.6902870966305654
2065,66,27,2024-03-27 00:00:00,81.39212772122143,19.82338591773468
2066,37,24,2024-03-27 01:00:00,72.02329930075362,12.488831158177083
2067,213,26,2024-03-27 02:00:00,84.25040910607376,16.443208608283072
2068,387,17,2024-03-27 03:00:00,67.81061658886429,13.284421310085392
2069,317,24,2024-03-27 04:00:00,94.19622319854864,17.779265887388032
2070,893,12,2024-03-27 05:00:00,60.41628542874217,13.77624895874097
2071,652,11,2024-03-27 06:00:00,64.77602272983228,6.846289084773274
2072,348,29,2024-03-27 07:00:00,79.27878362321911,7.601018546615972
2073,473,25,2024-03-27 08:00:00,68.50663874714601,10.24084801520129
2074,763,4,2024-03-27 09:00:00,98.5287579513755,17.14086332898701
2075,701,8,2024-03-27 10:00:00,62.64367075331615,6.812061200267405
2076,720,8,2024-03-27 11:00:00,98.12430944358493,6.42574104895742
2077,524,29,2024-03-27 12:00:00,85.76602318232328,2.5108609711304735
2078,725,44,2024-03-27 13:00:00,81.96476501253444,13.605011683221996
2079,749,47,2024-03-27 14:00:00,75.92222937403079,4.843471121796832
2080,378,44,2024-03-27 15:00:00,85.05650670403789,3.445270731634529
2081,662,41,2024-03-27 16:00:00,99.41397099277134,19.567771486978565
2082,403,25,2024-03-27 17:00:00,79.82056977960312,4.5075335568148756
2083,524,10,2024-03-27 18:00:00,88.07345718670916,17.335630462752906
2084,716,22,2024-03-27 19:00:00,69.64539580146317,12.716010410096969
2085,112,4,2024-03-27 20:00:00,92.51172147041821,2.3531286368825683
2086,818,29,2024-03-27 21:00:00,84.08728848166217,10.862818628068975
2087,151,46,2024-03-27 22:00:00,61.27238780274663,18.13644370038619
2088,764,38,2024-03-27 23:00:00,74.39340889992987,19.413247973248396
2089,234,30,2024-03-28 00:00:00,80.25348847242216,9.860554243271581
2090,483,36,2024-03-28 01:00:00,77.18180465810947,14.355685146633949
2091,137,44,2024-03-28 02:00:00,61.5723288810242,5.874073222319601
2092,213,26,2024-03-28 03:00:00,73.59752186570913,16.24693933886314
2093,529,22,2024-03-28 04:00:00,61.74219845622215,4.393670385020581
2094,2,44,2024-03-28 05:00:00,71.32409837831085,6.000397687360213
2095,805,6,2024-03-28 06:00:00,96.45196143583347,18.701529789656767
2096,701,34,2024-03-28 07:00:00,85.95227647081512,2.0657021797856645
2097,331,49,2024-03-28 08:00:00,83.28080870093805,13.027303692095261
2098,981,14,2024-03-28 09:00:00,72.14101404602211,13.107190029803068
2099,197,43,2024-03-28 10:00:00,71.81764428815637,8.924999371991149
2100,162,22,2024-03-28 11:00:00,80.82186731713273,18.23058586899449
2101,242,15,2024-03-28 12:00:00,64.49766421416122,7.939771854562583
2102,250,46,2024-03-28 13:00:00,62.988842139925886,3.203410705792125
2103,485,49,2024-03-28 14:00:00,83.78946007447598,18.525148603707276
2104,96,35,2024-03-28 15:00:00,62.52080816162236,7.69013903912444
2105,394,3,2024-03-28 16:00:00,95.00771967396233,4.333586023667423
2106,487,16,2024-03-28 17:00:00,62.58904844752211,10.970704299950484
2107,77,47,2024-03-28 18:00:00,85.25001905238452,18.470112816655593
2108,898,30,2024-03-28 19:00:00,90.87362389805145,10.366435381073183
2109,791,42,2024-03-28 20:00:00,61.45111663197654,17.926139035796567
2110,1000,40,2024-03-28 21:00:00,70.22832434629795,15.293113325844237
2111,131,16,2024-03-28 22:00:00,73.41633278781659,11.756594211701348
2112,853,17,2024-03-28 23:00:00,83.68105296053737,7.794811908834458
2113,202,35,2024-03-29 00:00:00,75.60246113408738,8.793377583385311
2114,131,43,2024-03-29 01:00:00,61.77315185559253,6.536168421823671
2115,79,2,2024-03-29 02:00:00,73.77110364814071,13.801698821084056
2116,63,13,2024-03-29 03:00:00,63.23649253641301,14.369987467685755
2117,842,9,2024-03-29 04:00:00,63.607930240473145,9.881492185077125
2118,815,2,2024-03-29 05:00:00,86.55886798049553,14.467953501831968
2119,457,10,2024-03-29 06:00:00,80.33567474136998,19.837504840240506
2120,437,13,2024-03-29 07:00:00,77.70364248654096,8.264541583385746
2121,16,34,2024-03-29 08:00:00,78.13046275754817,19.85146956206743
2122,472,16,2024-03-29 09:00:00,88.49535635403316,5.12635926215093
2123,212,22,2024-03-29 10:00:00,71.59848985763534,10.538692532704083
2124,158,42,2024-03-29 11:00:00,79.10394822442628,5.334671736873267
2125,269,20,2024-03-29 12:00:00,64.84984575157449,10.491159319612754
2126,961,31,2024-03-29 13:00:00,69.48590432429887,3.7310738726518506
2127,196,17,2024-03-29 14:00:00,82.18098314311732,19.099697586574948
2128,956,14,2024-03-29 15:00:00,87.48636483591446,11.002050867741957
2129,135,12,2024-03-29 16:00:00,83.05888652463037,13.574607539273472
2130,440,43,2024-03-29 17:00:00,70.60823056324942,3.0994941189297043
2131,562,39,2024-03-29 18:00:00,93.3048842583084,2.2578014779984477
2132,484,34,2024-03-29 19:00:00,89.6685769069223,7.227088152176227
2133,213,20,2024-03-29 20:00:00,94.49336434936902,10.683017678426982
2134,30,11,2024-03-29 21:00:00,85.7187930857408,4.962123507311632
2135,39,30,2024-03-29 22:00:00,97.33979997515351,2.6420689483043693
2136,638,31,2024-03-29 23:00:00,82.11361203917096,14.622194713233963
2137,831,5,2024-03-30 00:00:00,95.96587509897729,3.514260824883528
2138,667,25,2024-03-30 01:00:00,61.825129808666475,8.08410510428491
2139,881,12,2024-03-30 02:00:00,83.37093875648901,2.230033336583318
2140,346,23,2024-03-30 03:00:00,68.84893653404622,2.394015265538922
2141,339,48,2024-03-30 04:00:00,69.10957988911164,2.2843117012932104
2142,526,49,2024-03-30 05:00:00,91.4180810548466,10.519980093696711
2143,439,29,2024-03-30 06:00:00,93.39723821401515,8.810577263998315
2144,884,22,2024-03-30 07:00:00,73.44902907743139,2.421516113240789
2145,40,19,2024-03-30 08:00:00,92.13333046806926,6.485036575341385
2146,314,8,2024-03-30 09:00:00,92.28286281579662,4.608945553455041
2147,543,44,2024-03-30 10:00:00,88.77570123930023,17.047236439266754
2148,647,38,2024-03-30 11:00:00,71.5219216813293,11.776294212441698
2149,255,28,2024-03-30 12:00:00,90.86531982875766,12.08658460843328
2150,97,15,2024-03-30 13:00:00,60.75967107528462,8.124110164567272
2151,585,40,2024-03-30 14:00:00,82.86305323567746,4.489918248588579
2152,322,50,2024-03-30 15:00:00,92.04604700130142,7.365628727407256
2153,954,27,2024-03-30 16:00:00,92.05722798084986,14.902922914114464
2154,636,34,2024-03-30 17:00:00,65.80934496416688,11.888152436275709
2155,996,44,2024-03-30 18:00:00,63.10204040087855,12.320088593343156
2156,126,48,2024-03-30 19:00:00,64.99782169079812,17.6514990078052
2157,455,33,2024-03-30 20:00:00,90.88370621960658,6.854646695801007
2158,69,45,2024-03-30 21:00:00,89.6311201568433,8.007270113085303
2159,726,49,2024-03-30 22:00:00,97.09247897303996,18.439665884592646
2160,866,2,2024-03-30 23:00:00,90.2382906303908,12.158041941197567
2161,208,4,2024-03-31 00:00:00,97.34743156804916,15.847036643589307
2162,206,41,2024-03-31 01:00:00,87.33064529418641,11.608316551991678
2163,444,43,2024-03-31 02:00:00,72.82871285115816,16.365838527808535
2164,457,16,2024-03-31 03:00:00,81.8043148058684,8.454506489474987
2165,518,35,2024-03-31 04:00:00,76.40829419291856,18.67179594614116
2166,429,27,2024-03-31 05:00:00,94.71741586343948,8.165339856812096
2167,432,11,2024-03-31 06:00:00,99.73616372420214,17.416878985160622
2168,375,19,2024-03-31 07:00:00,70.91876849647991,12.085094640696823
2169,755,17,2024-03-31 08:00:00,78.06003595518534,16.336054130715773
2170,613,47,2024-03-31 09:00:00,77.85867842315949,19.3678543982156
2171,887,19,2024-03-31 10:00:00,80.67441438151083,12.127893175412472
2172,809,11,2024-03-31 11:00:00,60.87663362566248,7.055429305120434
2173,703,19,2024-03-31 12:00:00,87.13206123980461,8.718375670642606
2174,258,50,2024-03-31 13:00:00,84.67480981691975,15.322739793030376
2175,888,12,2024-03-31 14:00:00,66.50460965178941,5.748784617453522
2176,571,33,2024-03-31 15:00:00,91.2493913800839,13.972716870798417
2177,549,42,2024-03-31 16:00:00,94.41941134190314,7.389828784719546
2178,812,33,2024-03-31 17:00:00,60.074802880326175,5.7693551325863615
2179,298,17,2024-03-31 18:00:00,88.61975396762358,16.643464641445867
2180,490,22,2024-03-31 19:00:00,65.14108113714305,3.1604455576641675
2181,765,46,2024-03-31 20:00:00,67.79950445330309,13.184780815357989
2182,211,34,2024-03-31 21:00:00,77.13699414618387,2.5777546095988306
2183,107,12,2024-03-31 22:00:00,95.32310896609178,8.325669164505861
2184,172,48,2024-03-31 23:00:00,70.43347544332129,6.392866002932569
2185,209,32,2024-04-01 00:00:00,84.90398699390373,13.354505975980414
2186,833,5,2024-04-01 01:00:00,77.66656508506941,13.888120727686003
2187,320,15,2024-04-01 02:00:00,93.79986667236156,12.727548361960231
2188,4,48,2024-04-01 03:00:00,69.70469924959434,10.017748425703077
2189,763,5,2024-04-01 04:00:00,81.64335565417377,2.5613003427860797
2190,677,8,2024-04-01 05:00:00,60.08805058559139,8.784213652225489
2191,798,43,2024-04-01 06:00:00,78.99940596544054,10.192969902656955
2192,686,44,2024-04-01 07:00:00,77.84949841941565,4.52482807481792
2193,670,1,2024-04-01 08:00:00,90.02127884230329,6.845182457129691
2194,186,43,2024-04-01 09:00:00,63.462368140664886,4.888340227860548
2195,157,12,2024-04-01 10:00:00,92.00234487874613,4.902212265818351
2196,878,17,2024-04-01 11:00:00,71.2127489905415,10.023832028116418
2197,981,45,2024-04-01 12:00:00,94.40229453126916,16.886395226855278
2198,323,1,2024-04-01 13:00:00,86.63519934140282,11.136601458691468
2199,818,15,2024-04-01 14:00:00,66.64655538099211,19.593720498228226
2200,473,2,2024-04-01 15:00:00,93.49619476225752,6.317163302015651
2201,899,22,2024-04-01 16:00:00,94.13623159349892,10.02676770793524
2202,843,27,2024-04-01 17:00:00,80.81587800838254,12.45787845605719
2203,871,18,2024-04-01 18:00:00,95.48065955239719,17.436659844910505
2204,366,40,2024-04-01 19:00:00,95.90135811559963,6.768122503264342
2205,933,19,2024-04-01 20:00:00,87.27606878186315,6.538605826133129
2206,762,49,2024-04-01 21:00:00,68.79235617397812,6.511526452931481
2207,469,24,2024-04-01 22:00:00,80.45869139941506,9.2139557855675
2208,877,7,2024-04-01 23:00:00,63.41988565207852,9.516236553350115
2209,880,21,2024-04-02 00:00:00,66.48923248123673,6.126994414760455
2210,78,47,2024-04-02 01:00:00,82.10251384906246,7.7160871302915846
2211,487,31,2024-04-02 02:00:00,84.70183536017281,11.545747117701996
2212,874,28,2024-04-02 03:00:00,86.06292626541331,7.810028878258633
2213,991,11,2024-04-02 04:00:00,87.43939411471513,14.208810229189638
2214,424,35,2024-04-02 05:00:00,82.67631683759802,19.04237349578318
2215,667,46,2024-04-02 06:00:00,63.68730189166125,16.99540777419597
2216,465,19,2024-04-02 07:00:00,77.50223425144353,19.381525467974868
2217,856,27,2024-04-02 08:00:00,72.07392419282688,15.628982507570337
2218,419,49,2024-04-02 09:00:00,85.57835036821258,7.832639710986136
2219,187,11,2024-04-02 10:00:00,72.90390975214898,9.01972417026225
2220,503,44,2024-04-02 11:00:00,83.38581263126721,19.860531446541096
2221,531,26,2024-04-02 12:00:00,63.70106395552589,2.5556851416322552
2222,738,15,2024-04-02 13:00:00,99.71171930492858,15.871869531138156
2223,899,11,2024-04-02 14:00:00,79.83545630000481,17.147167931821357
2224,887,20,2024-04-02 15:00:00,89.71093616675816,13.693869696363235
2225,18,13,2024-04-02 16:00:00,76.65262550696279,13.443875887374132
2226,351,30,2024-04-02 17:00:00,84.63654934466786,18.559600082505273
2227,783,16,2024-04-02 18:00:00,95.37738876308826,19.770512255697668
2228,303,44,2024-04-02 19:00:00,95.71574719887855,19.974742051047464
2229,154,5,2024-04-02 20:00:00,95.9896863591035,12.838108258477053
2230,297,18,2024-04-02 21:00:00,80.34616184506281,3.32555717697661
2231,877,22,2024-04-02 22:00:00,82.38421524839303,2.8339215937639626
2232,122,35,2024-04-02 23:00:00,65.52825213311617,13.182313012691736
2233,593,16,2024-04-03 00:00:00,78.79764695408684,12.256936516719744
2234,653,33,2024-04-03 01:00:00,99.59232714704547,14.221452108961257
2235,146,22,2024-04-03 02:00:00,85.24084706807423,14.901186753161166
2236,204,20,2024-04-03 03:00:00,71.87331419763676,19.501169050656603
2237,342,41,2024-04-03 04:00:00,78.35364743022917,9.862389345579043
2238,549,10,2024-04-03 05:00:00,82.0229041363175,2.265003599708209
2239,45,5,2024-04-03 06:00:00,73.00654175091228,4.308523545754108
2240,395,15,2024-04-03 07:00:00,84.31365205338977,9.869006406325544
2241,880,26,2024-04-03 08:00:00,80.70091473873299,4.6791930640348
2242,141,23,2024-04-03 09:00:00,78.01339123195439,12.351780326830125
2243,567,37,2024-04-03 10:00:00,78.89420199469083,14.151503319228791
2244,612,8,2024-04-03 11:00:00,69.3518010060041,7.105986125559925
2245,345,9,2024-04-03 12:00:00,84.62027698063986,3.117278218228365
2246,568,15,2024-04-03 13:00:00,64.08307799156,11.694478220203253
2247,787,21,2024-04-03 14:00:00,82.29458167983418,13.16012816734603
2248,897,28,2024-04-03 15:00:00,67.95247733276457,18.377631723514533
2249,846,2,2024-04-03 16:00:00,86.73123963889174,15.734090551877001
2250,130,42,2024-04-03 17:00:00,93.55115428047083,18.766846052076257
2251,645,6,2024-04-03 18:00:00,61.411854528391856,13.18084666506544
2252,369,37,2024-04-03 19:00:00,75.53587910987684,15.974557629144114
2253,263,46,2024-04-03 20:00:00,97.35617680330937,11.970466975236828
2254,155,7,2024-04-03 21:00:00,96.90482148595314,10.484863782952198
2255,159,18,2024-04-03 22:00:00,84.60626793483854,4.854706843537863
2256,489,39,2024-04-03 23:00:00,64.06381142342303,15.280076561507968
2257,720,3,2024-04-04 00:00:00,67.89378033916688,10.86027620133958
2258,256,19,2024-04-04 01:00:00,81.8920857191996,16.871963863881973
2259,697,49,2024-04-04 02:00:00,68.12303485257944,2.5707567586190567
2260,984,31,2024-04-04 03:00:00,68.05404454509514,14.084579559694372
2261,110,9,2024-04-04 04:00:00,69.82868471001049,10.04403901905381
2262,609,23,2024-04-04 05:00:00,73.43691984372376,10.57134931604665
2263,674,17,2024-04-04 06:00:00,69.1357150579146,11.668783008999254
2264,134,14,2024-04-04 07:00:00,61.44131011294018,3.552296786362893
2265,950,30,2024-04-04 08:00:00,93.29500900053,13.628504635837977
2266,515,48,2024-04-04 09:00:00,67.84558828730778,9.684741069943724
2267,482,4,2024-04-04 10:00:00,98.86773936118597,3.510503974946855
2268,523,19,2024-04-04 11:00:00,60.56638779019479,14.758708474045555
2269,789,19,2024-04-04 12:00:00,97.17761021036866,12.0153183998674
2270,231,31,2024-04-04 13:00:00,85.27217288767469,9.122996119315616
2271,444,39,2024-04-04 14:00:00,93.65294724887926,18.73308267497481
2272,362,19,2024-04-04 15:00:00,74.10901068248786,9.500859122872892
2273,62,15,2024-04-04 16:00:00,98.27756203155472,3.2279370937545946
2274,24,17,2024-04-04 17:00:00,95.03245070190165,3.304792102582231
2275,687,45,2024-04-04 18:00:00,62.86939891315523,18.091011005543347
2276,578,16,2024-04-04 19:00:00,92.10851137362656,7.237760360245868
2277,567,46,2024-04-04 20:00:00,71.04347209460963,6.31484995568566
2278,292,37,2024-04-04 21:00:00,62.370697293157946,11.506426097691454
2279,414,14,2024-04-04 22:00:00,65.62898494043296,17.376105312185643
2280,316,4,2024-04-04 23:00:00,95.32459452487124,17.519660149459792
2281,443,18,2024-04-05 00:00:00,62.67694996912381,18.127303056610028
2282,795,17,2024-04-05 01:00:00,60.14454449217863,6.875167427478012
2283,519,32,2024-04-05 02:00:00,83.65644522059924,19.507809427399998
2284,1,6,2024-04-05 03:00:00,77.54784816037576,10.735056809699959
2285,680,5,2024-04-05 04:00:00,77.32527583297022,5.234559729105184
2286,727,40,2024-04-05 05:00:00,77.05685315439592,5.14070577457183
2287,583,5,2024-04-05 06:00:00,81.07727501735774,8.319727368380683
2288,145,21,2024-04-05 07:00:00,77.13079823020824,3.785147314142548
2289,253,12,2024-04-05 08:00:00,67.41101314301974,17.72399856205439
2290,476,27,2024-04-05 09:00:00,62.52027781941162,14.627687526471629
2291,788,33,2024-04-05 10:00:00,76.82900142661936,16.682575123880603
2292,287,16,2024-04-05 11:00:00,75.64757195334718,12.73621099419428
2293,544,27,2024-04-05 12:00:00,61.47928084594794,11.564944380818384
2294,253,10,2024-04-05 13:00:00,63.09071035616438,6.507396376019731
2295,486,15,2024-04-05 14:00:00,66.48264520520233,5.901071344657073
2296,195,8,2024-04-05 15:00:00,63.49250011825325,9.880307683893875
2297,633,7,2024-04-05 16:00:00,80.71784856035529,15.175502158732414
2298,913,27,2024-04-05 17:00:00,71.54101331668068,12.770242128942005
2299,299,23,2024-04-05 18:00:00,84.15201626971866,3.475044897656747
2300,468,23,2024-04-05 19:00:00,95.62765604338799,3.671202014362566
2301,31,9,2024-04-05 20:00:00,88.86485896547644,19.141154553619536
2302,521,21,2024-04-05 21:00:00,61.986526210571675,4.657041200984953
2303,636,24,2024-04-05 22:00:00,64.06319276626478,15.95136977558488
2304,445,18,2024-04-05 23:00:00,65.68981235523147,17.64413717457783
2305,383,18,2024-04-06 00:00:00,72.89574353006576,16.903851457333833
2306,471,49,2024-04-06 01:00:00,92.67740322787537,12.151592812897128
2307,928,6,2024-04-06 02:00:00,70.73353104470577,12.126694326677365
2308,88,20,2024-04-06 03:00:00,88.05317873041022,2.0716341260610585
2309,905,43,2024-04-06 04:00:00,98.03848793226396,17.15681421395496
2310,94,39,2024-04-06 05:00:00,86.6117704367008,14.665540269708409
2311,21,8,2024-04-06 06:00:00,61.36079607115453,19.8766841415133
2312,116,42,2024-04-06 07:00:00,65.89779700174385,2.8991932203430437
2313,919,6,2024-04-06 08:00:00,61.5256522855293,8.59847464184718
2314,284,6,2024-04-06 09:00:00,76.90593348586508,19.706104304715303
2315,622,7,2024-04-06 10:00:00,92.53579566805794,2.756543700996791
2316,966,11,2024-04-06 11:00:00,87.49960151926999,6.235532546554903
2317,701,48,2024-04-06 12:00:00,62.40698144966825,3.653350463453993
2318,660,26,2024-04-06 13:00:00,70.38163320545917,7.096550376037107
2319,15,20,2024-04-06 14:00:00,79.13633156528923,3.402121767992673
2320,50,24,2024-04-06 15:00:00,75.43545704834568,3.975649800953542
2321,825,8,2024-04-06 16:00:00,60.448810555381904,3.8098282762337363
2322,756,32,2024-04-06 17:00:00,84.08182286460278,3.9128217807129184
2323,247,9,2024-04-06 18:00:00,86.25996820849466,18.8762095448751
2324,603,23,2024-04-06 19:00:00,94.08771621845085,9.11998196120086
2325,35,13,2024-04-06 20:00:00,68.9890493954842,13.842394764855992
2326,661,5,2024-04-06 21:00:00,71.86466205195967,3.4894864592975887
2327,443,14,2024-04-06 22:00:00,79.74095238978714,6.496783136375027
2328,360,45,2024-04-06 23:00:00,80.85852558015729,19.724229156073246
2329,948,50,2024-04-07 00:00:00,79.17629901949357,17.51070189555126
2330,908,24,2024-04-07 01:00:00,94.07751375155496,10.274877031635862
2331,726,2,2024-04-07 02:00:00,74.04025263792931,10.816518942180014
2332,709,3,2024-04-07 03:00:00,81.57039406794868,3.483568819871542
2333,321,48,2024-04-07 04:00:00,61.372382026976766,9.282066523335958
2334,169,42,2024-04-07 05:00:00,86.75399917681133,13.010235023108773
2335,177,13,2024-04-07 06:00:00,65.37207502649763,19.824432216429145
2336,924,48,2024-04-07 07:00:00,64.96663180428791,10.721404397426532
2337,259,15,2024-04-07 08:00:00,72.38080001438449,12.101750701339522
2338,608,33,2024-04-07 09:00:00,84.69811812346238,9.671454262260019
2339,829,7,2024-04-07 10:00:00,80.77034562807533,15.16087009537296
2340,114,43,2024-04-07 11:00:00,74.26271181671147,10.340048633303038
2341,358,15,2024-04-07 12:00:00,85.27082827887065,8.759955043931605
2342,652,11,2024-04-07 13:00:00,97.2267996343494,7.048154103976382
2343,566,31,2024-04-07 14:00:00,60.22974808348205,4.404584984948883
2344,262,3,2024-04-07 15:00:00,97.69626234200098,16.65893817146458
2345,548,11,2024-04-07 16:00:00,97.88228504965772,17.58159738877871
2346,886,3,2024-04-07 17:00:00,77.6820227738593,14.161771913302958
2347,85,26,2024-04-07 18:00:00,93.73328005452909,17.144887204066258
2348,307,15,2024-04-07 19:00:00,68.27453696953462,3.782203215278215
2349,90,30,2024-04-07 20:00:00,75.61196014045882,16.41695282148822
2350,3,35,2024-04-07 21:00:00,68.5827074980214,15.722204814311523
2351,302,30,2024-04-07 22:00:00,94.0036802122633,19.425352229606954
2352,310,1,2024-04-07 23:00:00,90.50233190846875,9.917273276799692
2353,834,24,2024-04-08 00:00:00,92.49437756425831,6.108628826727351
2354,137,11,2024-04-08 01:00:00,63.327565162894764,3.829263791926528
2355,38,8,2024-04-08 02:00:00,60.55200085810602,17.085815651808574
2356,425,41,2024-04-08 03:00:00,80.21725283272082,13.430751888540438
2357,370,9,2024-04-08 04:00:00,95.05954360118895,8.054960200516504
2358,948,32,2024-04-08 05:00:00,91.96781062957413,13.475432462146886
2359,337,39,2024-04-08 06:00:00,79.38212267742699,15.16648638468515
2360,981,49,2024-04-08 07:00:00,61.963351428496594,15.287181825285538
2361,126,15,2024-04-08 08:00:00,94.74422708794138,12.010360420881861
2362,469,3,2024-04-08 09:00:00,96.15360435581752,8.958226959077223
2363,107,12,2024-04-08 10:00:00,90.30496153093839,18.016947577918565
2364,809,16,2024-04-08 11:00:00,60.54352808435716,10.723821741744088
2365,572,4,2024-04-08 12:00:00,69.90331727864893,9.054954932689986
2366,179,40,2024-04-08 13:00:00,63.88836683907199,2.021069967911882
2367,821,37,2024-04-08 14:00:00,63.87749335243157,9.947819361353783
2368,227,31,2024-04-08 15:00:00,76.20822282950255,2.28107461882962
2369,738,37,2024-04-08 16:00:00,70.34590728787919,14.673446696015304
2370,891,7,2024-04-08 17:00:00,66.1035135151564,13.820811938861835
2371,888,42,2024-04-08 18:00:00,89.83037463307056,6.964065849090846
2372,131,19,2024-04-08 19:00:00,86.95814679754055,6.772974706575707
2373,148,13,2024-04-08 20:00:00,69.07322477714052,6.14688278839183
2374,113,6,2024-04-08 21:00:00,88.58850598620538,14.836593039862928
2375,373,22,2024-04-08 22:00:00,77.75344283465869,15.950871688768284
2376,278,32,2024-04-08 23:00:00,82.64362242313719,9.238482519861142
2377,472,34,2024-04-09 00:00:00,79.11947998737539,14.257393875164357
2378,43,26,2024-04-09 01:00:00,86.84804641311229,3.9548925429287785
2379,433,17,2024-04-09 02:00:00,98.20865276202093,7.038162226871282
2380,157,50,2024-04-09 03:00:00,70.9575338868306,6.2894161198309595
2381,588,10,2024-04-09 04:00:00,80.70445781876617,18.973293769518726
2382,675,43,2024-04-09 05:00:00,81.69949351297602,10.549962318386363
2383,471,36,2024-04-09 06:00:00,89.6113216801755,2.849371877036819
2384,974,26,2024-04-09 07:00:00,72.51935492706627,18.449720894854927
2385,57,13,2024-04-09 08:00:00,76.47607410596126,10.264214074254042
2386,415,30,2024-04-09 09:00:00,94.50643071108567,5.366214095931854
2387,632,14,2024-04-09 10:00:00,71.73072181618664,13.538936217178321
2388,950,11,2024-04-09 11:00:00,75.2965704132857,6.316032621793184
2389,551,18,2024-04-09 12:00:00,71.07457329021749,2.092437116225293
2390,600,22,2024-04-09 13:00:00,76.86256288170168,16.172870046851358
2391,296,23,2024-04-09 14:00:00,69.58664333309366,14.902603042273592
2392,883,37,2024-04-09 15:00:00,60.55748229154921,12.347494317036325
2393,482,7,2024-04-09 16:00:00,87.17589659874193,19.82879899767832
2394,615,2,2024-04-09 17:00:00,76.65403096638909,18.204988216121563
2395,80,25,2024-04-09 18:00:00,68.70399011521944,3.8878199144499046
2396,193,39,2024-04-09 19:00:00,90.83842373181604,4.246742968946323
2397,534,24,2024-04-09 20:00:00,91.9581499780418,6.077482748245808
2398,398,43,2024-04-09 21:00:00,82.40808169940564,2.4120875869450797
2399,483,21,2024-04-09 22:00:00,60.40989093072817,15.503057985134639
2400,782,17,2024-04-09 23:00:00,86.3004306815242,6.934539329145635
2401,375,24,2024-04-10 00:00:00,66.62493480740302,13.380307830110251
2402,370,23,2024-04-10 01:00:00,70.62863176627212,9.618086892641475
2403,187,35,2024-04-10 02:00:00,96.2830223755534,5.148990471692637
2404,451,22,2024-04-10 03:00:00,77.21552325491629,18.3367799601693
2405,454,9,2024-04-10 04:00:00,71.17931547556411,16.858878073229327
2406,251,15,2024-04-10 05:00:00,67.79677132702174,13.764726136333326
2407,45,40,2024-04-10 06:00:00,90.98674497697246,13.609808145436366
2408,247,22,2024-04-10 07:00:00,62.531635960787064,9.14689381557222
2409,843,10,2024-04-10 08:00:00,78.53672169552081,19.68895926180335
2410,997,43,2024-04-10 09:00:00,97.13655469056319,7.881118520307957
2411,219,48,2024-04-10 10:00:00,93.44194904564588,14.235743978716735
2412,989,50,2024-04-10 11:00:00,84.34162769847717,14.162506332978719
2413,523,5,2024-04-10 12:00:00,72.79567315835085,9.526824867151207
2414,322,10,2024-04-10 13:00:00,87.63301342849218,10.447886790780748
2415,60,35,2024-04-10 14:00:00,91.96118132415515,13.426099437169622
2416,204,21,2024-04-10 15:00:00,77.7874529135617,4.3910767429824995
2417,313,11,2024-04-10 16:00:00,73.25932710866826,11.166443777819506
2418,832,40,2024-04-10 17:00:00,83.0650451702056,3.88250424902992
2419,600,3,2024-04-10 18:00:00,76.95364481755726,6.928244913230077
2420,763,23,2024-04-10 19:00:00,79.57949807741426,6.121340080956885
2421,24,50,2024-04-10 20:00:00,62.006433396219684,8.714962470098595
2422,865,45,2024-04-10 21:00:00,90.33871957530611,16.279789669047382
2423,658,50,2024-04-10 22:00:00,93.1156007646183,16.61920908189292
2424,360,39,2024-04-10 23:00:00,99.48182453386474,16.69942319454571
2425,21,27,2024-04-11 00:00:00,97.1794546063845,18.92214499100966
2426,726,23,2024-04-11 01:00:00,88.20305186012554,6.2583533468031085
2427,979,50,2024-04-11 02:00:00,70.2238240388038,2.2864361482405746
2428,578,43,2024-04-11 03:00:00,94.42423750022903,10.80098982797481
2429,721,9,2024-04-11 04:00:00,89.52663019587149,2.2739661989615803
2430,488,4,2024-04-11 05:00:00,66.13027045180516,18.556467136296867
2431,115,47,2024-04-11 06:00:00,91.19897579437391,8.223935132942465
2432,55,9,2024-04-11 07:00:00,79.63843260874131,19.99166501971973
2433,703,9,2024-04-11 08:00:00,97.98282397304148,17.394297035013807
2434,964,14,2024-04-11 09:00:00,68.53247156579852,8.095904799610945
2435,74,14,2024-04-11 10:00:00,90.44515414031719,15.974923261923564
2436,299,46,2024-04-11 11:00:00,73.85321875156082,15.437715748752247
2437,910,43,2024-04-11 12:00:00,98.51320564063778,2.2467022256189626
2438,78,39,2024-04-11 13:00:00,79.51472936497636,15.216551551645955
2439,922,27,2024-04-11 14:00:00,92.8203106877316,14.701543463239618
2440,779,19,2024-04-11 15:00:00,83.52797402028392,18.126881223799472
2441,601,31,2024-04-11 16:00:00,75.05748901410313,6.851915569599273
2442,479,46,2024-04-11 17:00:00,63.26336186054337,5.76833230210905
2443,159,2,2024-04-11 18:00:00,83.07367765757948,14.056001522889007
2444,927,8,2024-04-11 19:00:00,73.38281835446986,18.977361082008958
2445,811,6,2024-04-11 20:00:00,72.82484950269034,17.94821445844598
2446,612,50,2024-04-11 21:00:00,94.50488583562014,10.016615229532825
2447,506,39,2024-04-11 22:00:00,81.98354503519906,5.900719526768575
2448,345,13,2024-04-11 23:00:00,77.82949436603505,3.549979440626549
2449,159,20,2024-04-12 00:00:00,97.9741474070376,13.041455062250002
2450,87,27,2024-04-12 01:00:00,93.17627637914775,9.587299832774287
2451,682,44,2024-04-12 02:00:00,68.94511047391175,18.986967219660638
2452,654,11,2024-04-12 03:00:00,70.51275691978054,2.1687167340982993
2453,562,19,2024-04-12 04:00:00,78.0127694721135,19.40404719308329
2454,273,2,2024-04-12 05:00:00,97.37604016218107,4.2993133527955685
2455,326,1,2024-04-12 06:00:00,62.32544320715555,2.4574023519757793
2456,261,7,2024-04-12 07:00:00,64.05790410743498,8.556438863330497
2457,851,45,2024-04-12 08:00:00,76.56416063104565,6.767292017799532
2458,102,23,2024-04-12 09:00:00,65.37593204559904,3.9947395997922155
2459,939,38,2024-04-12 10:00:00,87.03588914751475,4.594067909355358
2460,332,21,2024-04-12 11:00:00,79.85809377316124,4.811076224473291
2461,192,31,2024-04-12 12:00:00,72.84073556355783,9.939018168349687
2462,931,24,2024-04-12 13:00:00,75.33620789521726,11.144307718941738
2463,783,50,2024-04-12 14:00:00,85.69126875225473,11.309913100728888
2464,312,24,2024-04-12 15:00:00,76.3331658743437,13.782644847108383
2465,255,20,2024-04-12 16:00:00,70.18135563364125,3.5983581349706006
2466,100,38,2024-04-12 17:00:00,60.4946354249294,11.635578042472497
2467,470,33,2024-04-12 18:00:00,86.1931512042448,5.11367400786048
2468,205,15,2024-04-12 19:00:00,93.45630592898347,4.506579948803957
2469,462,13,2024-04-12 20:00:00,61.709469812843444,8.035283645138929
2470,70,42,2024-04-12 21:00:00,95.78377414732748,17.399531845654053
2471,779,24,2024-04-12 22:00:00,90.46912692005239,12.144646236793621
2472,414,2,2024-04-12 23:00:00,84.99992751275927,14.719671682231695
2473,631,46,2024-04-13 00:00:00,77.91560818401807,16.882108194350163
2474,67,16,2024-04-13 01:00:00,90.71837174950977,6.256465841690323
2475,265,7,2024-04-13 02:00:00,65.65584884265242,13.358940606278786
2476,911,44,2024-04-13 03:00:00,61.275536941717704,14.905418335709715
2477,7,17,2024-04-13 04:00:00,75.641544639283,13.653049228291184
2478,132,8,2024-04-13 05:00:00,67.24160477412445,16.657044878981065
2479,32,1,2024-04-13 06:00:00,94.87712554813174,7.434422530221418
2480,780,34,2024-04-13 07:00:00,66.26439191582446,16.728377207036154
2481,217,1,2024-04-13 08:00:00,79.21245665192774,15.863956599876735
2482,96,26,2024-04-13 09:00:00,84.62577339823936,10.288253123926813
2483,463,50,2024-04-13 10:00:00,82.42290376712539,17.019695608778257
2484,414,42,2024-04-13 11:00:00,62.762106562989175,5.54940091855021
2485,155,20,2024-04-13 12:00:00,61.77341365507557,4.519021058550983
2486,114,24,2024-04-13 13:00:00,80.54718912884007,13.201961591262377
2487,776,18,2024-04-13 14:00:00,79.82416097841283,5.4992480218464355
2488,283,4,2024-04-13 15:00:00,62.18668814704558,19.58937381732534
2489,847,43,2024-04-13 16:00:00,95.26094628099489,9.51601930767497
2490,198,47,2024-04-13 17:00:00,97.93551892988656,10.738116541032609
2491,177,18,2024-04-13 18:00:00,69.54730367263353,12.824939725651841
2492,635,47,2024-04-13 19:00:00,90.43283777494719,15.702489791532031
2493,563,45,2024-04-13 20:00:00,64.37442884395355,18.647252265997427
2494,929,2,2024-04-13 21:00:00,95.7147631736288,6.783512930362114
2495,213,31,2024-04-13 22:00:00,65.98325907377452,8.399808225660909
2496,373,18,2024-04-13 23:00:00,66.07538096623858,16.72192259846615
2497,664,17,2024-04-14 00:00:00,92.87280670103817,7.605286382350499
2498,535,50,2024-04-14 01:00:00,97.68679100385293,7.826504857063752
2499,1000,27,2024-04-14 02:00:00,96.4185576950893,14.693307756593976
2500,974,30,2024-04-14 03:00:00,93.33640102173456,11.860246894501952
2501,487,12,2024-04-14 04:00:00,69.7953450405946,16.381648399697035
2502,536,9,2024-04-14 05:00:00,78.31389600156508,11.07699404931476
2503,574,48,2024-04-14 06:00:00,72.14019714068442,16.408959076329868
2504,297,13,2024-04-14 07:00:00,93.85296019931735,19.737279786813996
2505,287,44,2024-04-14 08:00:00,83.21404129394384,14.067522187692566
2506,508,6,2024-04-14 09:00:00,87.45422952977212,9.691616561449429
2507,363,22,2024-04-14 10:00:00,62.38373487759638,12.541643168527122
2508,3,1,2024-04-14 11:00:00,95.71370415018725,17.829289093063345
2509,879,22,2024-04-14 12:00:00,74.66880051199944,8.63550831508954
2510,341,49,2024-04-14 13:00:00,86.0640834081083,15.503469546188224
2511,788,11,2024-04-14 14:00:00,75.42167074011059,18.23921742790283
2512,924,1,2024-04-14 15:00:00,83.4678727102594,5.956463595005
2513,933,9,2024-04-14 16:00:00,66.09469860905251,6.086371634875938
2514,773,41,2024-04-14 17:00:00,79.34810864358136,14.430699063195169
2515,656,20,2024-04-14 18:00:00,63.845648076586045,15.28967514956376
2516,987,49,2024-04-14 19:00:00,84.85415042883646,12.865193387370942
2517,535,50,2024-04-14 20:00:00,75.78498301281266,8.055588054585513
2518,608,13,2024-04-14 21:00:00,75.61554876434289,3.852097093202211
2519,606,10,2024-04-14 22:00:00,82.59476869020125,5.073079386958112
2520,518,44,2024-04-14 23:00:00,93.57262039638849,18.731045744859024
2521,62,49,2024-04-15 00:00:00,63.41122134434841,14.250101905834699
2522,135,8,2024-04-15 01:00:00,67.98279003606892,8.086404795208859
2523,719,50,2024-04-15 02:00:00,63.63190852604473,19.388387907611566
2524,702,41,2024-04-15 03:00:00,77.7305425739614,5.393334873734938
2525,246,24,2024-04-15 04:00:00,88.75333684876831,7.867741950918031
2526,18,33,2024-04-15 05:00:00,92.27746184099603,17.865881912083434
2527,297,39,2024-04-15 06:00:00,76.33406821285308,11.78181564554587
2528,302,24,2024-04-15 07:00:00,78.17700949613692,4.887725757773997
2529,335,40,2024-04-15 08:00:00,63.16019274232406,7.735331705290912
2530,899,20,2024-04-15 09:00:00,91.39843703015268,3.7569312124404712
2531,947,44,2024-04-15 10:00:00,96.39938206204532,14.654333649967421
2532,7,8,2024-04-15 11:00:00,96.9811561379616,13.846232180682646
2533,491,46,2024-04-15 12:00:00,95.04434726272686,17.33518433886985
2534,994,31,2024-04-15 13:00:00,63.77914186543677,8.670407277437054
2535,95,12,2024-04-15 14:00:00,60.360898234648445,11.717244967058969
2536,1,49,2024-04-15 15:00:00,67.51995252587677,15.767678042087796
2537,70,47,2024-04-15 16:00:00,91.56109188272444,15.307290589532755
2538,832,12,2024-04-15 17:00:00,73.9116954660813,18.893561185022026
2539,30,19,2024-04-15 18:00:00,84.0632746757086,18.39348490267997
2540,579,40,2024-04-15 19:00:00,90.76241092106153,2.2243377681234433
2541,846,50,2024-04-15 20:00:00,98.66215268589768,18.216780858206725
2542,307,22,2024-04-15 21:00:00,93.30085612385028,9.054177933884128
2543,773,32,2024-04-15 22:00:00,99.24680665791226,6.49446074339447
2544,629,29,2024-04-15 23:00:00,71.93278268405047,17.64206165504805
2545,299,13,2024-04-16 00:00:00,93.44869672668803,19.68110970728522
2546,120,24,2024-04-16 01:00:00,86.20622174333059,4.434072997879771
2547,279,31,2024-04-16 02:00:00,97.32177072602192,19.11641136338195
2548,952,29,2024-04-16 03:00:00,97.38653713399731,9.192855054540425
2549,155,7,2024-04-16 04:00:00,83.90176494352477,8.968648923694817
2550,900,11,2024-04-16 05:00:00,95.71000792800695,14.461973341216908
2551,837,22,2024-04-16 06:00:00,83.14428474450648,2.343932570930641
2552,204,6,2024-04-16 07:00:00,92.1247108508598,6.5514436926744395
2553,847,37,2024-04-16 08:00:00,96.80610296396486,19.619082551018927
2554,161,9,2024-04-16 09:00:00,98.31406505441473,16.584816184335434
2555,730,48,2024-04-16 10:00:00,89.71190007482521,15.163530589652522
2556,711,49,2024-04-16 11:00:00,75.9003641534198,16.339385673921917
2557,600,15,2024-04-16 12:00:00,77.22050849259666,14.104862517991887
2558,852,47,2024-04-16 13:00:00,78.41675084459649,4.4729558329412615
2559,105,46,2024-04-16 14:00:00,69.49880457651798,11.812014130805746
2560,764,43,2024-04-16 15:00:00,94.76717754935635,9.090482697902194
2561,345,6,2024-04-16 16:00:00,61.8627480203874,7.126435127432326
2562,660,15,2024-04-16 17:00:00,85.62610026676097,8.243942344139935
2563,977,46,2024-04-16 18:00:00,62.69059745711906,3.460957861545543
2564,91,34,2024-04-16 19:00:00,84.65011256316802,19.833320988580137
2565,484,45,2024-04-16 20:00:00,69.33140343278765,14.486010846402973
2566,291,24,2024-04-16 21:00:00,63.39308193377734,16.341223040612583
2567,48,29,2024-04-16 22:00:00,99.94838200518203,10.342098972137116
2568,841,47,2024-04-16 23:00:00,74.71748809596717,11.741007833358623
2569,349,34,2024-04-17 00:00:00,75.53413640311652,7.284743685899828
2570,401,6,2024-04-17 01:00:00,61.943944820984115,18.34502366327356
2571,118,43,2024-04-17 02:00:00,68.72800083499178,10.76835700340049
2572,903,17,2024-04-17 03:00:00,81.2596423616106,6.585424337221422
2573,560,41,2024-04-17 04:00:00,62.39699848549952,10.107602376822205
2574,845,32,2024-04-17 05:00:00,93.59874286303115,17.782765089460526
2575,210,32,2024-04-17 06:00:00,88.93464182058231,10.867071616631591
2576,552,12,2024-04-17 07:00:00,77.76924146628772,14.741822776389697
2577,802,46,2024-04-17 08:00:00,68.79933280423512,2.465426096704069
2578,651,25,2024-04-17 09:00:00,84.64091991537295,19.004235190664
2579,206,32,2024-04-17 10:00:00,98.84936519945626,6.387338757694365
2580,16,16,2024-04-17 11:00:00,81.11097248249816,6.23569426948569
2581,875,16,2024-04-17 12:00:00,66.36366943518911,11.97010549702978
2582,147,16,2024-04-17 13:00:00,99.85001302598779,19.423336506312083
2583,521,30,2024-04-17 14:00:00,77.91525438973906,10.053803326614762
2584,285,38,2024-04-17 15:00:00,87.99174822519149,5.961710541887518
2585,255,35,2024-04-17 16:00:00,69.60609956499084,17.584796322406806
2586,713,21,2024-04-17 17:00:00,67.618167942442,15.055950378216183
2587,251,32,2024-04-17 18:00:00,94.06528075920312,13.196155916465594
2588,386,33,2024-04-17 19:00:00,80.32068355192948,9.456961418814984
2589,936,49,2024-04-17 20:00:00,68.07501169762601,16.086113898799972
2590,824,35,2024-04-17 21:00:00,69.75575119651938,3.8041077621178108
2591,761,46,2024-04-17 22:00:00,76.45242444028878,4.428631304943496
2592,775,23,2024-04-17 23:00:00,78.3674437459861,5.209054312692813
2593,569,42,2024-04-18 00:00:00,87.96095546050334,16.132934108556277
2594,36,11,2024-04-18 01:00:00,96.49014564788388,11.435753573727165
2595,725,38,2024-04-18 02:00:00,73.34957854560358,17.096252134220094
2596,791,2,2024-04-18 03:00:00,92.37947746602676,3.3108835566474233
2597,100,10,2024-04-18 04:00:00,80.72894417389227,8.218752810344634
2598,95,49,2024-04-18 05:00:00,68.0073773543058,12.29263113477654
2599,412,29,2024-04-18 06:00:00,69.51173196453907,8.971020066045055
2600,895,2,2024-04-18 07:00:00,78.67992908875621,11.649021172123444
2601,848,1,2024-04-18 08:00:00,65.88662421211353,11.496080250944091
2602,345,40,2024-04-18 09:00:00,72.6764464803693,18.315801213888708
2603,164,46,2024-04-18 10:00:00,85.90759339705443,3.5951354052992768
2604,265,37,2024-04-18 11:00:00,60.86800970991088,13.620841210088154
2605,451,5,2024-04-18 12:00:00,66.21474164103928,11.559025836510985
2606,60,8,2024-04-18 13:00:00,96.1610828114465,10.968929753537601
2607,183,44,2024-04-18 14:00:00,77.58551414643242,13.14286248513272
2608,266,49,2024-04-18 15:00:00,80.7579891293147,12.609766365874927
2609,932,2,2024-04-18 16:00:00,69.21761968361878,13.126543201031419
2610,969,32,2024-04-18 17:00:00,98.14914463302999,12.497652309442671
2611,894,43,2024-04-18 18:00:00,85.48445284941266,12.619348675749224
2612,129,6,2024-04-18 19:00:00,81.4040844579384,3.6886039237938473
2613,65,49,2024-04-18 20:00:00,66.74713258654262,2.0600336685825535
2614,585,23,2024-04-18 21:00:00,99.93288740570267,5.139588749510087
2615,539,9,2024-04-18 22:00:00,78.94870934573595,15.109231594051803
2616,671,1,2024-04-18 23:00:00,91.4283657652153,15.853941213894998
2617,323,23,2024-04-19 00:00:00,72.87352571151149,18.697111511568647
2618,811,35,2024-04-19 01:00:00,62.29627828171382,17.512067307034044
2619,723,27,2024-04-19 02:00:00,67.32744662466635,16.915344707881456
2620,289,47,2024-04-19 03:00:00,70.93458641670875,15.8237034992583
2621,390,3,2024-04-19 04:00:00,66.25786997558552,15.38414458384366
2622,282,28,2024-04-19 05:00:00,93.17817143697494,18.072930920253086
2623,366,38,2024-04-19 06:00:00,62.75077348452248,13.533768162592642
2624,626,14,2024-04-19 07:00:00,60.891070714870914,17.686264224966028
2625,171,25,2024-04-19 08:00:00,81.875022427166,16.874658398437546
2626,948,49,2024-04-19 09:00:00,84.16050819891389,10.773507011361312
2627,242,23,2024-04-19 10:00:00,96.67071259834646,16.04106576111994
2628,536,34,2024-04-19 11:00:00,74.21178450361695,15.280672927036342
2629,148,7,2024-04-19 12:00:00,68.63412365746376,11.892800746753121
2630,692,23,2024-04-19 13:00:00,71.20311085644603,9.553869716702096
2631,308,33,2024-04-19 14:00:00,87.17335453669119,14.68574636519492
2632,170,28,2024-04-19 15:00:00,64.56137370020261,8.787802119768706
2633,438,20,2024-04-19 16:00:00,97.36539688501344,18.410538133124696
2634,77,37,2024-04-19 17:00:00,71.91404104696613,18.983346500808064
2635,960,2,2024-04-19 18:00:00,91.5992615703349,19.592170675863322
2636,82,31,2024-04-19 19:00:00,71.87762152603517,18.850712743736608
2637,157,35,2024-04-19 20:00:00,71.37820709237867,3.723454097563936
2638,797,24,2024-04-19 21:00:00,99.83790087227021,5.328542264292089
2639,553,49,2024-04-19 22:00:00,85.21045616406714,4.997819279631916
2640,182,4,2024-04-19 23:00:00,62.08465634912681,17.788407323666107
2641,47,5,2024-04-20 00:00:00,80.20932075021011,15.293550248999443
2642,912,17,2024-04-20 01:00:00,84.42225494142598,17.90164306152033
2643,580,24,2024-04-20 02:00:00,62.92721519532681,12.379787857644295
2644,310,10,2024-04-20 03:00:00,87.90878961451662,8.770556522279676
2645,428,14,2024-04-20 04:00:00,63.21444983316189,11.054132498060522
2646,448,17,2024-04-20 05:00:00,74.04515832697251,6.753670895570133
2647,751,19,2024-04-20 06:00:00,78.4835693521043,4.464949787625032
2648,822,25,2024-04-20 07:00:00,99.38848021265079,4.340446459022546
2649,734,43,2024-04-20 08:00:00,81.8056107070201,18.626512552413843
2650,523,13,2024-04-20 09:00:00,77.57192032159388,16.749946026950976
2651,513,9,2024-04-20 10:00:00,92.48795931077362,8.858787699758624
2652,885,5,2024-04-20 11:00:00,74.32317668291574,8.364505146747407
2653,765,42,2024-04-20 12:00:00,74.17154217192046,13.144592664596667
2654,687,17,2024-04-20 13:00:00,61.638140185820255,2.1451624596521017
2655,604,3,2024-04-20 14:00:00,68.30569631299034,10.295700457777434
2656,72,12,2024-04-20 15:00:00,89.52585045808371,12.099514060534144
2657,202,42,2024-04-20 16:00:00,74.4038035081883,4.759873165069531
2658,518,46,2024-04-20 17:00:00,68.77015336960177,15.495236147029505
2659,487,44,2024-04-20 18:00:00,83.45577180562354,10.252828684726106
2660,860,20,2024-04-20 19:00:00,64.20795271030147,18.565336582820134
2661,949,38,2024-04-20 20:00:00,90.07390394830749,6.623861920174577
2662,742,22,2024-04-20 21:00:00,88.90864287397974,15.848474773283996
2663,783,42,2024-04-20 22:00:00,78.62109758710297,2.7129385467271283
2664,748,15,2024-04-20 23:00:00,69.5162924348319,7.165526074195014
2665,767,40,2024-04-21 00:00:00,66.16053890727528,5.6226138221864765
2666,986,7,2024-04-21 01:00:00,98.67877846072889,4.465524793306601
2667,39,5,2024-04-21 02:00:00,67.35494398939395,12.476648315713753
2668,52,1,2024-04-21 03:00:00,79.72418267616803,2.101444196609653
2669,47,16,2024-04-21 04:00:00,76.85946274603282,18.654656551911003
2670,965,10,2024-04-21 05:00:00,65.71250321910975,19.790905533766264
2671,579,40,2024-04-21 06:00:00,90.92141014632261,9.770498768277498
2672,552,1,2024-04-21 07:00:00,68.21418680033446,16.782857068138398
2673,717,35,2024-04-21 08:00:00,93.5728748430748,2.8104878027089786
2674,828,14,2024-04-21 09:00:00,76.523830311366,14.851298194009408
2675,315,34,2024-04-21 10:00:00,88.80414953123228,6.378550074689832
2676,573,47,2024-04-21 11:00:00,97.05182987188539,12.099397219570164
2677,722,44,2024-04-21 12:00:00,89.9879283854109,2.0101303282923477
2678,434,16,2024-04-21 13:00:00,99.87704348936796,12.642493391703812
2679,797,46,2024-04-21 14:00:00,76.88580258509288,10.498498124802772
2680,24,11,2024-04-21 15:00:00,91.50093830529319,18.266763065055883
2681,466,22,2024-04-21 16:00:00,88.77787454479952,11.489899653650891
2682,691,26,2024-04-21 17:00:00,65.82619977485668,2.6186264685201834
2683,593,8,2024-04-21 18:00:00,63.140399072369995,7.391498992782331
2684,872,46,2024-04-21 19:00:00,60.1511777806859,10.601268160932376
2685,416,8,2024-04-21 20:00:00,71.11819522047864,8.397278598329288
2686,309,7,2024-04-21 21:00:00,65.24488821155995,2.2453088821023357
2687,356,39,2024-04-21 22:00:00,92.11026926238806,18.29125443725026
2688,838,40,2024-04-21 23:00:00,93.20685842994646,19.797857189756943
2689,893,2,2024-04-22 00:00:00,79.80022581425715,18.68146622169095
2690,534,29,2024-04-22 01:00:00,92.40150578027175,7.571574313844201
2691,912,25,2024-04-22 02:00:00,82.58745304463623,5.5245860725810205
2692,357,19,2024-04-22 03:00:00,99.59998525760163,2.8143893993468643
2693,458,37,2024-04-22 04:00:00,68.74023311862227,16.298509394673225
2694,682,48,2024-04-22 05:00:00,84.25282815925033,17.12394169636715
2695,796,16,2024-04-22 06:00:00,83.34689471160195,18.811047124464466
2696,235,4,2024-04-22 07:00:00,61.14339745402279,16.325613928741813
2697,712,26,2024-04-22 08:00:00,94.6341436222949,10.435398307529399
2698,987,1,2024-04-22 09:00:00,90.41611815440689,15.60053388623608
2699,357,28,2024-04-22 10:00:00,99.8312759127644,11.750050858845492
2700,362,25,2024-04-22 11:00:00,95.52511973517296,6.878434483614271
2701,299,33,2024-04-22 12:00:00,79.08633788801666,17.229413964777482
2702,601,6,2024-04-22 13:00:00,87.20307959660862,19.66953079975955
2703,219,22,2024-04-22 14:00:00,78.64104736228487,12.160414808134579
2704,274,24,2024-04-22 15:00:00,79.19016824350913,6.705863239440048
2705,579,5,2024-04-22 16:00:00,73.41381269352864,7.038179801293947
2706,866,21,2024-04-22 17:00:00,81.6061797975681,3.560438378514681
2707,653,48,2024-04-22 18:00:00,99.36231405450253,3.3765012388010307
2708,671,47,2024-04-22 19:00:00,83.60144686662295,6.7729111178602155
2709,462,47,2024-04-22 20:00:00,78.57683855953246,15.459847252243737
2710,99,26,2024-04-22 21:00:00,61.16755225117545,11.123313015587748
2711,371,43,2024-04-22 22:00:00,84.22900416946467,13.411812335462237
2712,114,45,2024-04-22 23:00:00,81.85159440879247,13.57550407361786
2713,669,29,2024-04-23 00:00:00,78.09907972135997,13.27585643034001
2714,399,42,2024-04-23 01:00:00,65.8605205833257,15.14266477003253
2715,286,18,2024-04-23 02:00:00,79.17920305313129,9.080468865912913
2716,781,30,2024-04-23 03:00:00,64.64780976212009,6.2416796646845665
2717,172,49,2024-04-23 04:00:00,99.33306003431501,17.280470108085126
2718,12,35,2024-04-23 05:00:00,98.71021412318399,11.49073325835139
2719,214,20,2024-04-23 06:00:00,76.98097038495183,18.722006545000177
2720,262,33,2024-04-23 07:00:00,99.01545467541321,10.80092978762599
2721,7,6,2024-04-23 08:00:00,74.82656690128027,17.936227713858376
2722,286,2,2024-04-23 09:00:00,90.33266157588515,12.43518712210451
2723,160,21,2024-04-23 10:00:00,66.8303458407259,11.289451873258233
2724,998,23,2024-04-23 11:00:00,79.05564271259932,14.805884140325505
2725,385,19,2024-04-23 12:00:00,89.01121581565349,14.282471646751654
2726,484,35,2024-04-23 13:00:00,65.92496321700823,10.163262591637912
2727,91,15,2024-04-23 14:00:00,76.88166922191947,8.971077556195212
2728,487,48,2024-04-23 15:00:00,97.76621416282131,8.795201043540594
2729,49,32,2024-04-23 16:00:00,83.2766391633115,16.603031809067264
2730,940,25,2024-04-23 17:00:00,90.011086294622,5.301870498500465
2731,268,35,2024-04-23 18:00:00,92.77276303461798,14.722070057104222
2732,313,16,2024-04-23 19:00:00,98.37758379614158,4.612671677970552
2733,254,48,2024-04-23 20:00:00,96.7179985984184,17.333414559424366
2734,679,11,2024-04-23 21:00:00,92.11906516819536,9.07537000012048
2735,966,12,2024-04-23 22:00:00,96.56573275258958,5.301081842114335
2736,831,47,2024-04-23 23:00:00,84.1767420052173,17.159260320045764
2737,423,19,2024-04-24 00:00:00,69.75697507815204,6.164683835622601
2738,24,48,2024-04-24 01:00:00,95.950490813045,5.2687531166014825
2739,632,12,2024-04-24 02:00:00,96.82402478449669,18.105833055982952
2740,772,37,2024-04-24 03:00:00,80.90191181869103,3.863749994030157
2741,452,26,2024-04-24 04:00:00,70.6002392259033,2.3302716126969214
2742,680,49,2024-04-24 05:00:00,89.91271052718864,10.832881169039673
2743,644,40,2024-04-24 06:00:00,75.39001595302099,10.400374157473705
2744,465,16,2024-04-24 07:00:00,62.16851937590893,2.144118822478117
2745,982,6,2024-04-24 08:00:00,64.91282121724292,8.460298474818751
2746,603,36,2024-04-24 09:00:00,88.02214370682712,4.617414653410876
2747,457,37,2024-04-24 10:00:00,96.60096972334384,13.711901163397894
2748,153,3,2024-04-24 11:00:00,66.31198391780761,16.380574444980667
2749,932,17,2024-04-24 12:00:00,80.33753023742703,12.234351654839916
2750,763,50,2024-04-24 13:00:00,87.05183444263852,12.049590511443311
2751,298,10,2024-04-24 14:00:00,94.60387682767532,18.66213493103843
2752,574,38,2024-04-24 15:00:00,62.51171934955375,16.873155654649853
2753,358,12,2024-04-24 16:00:00,95.00627334558789,19.4544370287581
2754,38,47,2024-04-24 17:00:00,62.196370432417744,15.244408805549174
2755,989,4,2024-04-24 18:00:00,77.9162615933268,8.137755674550117
2756,186,18,2024-04-24 19:00:00,61.06628421740163,16.86433874732483
2757,900,18,2024-04-24 20:00:00,92.4474009717682,15.577960909188711
2758,210,34,2024-04-24 21:00:00,96.80335076520109,16.05239890777786
2759,143,32,2024-04-24 22:00:00,86.76012369835057,14.950623364864011
2760,219,22,2024-04-24 23:00:00,98.39684760536548,16.51016473797338
2761,227,47,2024-04-25 00:00:00,93.19722010435895,6.200562527384866
2762,116,25,2024-04-25 01:00:00,67.3557316595868,3.6558242870022015
2763,459,46,2024-04-25 02:00:00,95.32623681281845,13.779606537392503
2764,36,33,2024-04-25 03:00:00,62.40574385412949,12.261604825538942
2765,200,14,2024-04-25 04:00:00,78.53499060292634,10.59748386110026
2766,988,49,2024-04-25 05:00:00,74.32035325426266,13.342208513984758
2767,57,34,2024-04-25 06:00:00,74.60689046636978,14.934211052634087
2768,230,48,2024-04-25 07:00:00,63.848371296813916,10.040609732806978
2769,449,4,2024-04-25 08:00:00,97.95044335886148,14.913721111185154
2770,604,24,2024-04-25 09:00:00,92.18395205260994,8.354926858713856
2771,773,41,2024-04-25 10:00:00,66.07961758906475,2.4427937762019125
2772,909,26,2024-04-25 11:00:00,70.56205626035631,9.835529690602081
2773,108,49,2024-04-25 12:00:00,87.84234704923787,19.09152514557877
2774,837,24,2024-04-25 13:00:00,74.89586623052877,2.8276638076949636
2775,402,21,2024-04-25 14:00:00,68.4133182265497,12.991873334083639
2776,673,36,2024-04-25 15:00:00,91.34235960832798,11.338012403543203
2777,194,32,2024-04-25 16:00:00,74.06402047212876,10.825917192762406
2778,535,25,2024-04-25 17:00:00,80.42191629998382,12.63710967358694
2779,515,43,2024-04-25 18:00:00,92.98916393237066,10.815567234942826
2780,81,18,2024-04-25 19:00:00,79.30405446950945,11.584917088522754
2781,158,16,2024-04-25 20:00:00,64.01601286175037,9.559329499026415
2782,447,16,2024-04-25 21:00:00,66.53983484626632,4.08641754511323
2783,735,34,2024-04-25 22:00:00,99.80212730074334,5.789013054739174
2784,969,12,2024-04-25 23:00:00,83.50992340653082,11.26271703094369
2785,330,46,2024-04-26 00:00:00,90.86183704417658,8.787884094450582
2786,841,45,2024-04-26 01:00:00,81.38738602813675,10.455167922536129
2787,158,31,2024-04-26 02:00:00,94.14093528265434,11.489198295711718
2788,980,38,2024-04-26 03:00:00,80.10718621235333,13.196779066570116
2789,246,19,2024-04-26 04:00:00,73.16903768229132,3.4648219635619313
2790,754,38,2024-04-26 05:00:00,74.0931258435502,11.814111396663824
2791,878,45,2024-04-26 06:00:00,96.66700688052283,5.9945555000410184
2792,757,10,2024-04-26 07:00:00,77.87013190467536,7.66570152215889
2793,127,40,2024-04-26 08:00:00,72.58424470068518,16.78980247971849
2794,50,49,2024-04-26 09:00:00,96.8835564478436,5.3016951483911265
2795,454,36,2024-04-26 10:00:00,77.39925834067193,4.04799832803396
2796,934,22,2024-04-26 11:00:00,89.40206254292399,8.976968084582676
2797,416,26,2024-04-26 12:00:00,71.8909804776989,14.69608726969182
2798,85,41,2024-04-26 13:00:00,73.82043703891168,7.444588751284298
2799,666,9,2024-04-26 14:00:00,71.31051883104513,15.348785315863921
2800,20,25,2024-04-26 15:00:00,60.822152462340796,2.519481388956212
2801,547,25,2024-04-26 16:00:00,65.02772245277143,13.037538177730163
2802,624,9,2024-04-26 17:00:00,66.6969895944046,10.513795006120137
2803,716,19,2024-04-26 18:00:00,63.94312313853157,15.319367362168029
2804,740,35,2024-04-26 19:00:00,63.06053232637245,6.629706412060971
2805,238,26,2024-04-26 20:00:00,83.91154864760702,11.006904495058603
2806,607,10,2024-04-26 21:00:00,97.97226802609552,2.0767222847609332
2807,387,16,2024-04-26 22:00:00,61.74460541785707,14.208476391038102
2808,456,10,2024-04-26 23:00:00,95.04067530481234,9.260492877472664
2809,621,6,2024-04-27 00:00:00,92.66111321623141,8.258514322433388
2810,980,9,2024-04-27 01:00:00,88.92183128031895,18.989408260350856
2811,83,43,2024-04-27 02:00:00,69.90907347452054,19.021233843597805
2812,582,1,2024-04-27 03:00:00,97.1194778207281,16.381622672076993
2813,963,3,2024-04-27 04:00:00,71.44446149845115,16.64544132921904
2814,754,50,2024-04-27 05:00:00,75.58995563457394,12.717586968202761
2815,351,36,2024-04-27 06:00:00,75.03870187042659,15.06046195058517
2816,350,32,2024-04-27 07:00:00,90.76738785381536,18.55558975234154
2817,873,38,2024-04-27 08:00:00,87.85096551112446,11.789355958278053
2818,178,24,2024-04-27 09:00:00,70.88886949440376,3.675630140634886
2819,376,15,2024-04-27 10:00:00,98.68068690707744,9.431277126010572
2820,457,45,2024-04-27 11:00:00,99.34181038310686,7.850957389323376
2821,798,46,2024-04-27 12:00:00,74.93993957985546,6.849006771234847
2822,964,43,2024-04-27 13:00:00,85.33043542476037,10.147547960795636
2823,722,35,2024-04-27 14:00:00,61.633547540986235,4.4415766657128595
2824,188,37,2024-04-27 15:00:00,92.52899044886405,6.170175515735208
2825,339,42,2024-04-27 16:00:00,67.78407506504374,3.2061663132132265
2826,782,32,2024-04-27 17:00:00,73.28490868513961,5.666272202526798
2827,998,18,2024-04-27 18:00:00,70.66241783436435,7.760047104433928
2828,834,7,2024-04-27 19:00:00,69.73188949180827,11.531543563573557
2829,896,15,2024-04-27 20:00:00,99.65113255942002,19.79077312161045
2830,237,5,2024-04-27 21:00:00,71.75294602263017,13.301577113464877
2831,75,29,2024-04-27 22:00:00,96.88571784659676,15.193923241605855
2832,93,28,2024-04-27 23:00:00,93.94890554689587,8.421875885799713
2833,357,14,2024-04-28 00:00:00,82.4404531425094,10.48440195244949
2834,893,18,2024-04-28 01:00:00,89.15872579770058,18.54881035250696
2835,238,42,2024-04-28 02:00:00,77.71885550641778,6.16310198964473
2836,48,27,2024-04-28 03:00:00,66.80488230761547,15.698631096186245
2837,362,3,2024-04-28 04:00:00,88.06684816914617,13.07782017243279
2838,640,22,2024-04-28 05:00:00,79.3439177879279,6.632470461869115
2839,348,18,2024-04-28 06:00:00,72.47001809628114,2.151022430796748
2840,277,41,2024-04-28 07:00:00,78.87066575122554,12.89027411692985
2841,729,7,2024-04-28 08:00:00,79.85307988487318,8.338978256778155
2842,205,11,2024-04-28 09:00:00,65.9713212691097,17.383143252298087
2843,596,44,2024-04-28 10:00:00,84.98884786175879,15.431324936658902
2844,295,48,2024-04-28 11:00:00,64.52321511176544,4.914385659290944
2845,575,16,2024-04-28 12:00:00,96.13278051036622,17.893303000499067
2846,98,37,2024-04-28 13:00:00,94.56246620339212,5.889149256653632
2847,679,25,2024-04-28 14:00:00,67.68501313378525,17.13614320616901
2848,941,4,2024-04-28 15:00:00,82.9569693724856,11.560664052916996
2849,8,41,2024-04-28 16:00:00,60.851033227457954,3.214288965253693
2850,211,34,2024-04-28 17:00:00,72.18020391554278,10.59872617001416
2851,828,12,2024-04-28 18:00:00,82.29532510967353,11.793530450555613
2852,581,20,2024-04-28 19:00:00,69.15056372027176,2.629877371734956
2853,103,21,2024-04-28 20:00:00,89.6497174740197,8.293061882192923
2854,631,26,2024-04-28 21:00:00,75.33217855983334,11.517096939051712
2855,536,49,2024-04-28 22:00:00,75.46082508555376,3.9810342495166253
2856,735,50,2024-04-28 23:00:00,63.46702989842234,5.920241059570618
2857,278,36,2024-04-29 00:00:00,68.8788624874425,12.583298359454034
2858,103,42,2024-04-29 01:00:00,91.90535747108774,2.4269414174845787
2859,318,9,2024-04-29 02:00:00,82.22557733855804,7.585267592890426
2860,612,15,2024-04-29 03:00:00,89.97653449285964,5.730095140452949
2861,308,26,2024-04-29 04:00:00,92.49437161261392,2.074346745611125
2862,276,22,2024-04-29 05:00:00,73.20845463836801,3.4480323660423338
2863,492,45,2024-04-29 06:00:00,66.16609918784664,7.463000322252924
2864,38,10,2024-04-29 07:00:00,70.1218033431784,9.353731206598905
2865,911,24,2024-04-29 08:00:00,89.1456142280368,18.023524717589037
2866,769,7,2024-04-29 09:00:00,97.45180618867019,2.852126495688344
2867,953,32,2024-04-29 10:00:00,64.03022811802333,15.172504176883816
2868,897,23,2024-04-29 11:00:00,83.98472165267948,6.030816294290922
2869,772,38,2024-04-29 12:00:00,86.27212998194935,17.858137843607572
2870,119,50,2024-04-29 13:00:00,63.725534110847576,15.533744810810678
2871,178,19,2024-04-29 14:00:00,66.1942573282705,7.902286423716904
2872,755,12,2024-04-29 15:00:00,84.02291144377818,16.873874645767053
2873,30,16,2024-04-29 16:00:00,90.34389571322382,19.663512795787057
2874,529,25,2024-04-29 17:00:00,94.678860248234,8.246443637830247
2875,135,6,2024-04-29 18:00:00,66.3546802993394,2.947764021266008
2876,748,7,2024-04-29 19:00:00,72.20314363759485,3.4864211620501138
2877,505,47,2024-04-29 20:00:00,71.51625389844894,19.704641909424115
2878,539,1,2024-04-29 21:00:00,63.15722573184367,12.23543941915867
2879,937,49,2024-04-29 22:00:00,66.60586445004745,12.957631377180965
2880,407,30,2024-04-29 23:00:00,74.16440615126768,11.114302641591975
2881,688,42,2024-04-30 00:00:00,76.65609420228269,19.60806040345699
2882,414,31,2024-04-30 01:00:00,86.18942789961554,14.810200356129455
2883,702,6,2024-04-30 02:00:00,68.09722665507644,9.503588365109096
2884,892,30,2024-04-30 03:00:00,89.06207017387601,8.217625158230014
2885,193,22,2024-04-30 04:00:00,62.408043499623325,19.203188186545677
2886,410,20,2024-04-30 05:00:00,94.5273392322297,8.889188106332679
2887,364,1,2024-04-30 06:00:00,68.37820004242623,5.311584330606705
2888,431,45,2024-04-30 07:00:00,70.24585570666417,14.854503570999562
2889,82,40,2024-04-30 08:00:00,94.27626735369262,18.033801070557427
2890,861,8,2024-04-30 09:00:00,92.67549608429374,18.22149691498748
2891,189,13,2024-04-30 10:00:00,96.39305153332495,11.101133094360005
2892,501,21,2024-04-30 11:00:00,99.04763661987303,2.2493609871302285
2893,83,15,2024-04-30 12:00:00,95.67466958865033,4.6020778384959184
2894,841,10,2024-04-30 13:00:00,97.5038326046756,16.550234751127853
2895,905,19,2024-04-30 14:00:00,66.60066878108866,8.502178187432763
2896,916,38,2024-04-30 15:00:00,98.93928172611587,17.14744092721665
2897,74,17,2024-04-30 16:00:00,97.09807441090538,14.043705771948224
2898,170,43,2024-04-30 17:00:00,62.1440397227321,13.091397500059088
2899,156,49,2024-04-30 18:00:00,71.72011532561429,3.742569306539722
2900,184,12,2024-04-30 19:00:00,68.96566749840099,10.43104917679597
2901,765,39,2024-04-30 20:00:00,89.21982518562437,7.394121976106392
2902,599,3,2024-04-30 21:00:00,94.16489216255778,12.553903927778746
2903,18,42,2024-04-30 22:00:00,70.49194024726955,10.737121225388595
2904,969,48,2024-04-30 23:00:00,87.36472983647907,12.032569847736468
2905,83,36,2024-05-01 00:00:00,96.32427869141894,8.540491189715715
2906,666,39,2024-05-01 01:00:00,66.94627463099519,11.49990348610558
2907,929,47,2024-05-01 02:00:00,68.1555761702724,9.075297993262254
2908,61,29,2024-05-01 03:00:00,89.64665986427434,15.372974838940662
2909,576,11,2024-05-01 04:00:00,91.45077347728305,3.498241082442303
2910,363,22,2024-05-01 05:00:00,66.50643425179207,19.191196653946474
2911,565,30,2024-05-01 06:00:00,81.1329868924868,8.325292758505801
2912,745,32,2024-05-01 07:00:00,89.65591069052331,16.848418326644016
2913,581,26,2024-05-01 08:00:00,87.2322137622961,14.117814796091341
2914,70,32,2024-05-01 09:00:00,71.7699935461885,6.595143125543387
2915,964,28,2024-05-01 10:00:00,70.99263793988648,7.494187097207126
2916,793,15,2024-05-01 11:00:00,73.62201866435731,9.102596720116946
2917,77,41,2024-05-01 12:00:00,87.12585642773439,13.97569396689089
2918,796,26,2024-05-01 13:00:00,71.84004083661382,12.674951900588933
2919,199,14,2024-05-01 14:00:00,96.0248495948504,15.432900197305297
2920,952,33,2024-05-01 15:00:00,68.67959637523296,18.562436737522393
2921,964,32,2024-05-01 16:00:00,70.89986803024624,13.345464186376429
2922,389,34,2024-05-01 17:00:00,90.84090119117698,7.653177480449698
2923,301,47,2024-05-01 18:00:00,63.28141325853648,3.170772116083427
2924,780,38,2024-05-01 19:00:00,91.73713150841903,8.457702991374063
2925,17,33,2024-05-01 20:00:00,98.97501058246189,8.052605475570658
2926,360,12,2024-05-01 21:00:00,93.9265938139057,8.6117713194694
2927,561,8,2024-05-01 22:00:00,98.05575275101789,3.7459765215910963
2928,422,10,2024-05-01 23:00:00,79.22260408765624,13.323486882695493
2929,309,28,2024-05-02 00:00:00,92.34108288467831,6.316543133883046
2930,411,27,2024-05-02 01:00:00,75.26035915106756,17.377621156273612
2931,434,22,2024-05-02 02:00:00,66.89616243285953,9.828374546237878
2932,600,17,2024-05-02 03:00:00,92.77533295595703,19.17584736426531
2933,741,34,2024-05-02 04:00:00,77.49744224950119,16.699359256301065
2934,332,38,2024-05-02 05:00:00,71.83745017997359,4.769981309131664
2935,979,22,2024-05-02 06:00:00,69.40324818675981,9.85380062912456
2936,400,39,2024-05-02 07:00:00,76.67660036751101,10.562435392274175
2937,691,22,2024-05-02 08:00:00,94.74163526069616,16.108878077586084
2938,38,15,2024-05-02 09:00:00,64.21729951699324,8.048818649040388
2939,727,43,2024-05-02 10:00:00,98.26029123380255,4.731807956213011
2940,738,26,2024-05-02 11:00:00,94.29949328165392,4.405113040657934
2941,887,44,2024-05-02 12:00:00,89.7056780719546,6.700473090379354
2942,482,40,2024-05-02 13:00:00,74.41655027462865,6.981482110114334
2943,651,20,2024-05-02 14:00:00,81.25718367258632,19.452004095294
2944,14,44,2024-05-02 15:00:00,89.13351540410439,4.95106895054121
2945,153,20,2024-05-02 16:00:00,95.50350141671166,4.2937717472844
2946,118,31,2024-05-02 17:00:00,86.48388606446343,18.038178266058257
2947,516,48,2024-05-02 18:00:00,95.32041240366051,5.96070838553781
2948,805,19,2024-05-02 19:00:00,73.88193421576072,5.5930320944628145
2949,251,28,2024-05-02 20:00:00,90.96329389166567,15.818697206686394
2950,42,34,2024-05-02 21:00:00,71.72420410153478,16.97178519503889
2951,634,3,2024-05-02 22:00:00,61.729533977175784,15.743659490021102
2952,274,20,2024-05-02 23:00:00,77.79481920299997,11.715541520241647
2953,11,14,2024-05-03 00:00:00,99.4689442449471,15.260255172572384
2954,928,48,2024-05-03 01:00:00,86.16773258869202,10.906233007172695
2955,55,18,2024-05-03 02:00:00,94.91122076359403,13.420700149479345
2956,714,11,2024-05-03 03:00:00,68.07914776809422,3.9109145316406817
2957,401,46,2024-05-03 04:00:00,95.47627712742704,6.3220872809788675
2958,782,32,2024-05-03 05:00:00,92.60239281468282,13.947230391198277
2959,465,15,2024-05-03 06:00:00,87.83159637697887,15.371521139348676
2960,326,16,2024-05-03 07:00:00,62.31464156252939,5.3188198136377505
2961,196,25,2024-05-03 08:00:00,61.3177529385566,10.930739077792458
2962,636,31,2024-05-03 09:00:00,78.84880343806188,5.811790497454259
2963,823,3,2024-05-03 10:00:00,60.02063298240043,16.464703006371536
2964,368,43,2024-05-03 11:00:00,86.90401771488058,9.571633656702836
2965,833,7,2024-05-03 12:00:00,66.08162175408764,15.0779788180215
2966,939,47,2024-05-03 13:00:00,82.35118336766017,16.268068160367264
2967,756,10,2024-05-03 14:00:00,94.83252775688302,19.789885292060916
2968,174,29,2024-05-03 15:00:00,99.29126427178593,12.49974181134468
2969,484,1,2024-05-03 16:00:00,90.174862640929,19.834813039130342
2970,235,31,2024-05-03 17:00:00,88.01917630157354,2.3069986239460523
2971,508,27,2024-05-03 18:00:00,81.8509057914665,9.28834811478196
2972,285,31,2024-05-03 19:00:00,98.29829171821791,10.266464469662095
2973,949,18,2024-05-03 20:00:00,92.41645695354738,12.893772203212784
2974,945,15,2024-05-03 21:00:00,97.49830527224842,3.738363565209771
2975,445,47,2024-05-03 22:00:00,95.99314664518887,11.710033166393215
2976,101,32,2024-05-03 23:00:00,60.00002657167039,10.748232528019921
2977,479,17,2024-05-04 00:00:00,95.46028132327538,9.76982822341553
2978,704,18,2024-05-04 01:00:00,74.51072481330876,8.006201499509176
2979,955,48,2024-05-04 02:00:00,68.02230980291793,7.0843191853526415
2980,556,50,2024-05-04 03:00:00,65.7566916155691,11.728508752702934
2981,521,13,2024-05-04 04:00:00,63.910560520297544,9.945156608655232
2982,682,29,2024-05-04 05:00:00,95.99433820946359,4.3544650491643555
2983,750,34,2024-05-04 06:00:00,64.67506904267896,3.778301282377062
2984,666,1,2024-05-04 07:00:00,96.80538236491074,10.965212013971481
2985,464,44,2024-05-04 08:00:00,82.37490971496524,11.82401838768382
2986,616,15,2024-05-04 09:00:00,63.19769113245195,14.356246886071474
2987,927,46,2024-05-04 10:00:00,69.04717035385613,16.13629131749751
2988,859,46,2024-05-04 11:00:00,94.81624566486451,4.9545120283372235
2989,640,6,2024-05-04 12:00:00,97.58115993148536,6.047670570397398
2990,489,34,2024-05-04 13:00:00,94.51637858139162,12.608164228357444
2991,821,6,2024-05-04 14:00:00,64.56707130790177,9.841539592404477
2992,53,14,2024-05-04 15:00:00,74.52042552811973,13.957910067323319
2993,406,2,2024-05-04 16:00:00,72.41292016977273,17.987167265402512
2994,831,6,2024-05-04 17:00:00,76.72435274250097,10.004732617482214
2995,586,25,2024-05-04 18:00:00,91.32449331223113,9.754153608494747
2996,983,14,2024-05-04 19:00:00,68.79364127001054,15.930153413852935
2997,453,44,2024-05-04 20:00:00,96.70192609667853,10.193930788423962
2998,49,43,2024-05-04 21:00:00,77.76465931351618,3.8952421233954175
2999,613,49,2024-05-04 22:00:00,85.97579922473986,18.383042747323113
3000,906,21,2024-05-04 23:00:00,99.89394699072761,7.7237042166899865
3001,461,18,2024-05-05 00:00:00,75.27030471220259,12.454633965455415
3002,953,39,2024-05-05 01:00:00,69.83687207755645,11.549177725704016
3003,182,34,2024-05-05 02:00:00,85.43119108181989,13.69526553738322
3004,609,13,2024-05-05 03:00:00,62.35180514407749,11.247237563913586
3005,229,14,2024-05-05 04:00:00,90.13479400707621,19.914319005664886
3006,454,22,2024-05-05 05:00:00,75.55850675826004,19.26999911078643
3007,556,5,2024-05-05 06:00:00,60.616840351340926,3.6578703904945864
3008,739,27,2024-05-05 07:00:00,73.4483899273861,18.57433952607919
3009,249,24,2024-05-05 08:00:00,82.80024043384417,8.87441350599175
3010,817,33,2024-05-05 09:00:00,85.94612643783212,19.975184118685565
3011,866,13,2024-05-05 10:00:00,87.65629133408022,18.3877670416589
3012,148,37,2024-05-05 11:00:00,72.87979523212618,8.912483584228372
3013,514,47,2024-05-05 12:00:00,63.7802866105625,8.097667699949618
3014,152,37,2024-05-05 13:00:00,78.84128422698024,9.930755878965066
3015,594,21,2024-05-05 14:00:00,91.69240708182393,2.815411390307983
3016,266,38,2024-05-05 15:00:00,66.41098462509547,16.130564403269712
3017,672,47,2024-05-05 16:00:00,98.8106812384676,10.102634561728769
3018,844,45,2024-05-05 17:00:00,76.23881249733313,4.964659605326654
3019,895,16,2024-05-05 18:00:00,88.47455340981844,16.326871370263426
3020,322,1,2024-05-05 19:00:00,95.02014067726802,2.195146889684125
3021,773,36,2024-05-05 20:00:00,62.96642740686762,10.289599682700596
3022,761,28,2024-05-05 21:00:00,93.55906907954876,11.845099751382955
3023,608,9,2024-05-05 22:00:00,68.44107464852236,9.83531962773035
3024,859,16,2024-05-05 23:00:00,93.70443851829523,4.356337704770567
3025,462,36,2024-05-06 00:00:00,65.96317288567795,6.208475637065101
3026,587,32,2024-05-06 01:00:00,80.93754162201597,6.672025837224102
3027,92,14,2024-05-06 02:00:00,62.28942361343714,17.809326033230263
3028,188,22,2024-05-06 03:00:00,73.23165122098834,11.352334589358849
3029,352,16,2024-05-06 04:00:00,82.8457535350497,15.550436551177247
3030,979,9,2024-05-06 05:00:00,75.61129356929482,10.403843064443505
3031,397,33,2024-05-06 06:00:00,67.18844471388485,10.62203723285913
3032,977,13,2024-05-06 07:00:00,92.60469111906049,18.156232483470607
3033,605,33,2024-05-06 08:00:00,94.73108857973348,13.980772116901374
3034,315,25,2024-05-06 09:00:00,88.98475712918716,2.7003086065906077
3035,174,6,2024-05-06 10:00:00,95.10525933353372,4.265312060648672
3036,723,2,2024-05-06 11:00:00,66.16043219871705,8.731353809735818
3037,793,37,2024-05-06 12:00:00,89.45463372728412,14.497080772773625
3038,696,7,2024-05-06 13:00:00,94.48226775951204,9.572968748970567
3039,593,40,2024-05-06 14:00:00,80.80070805002595,13.845468020141885
3040,878,22,2024-05-06 15:00:00,84.9781513516744,12.885586662915838
3041,756,5,2024-05-06 16:00:00,69.03466072717953,3.1557909778191497
3042,462,29,2024-05-06 17:00:00,87.43176411819464,17.605511916963966
3043,916,1,2024-05-06 18:00:00,78.43274414512777,3.0554411572569684
3044,293,43,2024-05-06 19:00:00,61.568845248433604,2.1672973965034448
3045,251,5,2024-05-06 20:00:00,69.67751845829154,9.300423762410956
3046,31,19,2024-05-06 21:00:00,89.40783875312206,4.996119787785146
3047,6,50,2024-05-06 22:00:00,93.38577679446698,4.086510191632296
3048,509,3,2024-05-06 23:00:00,65.55673261572157,17.94540572704564
3049,972,8,2024-05-07 00:00:00,76.72969433961009,5.226649354883955
3050,90,37,2024-05-07 01:00:00,98.26439896014081,13.085709010461457
3051,121,7,2024-05-07 02:00:00,97.62072219586818,8.397464276246229
3052,347,37,2024-05-07 03:00:00,71.6375342537448,7.642726074112487
3053,15,23,2024-05-07 04:00:00,63.136953049086785,18.953777311689358
3054,971,37,2024-05-07 05:00:00,78.42779058110085,2.2136959545794985
3055,858,24,2024-05-07 06:00:00,86.92962128869218,10.782825346839584
3056,327,45,2024-05-07 07:00:00,84.75930580775986,6.174916470554605
3057,678,32,2024-05-07 08:00:00,70.06950389457899,4.274129850786143
3058,984,1,2024-05-07 09:00:00,70.08373316036787,18.019726914481353
3059,91,46,2024-05-07 10:00:00,77.7536184531059,9.292252029673456
3060,471,33,2024-05-07 11:00:00,77.53485492134786,7.6077795337324385
3061,131,30,2024-05-07 12:00:00,97.5496049472977,12.244139590203417
3062,303,16,2024-05-07 13:00:00,99.05673682141301,2.756891220595313
3063,640,5,2024-05-07 14:00:00,74.44184486230921,16.475292378508804
3064,530,49,2024-05-07 15:00:00,91.4342806442619,8.122464785934511
3065,140,25,2024-05-07 16:00:00,62.17023340851482,8.019893655341654
3066,945,49,2024-05-07 17:00:00,64.12415659589946,15.351703919601935
3067,644,44,2024-05-07 18:00:00,70.11457518634796,16.438495453911145
3068,530,26,2024-05-07 19:00:00,75.95125680722495,16.57743748602764
3069,789,38,2024-05-07 20:00:00,71.58771259069113,14.205641506359399
3070,855,48,2024-05-07 21:00:00,60.73728083590704,13.602503146730529
3071,719,45,2024-05-07 22:00:00,81.05362063649594,14.827170217970725
3072,599,48,2024-05-07 23:00:00,95.00587198290938,18.156697440377098
3073,217,12,2024-05-08 00:00:00,80.08280485437574,14.209300558862795
3074,782,31,2024-05-08 01:00:00,73.75154706255762,12.74124670021451
3075,309,17,2024-05-08 02:00:00,94.37025097961637,7.125118232442251
3076,67,18,2024-05-08 03:00:00,61.9334902349535,4.785470583515181
3077,919,32,2024-05-08 04:00:00,66.42709696875536,15.633016675150026
3078,399,27,2024-05-08 05:00:00,76.83417392430874,15.539678864668428
3079,249,6,2024-05-08 06:00:00,90.4198670534248,9.469556648461154
3080,37,28,2024-05-08 07:00:00,97.97051419017026,2.4726868647025952
3081,198,41,2024-05-08 08:00:00,76.77903641473281,10.231484570665147
3082,423,31,2024-05-08 09:00:00,73.2845410921465,15.487831839786992
3083,629,22,2024-05-08 10:00:00,76.23785534422196,12.927065713494464
3084,701,28,2024-05-08 11:00:00,77.95756170400128,9.248429487890808
3085,904,49,2024-05-08 12:00:00,82.67004841422659,2.2012482474910136
3086,459,36,2024-05-08 13:00:00,70.23081737894353,18.77329979531284
3087,471,49,2024-05-08 14:00:00,87.67028931078417,8.33177171447139
3088,657,9,2024-05-08 15:00:00,80.88643254170037,5.630700713960447
3089,796,8,2024-05-08 16:00:00,68.65550916644844,7.277177631135887
3090,491,34,2024-05-08 17:00:00,71.69459953390044,9.221414571519006
3091,319,12,2024-05-08 18:00:00,65.31338713724419,4.548242288993528
3092,599,46,2024-05-08 19:00:00,93.87455735020643,19.415290561741692
3093,145,31,2024-05-08 20:00:00,82.64884627358762,13.682559147966888
3094,709,36,2024-05-08 21:00:00,82.27033877572245,6.10032671015373
3095,202,41,2024-05-08 22:00:00,91.7658284618307,11.51417758414032
3096,914,7,2024-05-08 23:00:00,83.24520649311947,7.78605168119473
3097,699,39,2024-05-09 00:00:00,79.02984908583207,14.649338623856998
3098,564,8,2024-05-09 01:00:00,75.77759266829389,13.566776410448679
3099,471,23,2024-05-09 02:00:00,81.13804094856005,2.7226758808845295
3100,348,21,2024-05-09 03:00:00,60.45428849782406,4.244535166068135
3101,113,45,2024-05-09 04:00:00,84.98379811788982,9.760649767597759
3102,490,27,2024-05-09 05:00:00,78.81693750209313,12.531916427396988
3103,917,13,2024-05-09 06:00:00,81.93840508617318,10.45170958556807
3104,620,41,2024-05-09 07:00:00,98.35021575081343,15.174921543462688
3105,716,49,2024-05-09 08:00:00,99.53432213615925,12.609133124273152
3106,962,3,2024-05-09 09:00:00,95.72044095393301,15.120163346811903
3107,821,20,2024-05-09 10:00:00,79.34258987979157,2.714160212096279
3108,679,11,2024-05-09 11:00:00,74.49064736286664,15.048173679562867
3109,633,34,2024-05-09 12:00:00,66.31227149509567,14.253831881506997
3110,920,44,2024-05-09 13:00:00,75.39158902164498,4.425777624367839
3111,649,48,2024-05-09 14:00:00,81.63231335333003,7.4048149256946765
3112,438,2,2024-05-09 15:00:00,99.87992915480127,5.174907489981393
3113,537,33,2024-05-09 16:00:00,99.422578551888,15.583433136930228
3114,73,7,2024-05-09 17:00:00,63.80603121507503,9.191680891121239
3115,280,31,2024-05-09 18:00:00,73.25750007702746,3.606745314887023
3116,143,28,2024-05-09 19:00:00,91.63629466752786,17.83511067661386
3117,791,42,2024-05-09 20:00:00,75.04438958264646,7.179880281960377
3118,914,41,2024-05-09 21:00:00,98.47949433463705,16.788588777023378
3119,350,27,2024-05-09 22:00:00,72.65880508445962,7.525369499307479
3120,521,17,2024-05-09 23:00:00,70.01325247947435,8.34340330385225
3121,887,27,2024-05-10 00:00:00,92.11748886664574,3.981746968348735
3122,634,14,2024-05-10 01:00:00,97.83150433397246,10.976337269614495
3123,92,13,2024-05-10 02:00:00,97.06119132161223,15.285488300893107
3124,858,34,2024-05-10 03:00:00,72.97068446661895,18.498140736677907
3125,907,26,2024-05-10 04:00:00,87.3094993754675,4.019485449223871
3126,687,26,2024-05-10 05:00:00,79.67208255268824,16.46685623547505
3127,475,25,2024-05-10 06:00:00,79.63159003478339,6.525437634609475
3128,524,49,2024-05-10 07:00:00,65.2313796437872,13.849159810243453
3129,29,48,2024-05-10 08:00:00,85.04593121166408,9.743151899728522
3130,438,1,2024-05-10 09:00:00,92.12594660137934,12.96983718150986
3131,491,20,2024-05-10 10:00:00,65.82869982967172,3.1709179234894638
3132,423,15,2024-05-10 11:00:00,65.749216228165,6.707218525874201
3133,10,21,2024-05-10 12:00:00,62.072669823717426,6.442078839409216
3134,742,28,2024-05-10 13:00:00,84.78033703361871,8.505788627111896
3135,868,50,2024-05-10 14:00:00,60.610720432146614,8.13151974625142
3136,725,35,2024-05-10 15:00:00,77.68416996321386,7.928699670548627
3137,491,13,2024-05-10 16:00:00,99.68531574992926,4.149049622692846
3138,518,20,2024-05-10 17:00:00,90.86555496902334,7.124544002989762
3139,981,20,2024-05-10 18:00:00,99.16925498022455,19.760512033638562
3140,433,4,2024-05-10 19:00:00,99.99973287515976,8.92043158390843
3141,353,44,2024-05-10 20:00:00,91.91738383232156,10.509658545623834
3142,523,30,2024-05-10 21:00:00,71.00876574069197,11.903189265503439
3143,677,31,2024-05-10 22:00:00,76.14030626185553,12.667071025915563
3144,663,41,2024-05-10 23:00:00,78.36197964992522,19.144551019830715
3145,734,4,2024-05-11 00:00:00,64.17204176004144,18.039008368451785
3146,595,38,2024-05-11 01:00:00,99.95326595957906,4.906437364572076
3147,325,49,2024-05-11 02:00:00,94.05209596822202,7.978533941860418
3148,370,19,2024-05-11 03:00:00,76.53003966522967,8.402792679021706
3149,15,13,2024-05-11 04:00:00,88.22474466306768,5.436036500448235
3150,511,16,2024-05-11 05:00:00,91.05164482898667,4.1698010332300495
3151,986,20,2024-05-11 06:00:00,88.61014929315598,16.116487018440147
3152,867,8,2024-05-11 07:00:00,67.84008489332173,19.400716141463725
3153,960,11,2024-05-11 08:00:00,95.25290387254947,15.58582532626646
3154,826,21,2024-05-11 09:00:00,76.492519726326,6.378380279018956
3155,685,47,2024-05-11 10:00:00,60.27998126392645,18.312479645844203
3156,738,28,2024-05-11 11:00:00,73.93476441357802,3.360634873719221
3157,501,16,2024-05-11 12:00:00,69.78433941852452,16.663162123950883
3158,507,39,2024-05-11 13:00:00,83.21687956303847,3.513156895540214
3159,400,3,2024-05-11 14:00:00,84.81136734012276,15.102617558821184
3160,54,31,2024-05-11 15:00:00,71.03683065460899,4.163643082607307
3161,976,30,2024-05-11 16:00:00,92.30784379763062,2.5241277711300896
3162,367,8,2024-05-11 17:00:00,84.34004634282101,18.970733624636548
3163,163,49,2024-05-11 18:00:00,66.32548325603558,4.146335148634964
3164,14,32,2024-05-11 19:00:00,81.80016233974771,11.66531919060232
3165,54,12,2024-05-11 20:00:00,67.75881703528081,16.250609511252005
3166,604,11,2024-05-11 21:00:00,81.76820467579071,7.16405613279937
3167,482,34,2024-05-11 22:00:00,99.36445224939182,12.688618657151952
3168,233,46,2024-05-11 23:00:00,92.33801217410104,15.767027477193901
3169,172,20,2024-05-12 00:00:00,90.76729096122014,11.788113329911905
3170,465,36,2024-05-12 01:00:00,83.26608724043834,10.067966923488987
3171,328,35,2024-05-12 02:00:00,82.2159240308344,11.89921926482516
3172,858,6,2024-05-12 03:00:00,83.92722347277346,17.031682013570922
3173,427,45,2024-05-12 04:00:00,79.55613094616301,12.127274900499769
3174,279,4,2024-05-12 05:00:00,67.14215035898098,14.25703674545885
3175,72,44,2024-05-12 06:00:00,86.88799395102119,13.034516294942373
3176,513,20,2024-05-12 07:00:00,64.08350453409055,11.75114926393815
3177,979,46,2024-05-12 08:00:00,81.34122876458989,17.623076730448478
3178,580,31,2024-05-12 09:00:00,87.88817571810428,7.501453066035747
3179,564,2,2024-05-12 10:00:00,85.75435899465386,14.493720980396036
3180,47,48,2024-05-12 11:00:00,73.39157969725909,15.441517156422936
3181,347,6,2024-05-12 12:00:00,65.08564325769001,19.429957571343557
3182,333,39,2024-05-12 13:00:00,70.94348733439337,2.1420421125819966
3183,786,27,2024-05-12 14:00:00,86.50448645395952,18.76628874314743
3184,965,31,2024-05-12 15:00:00,73.42224942937274,6.1214040685394036
3185,684,38,2024-05-12 16:00:00,78.0413051205725,3.3403599317538353
3186,304,49,2024-05-12 17:00:00,76.76145816851806,10.77287233509586
3187,402,26,2024-05-12 18:00:00,99.0367617685507,7.433409004116482
3188,661,7,2024-05-12 19:00:00,66.48419399321979,19.49571747609371
3189,321,10,2024-05-12 20:00:00,73.81237386859974,14.234811522002133
3190,277,12,2024-05-12 21:00:00,63.273491844291364,7.601277453934019
3191,27,9,2024-05-12 22:00:00,90.99520366855626,5.2383734103514294
3192,928,19,2024-05-12 23:00:00,67.25215292750097,19.548458529302476
3193,377,18,2024-05-13 00:00:00,85.83148158884862,2.0818513485035455
3194,503,16,2024-05-13 01:00:00,82.16642044473815,17.67927959614405
3195,379,5,2024-05-13 02:00:00,61.541463513678195,14.539153591238918
3196,377,11,2024-05-13 03:00:00,72.61035026906404,9.16461702488343
3197,660,46,2024-05-13 04:00:00,74.72685610067731,14.99712868457075
3198,506,42,2024-05-13 05:00:00,97.18834565879143,12.954454582019098
3199,430,42,2024-05-13 06:00:00,65.80741269382918,7.047797838834879
3200,193,45,2024-05-13 07:00:00,93.79820674390861,12.659802683018853
3201,20,45,2024-05-13 08:00:00,66.38564769626346,10.128131454474746
3202,926,33,2024-05-13 09:00:00,82.72279888598423,15.167123048729486
3203,452,4,2024-05-13 10:00:00,93.99989267274185,15.172501783646174
3204,402,17,2024-05-13 11:00:00,75.16549530155993,6.7014900613326205
3205,839,21,2024-05-13 12:00:00,78.63100671224088,10.9865335526005
3206,144,27,2024-05-13 13:00:00,67.00384474287596,2.293880070506142
3207,978,3,2024-05-13 14:00:00,82.4986992359594,9.392441693939235
3208,33,36,2024-05-13 15:00:00,63.903441111597296,13.049418296284431
3209,220,40,2024-05-13 16:00:00,81.4956263441009,2.177782144950051
3210,376,19,2024-05-13 17:00:00,83.05677268607138,11.654599196374768
3211,932,29,2024-05-13 18:00:00,99.00784447309518,9.132241790832147
3212,786,25,2024-05-13 19:00:00,96.72838635530562,17.45957447349317
3213,667,50,2024-05-13 20:00:00,88.11097716000717,8.075209954745848
3214,599,17,2024-05-13 21:00:00,86.3999331982562,11.511052333604221
3215,226,32,2024-05-13 22:00:00,75.96712991377682,15.438215708817207
3216,395,29,2024-05-13 23:00:00,80.5600798148725,17.404186883971633
3217,123,23,2024-05-14 00:00:00,68.05347861846218,4.272285529453579
3218,549,13,2024-05-14 01:00:00,76.69067745733415,7.906052742154282
3219,683,45,2024-05-14 02:00:00,97.32442500314218,2.1677348749361807
3220,966,22,2024-05-14 03:00:00,99.85771451583915,4.876208211128962
3221,790,23,2024-05-14 04:00:00,88.90278719219873,14.820757439526108
3222,738,33,2024-05-14 05:00:00,62.118173691537564,13.846846580712256
3223,161,9,2024-05-14 06:00:00,62.817419858711,6.389119205980861
3224,620,26,2024-05-14 07:00:00,96.10307408313355,17.14398254832666
3225,351,19,2024-05-14 08:00:00,98.33795326129432,10.348542249849658
3226,738,28,2024-05-14 09:00:00,61.176369113243844,8.142664552327341
3227,489,47,2024-05-14 10:00:00,84.05790775064126,18.880880899116637
3228,907,17,2024-05-14 11:00:00,93.42568755025584,12.029129933177362
3229,800,16,2024-05-14 12:00:00,89.51772423123137,6.5489324357899505
3230,893,8,2024-05-14 13:00:00,79.68796095627974,16.673967903785773
3231,970,4,2024-05-14 14:00:00,97.92522849275369,19.750153515651267
3232,134,39,2024-05-14 15:00:00,80.82565556425067,9.492336859167402
3233,212,50,2024-05-14 16:00:00,92.10878213859517,14.584978984288284
3234,283,7,2024-05-14 17:00:00,62.522492795974124,15.386311323432414
3235,269,14,2024-05-14 18:00:00,98.61261778249929,8.693399805998965
3236,709,44,2024-05-14 19:00:00,96.60602204616416,8.38602841792352
3237,171,13,2024-05-14 20:00:00,94.7745974931179,4.872703865900327
3238,898,30,2024-05-14 21:00:00,69.96294414701322,2.7661304752802343
3239,475,24,2024-05-14 22:00:00,94.0997035500202,13.681995853546438
3240,231,16,2024-05-14 23:00:00,61.08089229065778,14.294681667964136
3241,51,34,2024-05-15 00:00:00,99.03526513252775,8.202787877650568
3242,750,27,2024-05-15 01:00:00,86.24775308381838,4.0273997180536245
3243,194,31,2024-05-15 02:00:00,71.77888994625,3.320981563907303
3244,465,8,2024-05-15 03:00:00,82.77741616824456,13.427084595721665
3245,983,9,2024-05-15 04:00:00,87.77440551066653,16.50846733677949
3246,971,17,2024-05-15 05:00:00,62.37053435357966,3.696275182890556
3247,506,8,2024-05-15 06:00:00,98.58084469539736,8.938665054154654
3248,694,19,2024-05-15 07:00:00,96.62998700450387,11.61964287137828
3249,99,28,2024-05-15 08:00:00,79.99428815056878,11.708542225756954
3250,216,8,2024-05-15 09:00:00,67.68696207688434,19.467183446340165
3251,686,20,2024-05-15 10:00:00,71.16258604238746,3.717476435194262
3252,208,22,2024-05-15 11:00:00,74.45622638413788,18.017189620131642
3253,583,16,2024-05-15 12:00:00,68.10775442054086,6.410922176946193
3254,267,44,2024-05-15 13:00:00,72.41700826760635,8.493951699870916
3255,956,30,2024-05-15 14:00:00,73.69628697882399,2.4808822159325943
3256,676,10,2024-05-15 15:00:00,84.87802367358466,17.31524344741438
3257,247,19,2024-05-15 16:00:00,99.6669098380784,15.380811504257347
3258,8,26,2024-05-15 17:00:00,85.71745127447579,16.151726272412418
3259,155,11,2024-05-15 18:00:00,71.83209975930424,12.055072675420071
3260,428,27,2024-05-15 19:00:00,67.72512883231099,14.044413930169817
3261,795,49,2024-05-15 20:00:00,81.53334192368644,17.42774195275622
3262,814,45,2024-05-15 21:00:00,97.76872352371723,15.943344841514788
3263,711,14,2024-05-15 22:00:00,71.82691638197646,15.753536455897423
3264,431,18,2024-05-15 23:00:00,86.92185532374873,15.808750479960484
3265,626,4,2024-05-16 00:00:00,65.54341171182895,6.972702541797873
3266,899,18,2024-05-16 01:00:00,94.0909012374182,9.319244125395711
3267,302,17,2024-05-16 02:00:00,63.20218690740103,3.8916395249270854
3268,262,33,2024-05-16 03:00:00,73.44147270503535,17.957820253242318
3269,640,36,2024-05-16 04:00:00,83.38166386634688,13.733487496660072
3270,827,7,2024-05-16 05:00:00,96.73585172192088,7.037583904462011
3271,914,30,2024-05-16 06:00:00,85.57557209661996,19.56388192162143
3272,193,19,2024-05-16 07:00:00,94.0477285598347,16.988706346879763
3273,3,37,2024-05-16 08:00:00,89.49887141396108,16.09691858628115
3274,195,25,2024-05-16 09:00:00,94.3672305714783,13.331072607611876
3275,533,45,2024-05-16 10:00:00,67.32662857144483,11.37200083432489
3276,898,33,2024-05-16 11:00:00,76.81244397263744,18.64854166285137
3277,871,8,2024-05-16 12:00:00,86.0796313096819,17.106241080287262
3278,329,23,2024-05-16 13:00:00,96.6869217635901,11.652572825443544
3279,907,16,2024-05-16 14:00:00,70.93458904773556,3.258090775457201
3280,40,7,2024-05-16 15:00:00,64.47328929936889,10.32385813324492
3281,651,43,2024-05-16 16:00:00,72.06563842253784,13.20924035804337
3282,654,49,2024-05-16 17:00:00,84.11870994497978,19.033895320485545
3283,618,23,2024-05-16 18:00:00,79.50292279825045,13.779028765932285
3284,607,14,2024-05-16 19:00:00,85.97370370450865,15.405595297189764
3285,641,39,2024-05-16 20:00:00,74.41456559626312,2.589439517373434
3286,41,16,2024-05-16 21:00:00,60.123117070877406,2.731480591447363
3287,21,50,2024-05-16 22:00:00,71.26518032326217,17.576347152962015
3288,850,15,2024-05-16 23:00:00,99.40985890599661,3.729556766634776
3289,19,30,2024-05-17 00:00:00,97.66756960576751,6.101452667254085
3290,880,35,2024-05-17 01:00:00,74.6452796913687,11.337664945815616
3291,312,45,2024-05-17 02:00:00,78.36233523864902,12.055266093284196
3292,940,46,2024-05-17 03:00:00,84.46379523132298,11.327272975646563
3293,490,3,2024-05-17 04:00:00,97.66137822737831,4.558444938460051
3294,256,39,2024-05-17 05:00:00,99.46176569624129,3.394069689298729
3295,72,22,2024-05-17 06:00:00,73.17022748994957,14.675462122482646
3296,5,24,2024-05-17 07:00:00,96.49358837460721,3.550367614104542
3297,57,47,2024-05-17 08:00:00,75.24327629331785,8.08739442091833
3298,576,47,2024-05-17 09:00:00,61.81352499052671,7.0179476408331904
3299,557,29,2024-05-17 10:00:00,89.66995230423571,19.688678225061956
3300,75,38,2024-05-17 11:00:00,83.99169011193159,6.011848162060779
3301,467,31,2024-05-17 12:00:00,63.66112388435815,19.54392436849424
3302,513,28,2024-05-17 13:00:00,87.29221160605873,7.437335562314351
3303,257,47,2024-05-17 14:00:00,84.4915532765182,19.141526228178417
3304,403,16,2024-05-17 15:00:00,91.00448454791317,14.791352126487023
3305,318,2,2024-05-17 16:00:00,85.05710839162954,9.312109100018063
3306,76,12,2024-05-17 17:00:00,66.02192037099198,11.466384285861587
3307,225,25,2024-05-17 18:00:00,77.7169574952526,7.386194453814648
3308,282,28,2024-05-17 19:00:00,61.309087913692586,15.982227522852813
3309,872,30,2024-05-17 20:00:00,63.00169397005383,5.953113312495724
3310,653,39,2024-05-17 21:00:00,64.8169538410102,15.192247889300827
3311,597,41,2024-05-17 22:00:00,64.99367699215763,15.714173435757733
3312,58,12,2024-05-17 23:00:00,91.17993234165806,15.50120088589146
3313,496,35,2024-05-18 00:00:00,95.993775639956,19.863629348453923
3314,129,5,2024-05-18 01:00:00,79.34218481403063,14.658313248895727
3315,176,6,2024-05-18 02:00:00,66.4342219239002,8.14705257120438
3316,972,37,2024-05-18 03:00:00,60.290568362311326,5.103584071514946
3317,380,39,2024-05-18 04:00:00,80.52962292626253,7.8491720668194676
3318,690,13,2024-05-18 05:00:00,80.05897715539882,12.798244878953128
3319,992,43,2024-05-18 06:00:00,71.40788895560088,4.870095115221922
3320,107,11,2024-05-18 07:00:00,85.75803012627901,14.547344789952543
3321,273,47,2024-05-18 08:00:00,89.32530313180538,13.41703156712241
3322,240,17,2024-05-18 09:00:00,88.92017729641722,5.653391194332702
3323,601,35,2024-05-18 10:00:00,70.63664200997357,2.203762183849653
3324,875,32,2024-05-18 11:00:00,67.35658949013256,14.311342818198353
3325,227,40,2024-05-18 12:00:00,73.02959636515756,3.108808570882905
3326,623,37,2024-05-18 13:00:00,83.55334435986413,10.492032051785337
3327,371,9,2024-05-18 14:00:00,82.86752496639998,2.812063559038804
3328,165,48,2024-05-18 15:00:00,97.97909123110574,16.637995122710954
3329,640,28,2024-05-18 16:00:00,99.49596959959631,3.383232470292522
3330,666,31,2024-05-18 17:00:00,96.45869799895654,16.899582733444603
3331,332,27,2024-05-18 18:00:00,80.55670693789992,9.612807219093149
3332,680,47,2024-05-18 19:00:00,67.85368901829266,5.699275803096517
3333,269,12,2024-05-18 20:00:00,73.29301351209999,10.09021202179821
3334,340,28,2024-05-18 21:00:00,72.60748091088072,12.773129917218052
3335,943,46,2024-05-18 22:00:00,71.65546946396537,10.35533575600516
3336,41,50,2024-05-18 23:00:00,66.3813354221802,9.905455324269802
3337,734,20,2024-05-19 00:00:00,74.73128265135287,9.015618140906525
3338,945,21,2024-05-19 01:00:00,73.98578647630333,6.3428504772564605
3339,377,37,2024-05-19 02:00:00,85.37807006158948,15.376343937884634
3340,878,20,2024-05-19 03:00:00,71.98456290634522,12.815449604903668
3341,925,17,2024-05-19 04:00:00,87.98255348345754,10.784707094056731
3342,63,46,2024-05-19 05:00:00,71.73565256862874,7.6156698139838905
3343,32,16,2024-05-19 06:00:00,93.14337005880532,15.094095150912253
3344,673,27,2024-05-19 07:00:00,67.20108229395318,8.815234281004024
3345,390,45,2024-05-19 08:00:00,98.38475522491208,4.326068601730954
3346,79,13,2024-05-19 09:00:00,84.57226575676856,13.577769818720622
3347,644,48,2024-05-19 10:00:00,97.99675571040541,16.206119097154904
3348,863,45,2024-05-19 11:00:00,64.15378800759515,9.965989426308546
3349,563,29,2024-05-19 12:00:00,78.19004991165731,12.92227520719124
3350,655,22,2024-05-19 13:00:00,88.89294608435893,2.565707309945422
3351,481,37,2024-05-19 14:00:00,69.04752109621225,3.6539169307887187
3352,303,4,2024-05-19 15:00:00,95.75418306081087,9.052313845182299
3353,340,33,2024-05-19 16:00:00,91.40671586353704,16.492914450531487
3354,609,43,2024-05-19 17:00:00,80.03309692042157,6.6866734160390395
3355,658,25,2024-05-19 18:00:00,75.04222936435292,6.358279395572053
3356,807,15,2024-05-19 19:00:00,82.33131541023181,2.982150971408579
3357,74,10,2024-05-19 20:00:00,93.18573310158048,19.577878316540016
3358,643,48,2024-05-19 21:00:00,67.72668893760124,8.313440336774645
3359,226,24,2024-05-19 22:00:00,62.71762866813367,2.809885793265653
3360,25,40,2024-05-19 23:00:00,90.41049020187627,14.815336041792985
3361,988,46,2024-05-20 00:00:00,72.80818433939756,9.696754635419211
3362,181,16,2024-05-20 01:00:00,86.66898700858582,8.021078837860184
3363,48,37,2024-05-20 02:00:00,75.5904016585027,11.953527587039199
3364,763,35,2024-05-20 03:00:00,98.711962931362,10.344014849578613
3365,379,45,2024-05-20 04:00:00,78.60731067551538,6.765542867285214
3366,213,15,2024-05-20 05:00:00,63.01437967384993,6.246723501279863
3367,271,11,2024-05-20 06:00:00,82.06583315909833,17.82464454601965
3368,260,21,2024-05-20 07:00:00,63.43297466513451,3.6405090084868403
3369,667,6,2024-05-20 08:00:00,99.83884124258418,9.376608671628913
3370,612,16,2024-05-20 09:00:00,69.43714189508701,9.958360888990262
3371,222,39,2024-05-20 10:00:00,69.1415128071214,16.065762002728448
3372,395,34,2024-05-20 11:00:00,78.63870822116257,19.675824753661193
3373,108,49,2024-05-20 12:00:00,82.03648896432576,11.38923597422032
3374,921,29,2024-05-20 13:00:00,83.77553888945701,11.120346977670119
3375,499,48,2024-05-20 14:00:00,90.79933790453408,2.0840344454568056
3376,640,34,2024-05-20 15:00:00,84.44207892704976,11.513332211904496
3377,442,29,2024-05-20 16:00:00,80.11133765817388,11.854843504681249
3378,158,33,2024-05-20 17:00:00,75.12322210545574,18.75276450474944
3379,35,4,2024-05-20 18:00:00,62.478739589166686,8.736805552009525
3380,476,1,2024-05-20 19:00:00,98.41775955971602,14.774920117248582
3381,478,45,2024-05-20 20:00:00,64.18958579542745,8.904265253742665
3382,13,24,2024-05-20 21:00:00,62.6547493519682,15.539350675465894
3383,117,23,2024-05-20 22:00:00,66.91217654398204,19.958224312336196
3384,684,49,2024-05-20 23:00:00,74.15252574019266,5.041883068582414
3385,537,5,2024-05-21 00:00:00,75.75105061576613,16.463152088765852
3386,6,33,2024-05-21 01:00:00,80.7271392324727,9.74429664933724
3387,608,22,2024-05-21 02:00:00,99.73723320185299,18.348469583966388
3388,586,22,2024-05-21 03:00:00,95.00660530525835,17.723411155048236
3389,355,36,2024-05-21 04:00:00,84.98576769070043,14.212604241727702
3390,743,44,2024-05-21 05:00:00,71.9107620071392,18.999112521378017
3391,691,45,2024-05-21 06:00:00,60.01667392169556,17.107700260576458
3392,660,44,2024-05-21 07:00:00,74.76734573101669,9.989756557864599
3393,144,25,2024-05-21 08:00:00,76.77666215308007,13.232169183681075
3394,184,15,2024-05-21 09:00:00,69.42642199305774,12.264666941110733
3395,967,4,2024-05-21 10:00:00,84.82342257859932,8.736206498445199
3396,503,25,2024-05-21 11:00:00,74.2001083157786,13.747457833021418
3397,451,43,2024-05-21 12:00:00,90.16502397329513,5.1047691287492505
3398,168,14,2024-05-21 13:00:00,83.91681465111736,4.519189445708776
3399,950,18,2024-05-21 14:00:00,80.4604084983524,7.181205034317973
3400,732,11,2024-05-21 15:00:00,65.0379965474506,19.887696732130742
3401,928,31,2024-05-21 16:00:00,99.69834526623251,4.743513109744146
3402,636,47,2024-05-21 17:00:00,62.44094130986958,18.820979586896765
3403,110,5,2024-05-21 18:00:00,71.1206228123742,10.02958128075278
3404,680,15,2024-05-21 19:00:00,87.25879709544128,12.465992726330255
3405,900,29,2024-05-21 20:00:00,71.61952630738881,16.17553863315647
3406,359,1,2024-05-21 21:00:00,65.84712316178954,5.02112003642179
3407,783,20,2024-05-21 22:00:00,70.83538663229278,3.4481562236241228
3408,813,3,2024-05-21 23:00:00,98.87720850856044,6.0464818027938945
3409,723,28,2024-05-22 00:00:00,90.825941910136,11.652728021172674
3410,197,39,2024-05-22 01:00:00,87.01389682228788,14.073558224554624
3411,350,24,2024-05-22 02:00:00,90.14240881207421,13.760772851328056
3412,495,13,2024-05-22 03:00:00,91.39355026940814,5.209138917604857
3413,364,32,2024-05-22 04:00:00,95.97112587354212,17.070606675462244
3414,516,10,2024-05-22 05:00:00,98.31757350210407,8.074162318110133
3415,943,31,2024-05-22 06:00:00,60.07275878155085,7.78363007708066
3416,799,42,2024-05-22 07:00:00,91.72120915764589,18.647947082373456
3417,220,1,2024-05-22 08:00:00,61.98673141753287,19.238172931363444
3418,691,13,2024-05-22 09:00:00,75.39892935448226,19.58130899045701
3419,151,21,2024-05-22 10:00:00,80.41295686166166,8.05212537935791
3420,111,26,2024-05-22 11:00:00,86.28988575655256,6.858315130623601
3421,29,16,2024-05-22 12:00:00,79.11163414911215,6.235492931213788
3422,734,21,2024-05-22 13:00:00,83.76020185275377,14.764852768190403
3423,63,5,2024-05-22 14:00:00,73.37542948813318,8.153750611907377
3424,171,27,2024-05-22 15:00:00,67.7370817898748,17.84118911876067
3425,634,40,2024-05-22 16:00:00,85.41655692253859,16.871245982567224
3426,434,5,2024-05-22 17:00:00,70.43413219891983,12.04974446850351
3427,24,39,2024-05-22 18:00:00,70.50447367983858,5.652618759745967
3428,394,7,2024-05-22 19:00:00,95.1822662944108,12.925604977075878
3429,368,37,2024-05-22 20:00:00,78.02017987977568,10.57006986489506
3430,766,7,2024-05-22 21:00:00,60.74316795313181,10.419198869006351
3431,623,36,2024-05-22 22:00:00,95.77268954604483,17.326373099477983
3432,414,19,2024-05-22 23:00:00,73.22096877530359,15.298664887032638
3433,471,24,2024-05-23 00:00:00,64.28051101395482,10.834197310424937
3434,423,20,2024-05-23 01:00:00,70.38756143441097,13.69045949811638
3435,444,27,2024-05-23 02:00:00,99.24727489404262,11.541289049360783
3436,341,6,2024-05-23 03:00:00,85.6071938223919,16.88275103591922
3437,382,8,2024-05-23 04:00:00,64.96089922156139,11.243178409562258
3438,313,24,2024-05-23 05:00:00,87.32404713733402,11.33369250989525
3439,1,22,2024-05-23 06:00:00,86.56770599647253,18.29150942468384
3440,1000,11,2024-05-23 07:00:00,78.72112651825974,13.253483488649492
3441,586,22,2024-05-23 08:00:00,91.45668680543086,18.936549355176556
3442,29,34,2024-05-23 09:00:00,91.61298555142314,10.40135394442621
3443,159,35,2024-05-23 10:00:00,71.3612250388146,7.785242555759805
3444,222,33,2024-05-23 11:00:00,62.98841483909395,5.591661062976259
3445,103,19,2024-05-23 12:00:00,65.09252903705949,7.687979240296373
3446,203,23,2024-05-23 13:00:00,65.75967824320722,13.21868732462878
3447,811,47,2024-05-23 14:00:00,84.79854915554301,10.11324287684352
3448,434,43,2024-05-23 15:00:00,68.64619034784745,8.250940647588443
3449,22,14,2024-05-23 16:00:00,77.78338801302847,15.921612409376673
3450,498,2,2024-05-23 17:00:00,92.21840133747236,7.781040447324663
3451,635,46,2024-05-23 18:00:00,72.94741474356896,2.6670559284531237
3452,921,8,2024-05-23 19:00:00,73.93758534979057,6.924698282175873
3453,665,35,2024-05-23 20:00:00,73.46547677944164,5.589969987736633
3454,448,29,2024-05-23 21:00:00,92.54945677385604,2.7450483139647255
3455,244,16,2024-05-23 22:00:00,82.45591782453116,15.167026105279886
3456,793,24,2024-05-23 23:00:00,72.76731603939973,3.991276898063428
3457,611,6,2024-05-24 00:00:00,75.84268717351085,15.931307366702633
3458,818,37,2024-05-24 01:00:00,69.70167556862594,4.033274713036902
3459,995,22,2024-05-24 02:00:00,89.79358955818857,16.50487229653576
3460,878,28,2024-05-24 03:00:00,84.02568567461796,6.768242790039652
3461,163,41,2024-05-24 04:00:00,93.16033601212055,13.518778832571398
3462,175,21,2024-05-24 05:00:00,64.57331858862074,11.569745596558926
3463,172,29,2024-05-24 06:00:00,82.58238523867563,9.183079316663658
3464,593,9,2024-05-24 07:00:00,71.3059061254664,13.62213014175474
3465,438,31,2024-05-24 08:00:00,82.38062805353741,11.298697858445085
3466,585,36,2024-05-24 09:00:00,61.483152151807005,18.100117977817906
3467,267,29,2024-05-24 10:00:00,95.47188716373137,12.838557208620289
3468,359,50,2024-05-24 11:00:00,89.02348856125883,5.975625215016031
3469,780,9,2024-05-24 12:00:00,81.33349066667968,8.071570946367892
3470,536,20,2024-05-24 13:00:00,95.32023404419311,16.686976670055483
3471,667,44,2024-05-24 14:00:00,74.03597746125006,11.87805987597136
3472,22,5,2024-05-24 15:00:00,94.70022631376705,10.052323484709735
3473,134,50,2024-05-24 16:00:00,72.34693107486466,8.75755267773631
3474,581,23,2024-05-24 17:00:00,74.89720303809685,9.174318295042116
3475,864,42,2024-05-24 18:00:00,66.4053313427618,5.082187751966865
3476,829,3,2024-05-24 19:00:00,87.59446068867398,2.308040636357404
3477,57,50,2024-05-24 20:00:00,65.43840979395182,5.433239773749905
3478,179,38,2024-05-24 21:00:00,98.47679667728212,4.4233857252099025
3479,905,11,2024-05-24 22:00:00,85.7754451903629,7.80947883442775
3480,543,13,2024-05-24 23:00:00,82.6344739564958,19.423887293850736
3481,464,11,2024-05-25 00:00:00,87.85965863329568,17.947111314242022
3482,125,7,2024-05-25 01:00:00,95.35416149158803,11.686136011162947
3483,933,34,2024-05-25 02:00:00,79.92838912274257,17.548177651748176
3484,851,45,2024-05-25 03:00:00,68.5381159248491,16.647916301537393
3485,152,42,2024-05-25 04:00:00,68.15625305582327,14.202735636538499
3486,908,24,2024-05-25 05:00:00,62.7449658869304,2.80373110875933
3487,617,23,2024-05-25 06:00:00,96.48580368808103,8.99903409520541
3488,523,5,2024-05-25 07:00:00,72.88837024954779,12.836874477039647
3489,621,7,2024-05-25 08:00:00,80.88107436223623,15.278554256400671
3490,473,34,2024-05-25 09:00:00,72.71878791581574,16.002261361476727
3491,279,47,2024-05-25 10:00:00,60.81423908065203,15.885501896541006
3492,375,34,2024-05-25 11:00:00,97.64612111653838,13.47936444449428
3493,110,9,2024-05-25 12:00:00,96.45385329503685,6.669573184065127
3494,374,12,2024-05-25 13:00:00,98.90121206342056,16.25061321635307
3495,674,13,2024-05-25 14:00:00,63.711418232782464,2.914912245079389
3496,527,1,2024-05-25 15:00:00,98.34396628713364,14.864364385606244
3497,57,13,2024-05-25 16:00:00,70.94333101843947,5.656449232249097
3498,756,4,2024-05-25 17:00:00,97.13757953572748,12.2028070663855
3499,939,37,2024-05-25 18:00:00,92.40809156965662,18.20066921972714
3500,752,28,2024-05-25 19:00:00,82.68673236653245,7.082346386522667
3501,643,4,2024-05-25 20:00:00,75.39996428851853,6.870942386808327
3502,846,15,2024-05-25 21:00:00,84.2300613298982,4.949747203205394
3503,404,10,2024-05-25 22:00:00,71.1332623765857,6.567236715509176
3504,505,20,2024-05-25 23:00:00,95.53885887446535,17.424763016279734
3505,624,44,2024-05-26 00:00:00,60.49749222385879,12.188181741326817
3506,953,16,2024-05-26 01:00:00,66.73058877837681,5.026084506335307
3507,509,36,2024-05-26 02:00:00,97.2176381024825,14.022317106416951
3508,305,44,2024-05-26 03:00:00,72.0268793922174,3.2604776604625023
3509,666,25,2024-05-26 04:00:00,97.26331416799601,5.130723041978779
3510,684,23,2024-05-26 05:00:00,70.03812902511994,16.452285608913186
3511,165,24,2024-05-26 06:00:00,60.24769839486258,17.9037979427899
3512,123,38,2024-05-26 07:00:00,89.2868966881737,2.2551650337158913
3513,324,47,2024-05-26 08:00:00,83.77955282941925,15.844533218965523
3514,1000,46,2024-05-26 09:00:00,77.69352335249681,18.089239821923563
3515,955,49,2024-05-26 10:00:00,67.84290425179782,17.466760336207795
3516,878,11,2024-05-26 11:00:00,99.17390736021292,11.651399195885288
3517,948,1,2024-05-26 12:00:00,95.94800178024028,2.325322458317329
3518,563,1,2024-05-26 13:00:00,67.60920309950053,4.074658407283786
3519,622,7,2024-05-26 14:00:00,83.00628196505279,6.36615193950401
3520,822,16,2024-05-26 15:00:00,88.0029207532835,11.783414507942576
3521,355,32,2024-05-26 16:00:00,65.95482387398103,15.091007626859593
3522,885,16,2024-05-26 17:00:00,95.39871174433026,2.1352449131101476
3523,825,50,2024-05-26 18:00:00,91.43938328295357,5.316806291048792
3524,791,19,2024-05-26 19:00:00,65.09075293839442,8.6029345994817
3525,47,5,2024-05-26 20:00:00,78.2863740225724,2.2723151368063896
3526,473,19,2024-05-26 21:00:00,86.17145394650643,14.965639811957576
3527,676,36,2024-05-26 22:00:00,68.71492788469692,10.6756854029055
3528,461,12,2024-05-26 23:00:00,60.18633054754395,15.317066696401968
3529,249,13,2024-05-27 00:00:00,98.91753391902668,3.098601852905526
3530,563,35,2024-05-27 01:00:00,72.37174180957808,5.226362939298074
3531,732,29,2024-05-27 02:00:00,82.38594862138523,16.154392760730744
3532,177,41,2024-05-27 03:00:00,61.66798266775102,3.6853624813296575
3533,202,47,2024-05-27 04:00:00,99.42227753610564,3.5804505707616
3534,377,5,2024-05-27 05:00:00,98.28313669131668,3.4167367202186303
3535,947,14,2024-05-27 06:00:00,68.15250975498041,9.620343914219688
3536,461,43,2024-05-27 07:00:00,92.8352520999498,15.026296478463284
3537,620,4,2024-05-27 08:00:00,86.67058198865283,8.289302067408515
3538,835,18,2024-05-27 09:00:00,91.69209022646064,19.610459185453323
3539,403,24,2024-05-27 10:00:00,74.46474186379467,13.662099217792058
3540,310,38,2024-05-27 11:00:00,80.61073595987172,9.820096778723421
3541,594,37,2024-05-27 12:00:00,96.18401708096715,10.151776473755897
3542,235,5,2024-05-27 13:00:00,81.29970039327252,14.316345967053033
3543,626,8,2024-05-27 14:00:00,63.764948017847665,17.910895261055238
3544,678,44,2024-05-27 15:00:00,69.17100626139629,5.6572835081222035
3545,238,14,2024-05-27 16:00:00,84.97715220865437,9.095219742299596
3546,827,47,2024-05-27 17:00:00,81.03256307613492,17.37830464823315
3547,505,24,2024-05-27 18:00:00,84.0634089294675,10.329251730630592
3548,660,43,2024-05-27 19:00:00,99.7187146397758,14.186942384694335
3549,141,47,2024-05-27 20:00:00,98.78101131823429,14.441979165098177
3550,2,44,2024-05-27 21:00:00,66.96343630929925,11.725845076297523
3551,509,25,2024-05-27 22:00:00,67.57219308954139,6.6196097209155225
3552,140,9,2024-05-27 23:00:00,66.21555925155026,2.037438331773944
3553,183,1,2024-05-28 00:00:00,71.11526664603248,14.202030886142028
3554,583,27,2024-05-28 01:00:00,80.49201705699564,10.911609579016908
3555,562,45,2024-05-28 02:00:00,82.31017851989597,5.697288154868863
3556,507,12,2024-05-28 03:00:00,60.022209950248325,7.605944694525304
3557,642,39,2024-05-28 04:00:00,87.33545234909215,16.162405414040418
3558,213,1,2024-05-28 05:00:00,76.15487203396205,3.8794199654675277
3559,228,16,2024-05-28 06:00:00,72.05143052870346,19.461986237155305
3560,550,31,2024-05-28 07:00:00,99.67381885747326,18.218843428314337
3561,64,38,2024-05-28 08:00:00,82.01893165576769,3.2925190575517966
3562,758,12,2024-05-28 09:00:00,94.04757028157712,10.874620867298649
3563,875,33,2024-05-28 10:00:00,89.52270862281935,4.653701782260568
3564,265,31,2024-05-28 11:00:00,74.97467625900383,5.321567308303124
3565,496,5,2024-05-28 12:00:00,89.00506674936418,2.6343320067137803
3566,475,11,2024-05-28 13:00:00,70.80805785888538,6.395506254083793
3567,971,11,2024-05-28 14:00:00,75.81701105827861,10.932733518904838
3568,601,40,2024-05-28 15:00:00,67.85356165858109,9.193898686759628
3569,795,9,2024-05-28 16:00:00,70.97623387643561,13.043433244403976
3570,987,13,2024-05-28 17:00:00,69.01370030623423,15.666416258352585
3571,133,20,2024-05-28 18:00:00,77.08925624509864,13.562157972964743
3572,465,26,2024-05-28 19:00:00,67.43310962575802,4.642202744670643
3573,920,50,2024-05-28 20:00:00,77.57759144004794,6.339337331568847
3574,130,33,2024-05-28 21:00:00,84.72248149642587,7.151078885674947
3575,807,42,2024-05-28 22:00:00,65.8314834386591,14.49260542109211
3576,475,29,2024-05-28 23:00:00,97.94268080647437,7.746668134005561
3577,339,35,2024-05-29 00:00:00,78.12959811513245,15.68721958745141
3578,879,19,2024-05-29 01:00:00,79.84699270907296,5.261047020696909
3579,725,5,2024-05-29 02:00:00,63.76537028578192,9.034407896753791
3580,819,37,2024-05-29 03:00:00,78.63859917456995,3.4224922726329305
3581,519,5,2024-05-29 04:00:00,85.99548428880907,3.7412809858535834
3582,270,22,2024-05-29 05:00:00,94.84971470454015,17.435486420534236
3583,885,5,2024-05-29 06:00:00,85.03721169373736,4.705561672581496
3584,973,5,2024-05-29 07:00:00,90.54771094181056,8.017706926609975
3585,646,16,2024-05-29 08:00:00,99.10094918597787,10.177431799623754
3586,59,12,2024-05-29 09:00:00,99.97699111676289,15.177438041168774
3587,286,27,2024-05-29 10:00:00,89.96579794388389,12.133555675226056
3588,230,32,2024-05-29 11:00:00,63.02763185615597,13.12135951066088
3589,79,25,2024-05-29 12:00:00,78.51369189500032,13.736414856326915
3590,216,34,2024-05-29 13:00:00,67.68185975843522,3.853596610194675
3591,203,45,2024-05-29 14:00:00,92.11367120173179,4.253132142756675
3592,475,45,2024-05-29 15:00:00,72.01503829375386,9.12557592697349
3593,608,25,2024-05-29 16:00:00,78.47257857598198,9.231444833999504
3594,225,7,2024-05-29 17:00:00,92.96967235444671,13.77496692743162
3595,544,41,2024-05-29 18:00:00,71.30119874968074,11.222289776742528
3596,756,26,2024-05-29 19:00:00,79.6635711717365,2.455420366894299
3597,268,28,2024-05-29 20:00:00,83.36830907701521,11.028412264878936
3598,126,39,2024-05-29 21:00:00,71.32197927668517,11.88980702447532
3599,679,50,2024-05-29 22:00:00,75.55143307740536,15.137830844230184
3600,661,4,2024-05-29 23:00:00,89.99758223106524,13.183108558732567
3601,505,50,2024-05-30 00:00:00,67.28524922187759,6.542817452440847
3602,153,30,2024-05-30 01:00:00,76.97140784322585,10.43342313027156
3603,888,36,2024-05-30 02:00:00,80.84428415304893,16.45490201940984
3604,215,38,2024-05-30 03:00:00,89.16787766194733,17.529835612930057
3605,222,32,2024-05-30 04:00:00,73.51495052443542,16.08479236977816
3606,914,30,2024-05-30 05:00:00,67.72144184745663,3.6334747914050145
3607,183,10,2024-05-30 06:00:00,73.9019756818796,4.917337716023973
3608,986,27,2024-05-30 07:00:00,77.91161804601028,10.416202916969148
3609,212,2,2024-05-30 08:00:00,86.22312979478984,13.76627787175082
3610,297,18,2024-05-30 09:00:00,61.58814351109483,9.018799920410594
3611,611,36,2024-05-30 10:00:00,91.09525501584773,2.355882230759914
3612,431,12,2024-05-30 11:00:00,71.60412635285789,16.302871179858883
3613,653,38,2024-05-30 12:00:00,91.77593182061203,16.96713284597393
3614,298,2,2024-05-30 13:00:00,98.5217636454403,10.395071633894872
3615,643,41,2024-05-30 14:00:00,76.19546824240727,10.639865953369247
3616,119,42,2024-05-30 15:00:00,89.78864242662763,18.942065776421643
3617,117,7,2024-05-30 16:00:00,94.6366317868052,7.294135715565911
3618,417,19,2024-05-30 17:00:00,62.710323956158724,3.452805109532556
3619,362,16,2024-05-30 18:00:00,83.03319476587342,13.151585798138726
3620,746,41,2024-05-30 19:00:00,78.8114390278231,7.885494391888515
3621,556,13,2024-05-30 20:00:00,81.24247395356801,3.80483784730621
3622,2,39,2024-05-30 21:00:00,95.05709222721097,3.826053155951001
3623,278,30,2024-05-30 22:00:00,61.952780020483054,18.623866224479045
3624,489,14,2024-05-30 23:00:00,90.05790296848403,13.173280016905844
3625,580,23,2024-05-31 00:00:00,72.42849393048049,4.961985988316888
3626,168,12,2024-05-31 01:00:00,77.99310061704328,3.481420853863411
3627,359,22,2024-05-31 02:00:00,91.47026935219128,6.936201950804376
3628,349,7,2024-05-31 03:00:00,61.98899127940551,10.91444965932078
3629,478,5,2024-05-31 04:00:00,80.03158880699553,5.1924855025595855
3630,623,2,2024-05-31 05:00:00,96.01930799187262,9.682070065007649
3631,782,11,2024-05-31 06:00:00,61.99116658247163,12.169981857666313
3632,962,24,2024-05-31 07:00:00,69.15960600027267,4.538751232924338
3633,272,29,2024-05-31 08:00:00,72.62936285223999,19.19123133059573
3634,588,32,2024-05-31 09:00:00,90.94181686971268,7.959214394363016
3635,57,20,2024-05-31 10:00:00,68.38428068396904,13.829690404243678
3636,745,43,2024-05-31 11:00:00,60.10007120605,10.773429886459075
3637,39,35,2024-05-31 12:00:00,79.76031762684116,18.79636165282865
3638,491,4,2024-05-31 13:00:00,60.960749420123996,11.160964032270616
3639,806,41,2024-05-31 14:00:00,73.40525478153086,8.57617914208194
3640,110,29,2024-05-31 15:00:00,73.50294732796146,11.504968573868366
3641,124,28,2024-05-31 16:00:00,75.71049251766632,7.686382577630999
3642,31,19,2024-05-31 17:00:00,93.60274796755579,6.738310452259642
3643,109,37,2024-05-31 18:00:00,64.93231608274563,13.833986676497782
3644,745,29,2024-05-31 19:00:00,75.98419573417057,17.320215222903567
3645,864,39,2024-05-31 20:00:00,63.16747412203878,2.464194336415782
3646,758,30,2024-05-31 21:00:00,73.50894395171701,9.189650742830343
3647,33,49,2024-05-31 22:00:00,72.88986005059749,2.3704672340177377
3648,115,6,2024-05-31 23:00:00,97.11589911915232,19.136395708898775
3649,895,22,2024-06-01 00:00:00,88.12725755704254,10.656423584218283
3650,590,45,2024-06-01 01:00:00,73.6698549446713,8.957218607495381
3651,140,22,2024-06-01 02:00:00,89.58245532138224,9.207251623858697
3652,621,20,2024-06-01 03:00:00,66.71327081356678,13.28033187283636
3653,82,49,2024-06-01 04:00:00,92.24948871633947,8.03958952889023
3654,35,16,2024-06-01 05:00:00,75.26042193946195,12.283360796749328
3655,137,37,2024-06-01 06:00:00,80.35803761660706,5.693631669832565
3656,666,19,2024-06-01 07:00:00,87.57399562535477,9.478277178467383
3657,780,20,2024-06-01 08:00:00,72.5571470277087,9.36845442253922
3658,331,39,2024-06-01 09:00:00,69.13837771339593,4.608567835522831
3659,197,50,2024-06-01 10:00:00,80.06408832063194,17.75693023892577
3660,392,11,2024-06-01 11:00:00,95.94686361552675,2.036067848254521
3661,225,32,2024-06-01 12:00:00,63.31423991696496,5.992932737078291
3662,489,37,2024-06-01 13:00:00,96.97513842648837,6.9311428362229535
3663,973,10,2024-06-01 14:00:00,63.80368239574534,2.5121278337435857
3664,457,4,2024-06-01 15:00:00,90.30904625723653,13.103738198964399
3665,298,29,2024-06-01 16:00:00,73.64874262788469,2.210781094502219
3666,420,6,2024-06-01 17:00:00,73.5756825356429,9.666290351898422
3667,760,2,2024-06-01 18:00:00,98.68638225995008,15.562950273781091
3668,841,4,2024-06-01 19:00:00,62.367330653086775,7.930277214458598
3669,571,26,2024-06-01 20:00:00,89.06801339450858,14.143527562178102
3670,622,23,2024-06-01 21:00:00,65.18309906235983,19.93597264242264
3671,154,15,2024-06-01 22:00:00,67.84558627222533,7.261354419530761
3672,944,17,2024-06-01 23:00:00,90.14335032583841,3.5878544126891927
3673,171,36,2024-06-02 00:00:00,71.7565370105969,12.140477267742195
3674,375,1,2024-06-02 01:00:00,96.00895868991086,18.042607109605633
3675,191,18,2024-06-02 02:00:00,61.78442561892665,12.296493598007121
3676,852,20,2024-06-02 03:00:00,75.50761753332687,16.828228039289343
3677,732,46,2024-06-02 04:00:00,60.775475578806414,12.474810452744686
3678,505,44,2024-06-02 05:00:00,64.74019782125382,3.5783645137730957
3679,728,35,2024-06-02 06:00:00,65.23707018560668,11.61857900566096
3680,385,23,2024-06-02 07:00:00,73.9969886703764,14.120460416410205
3681,822,39,2024-06-02 08:00:00,92.31238691924382,14.982024591102803
3682,729,11,2024-06-02 09:00:00,65.07007908493526,5.037248911518827
3683,698,12,2024-06-02 10:00:00,69.99580898168628,18.096999145177506
3684,750,16,2024-06-02 11:00:00,88.31655164010684,6.40033089621406
3685,651,11,2024-06-02 12:00:00,61.170868498871116,15.046165524812476
3686,581,1,2024-06-02 13:00:00,91.54306414473155,10.755876510241258
3687,334,19,2024-06-02 14:00:00,96.52574735519576,8.799915543681688
3688,338,16,2024-06-02 15:00:00,77.88551986572494,13.68024533840206
3689,853,1,2024-06-02 16:00:00,67.96746613923554,14.042773960357337
3690,438,17,2024-06-02 17:00:00,96.06143347848749,9.98375168641698
3691,445,9,2024-06-02 18:00:00,90.87574625224617,8.57881753436913
3692,485,23,2024-06-02 19:00:00,75.56978767053968,11.577069961420955
3693,752,15,2024-06-02 20:00:00,65.39997152339097,7.5698832219480146
3694,110,7,2024-06-02 21:00:00,85.90494188259981,5.824147351524758
3695,305,18,2024-06-02 22:00:00,80.41024326261733,9.660484955180364
3696,183,3,2024-06-02 23:00:00,99.19981272422096,6.197904232608157
3697,319,22,2024-06-03 00:00:00,96.45953299342347,15.039416250350493
3698,453,6,2024-06-03 01:00:00,61.137433123793635,19.325866516552626
3699,974,28,2024-06-03 02:00:00,90.04256706390686,19.110407288917816
3700,766,40,2024-06-03 03:00:00,81.21811850883738,18.132671623300492
3701,35,2,2024-06-03 04:00:00,99.9308643833493,4.960390335814498
3702,201,50,2024-06-03 05:00:00,95.90543868460439,2.02308192668882
3703,395,42,2024-06-03 06:00:00,72.14601537573924,9.975622683026295
3704,644,2,2024-06-03 07:00:00,92.65045205302931,16.46318979720278
3705,840,37,2024-06-03 08:00:00,88.50079943477162,11.017955496680786
3706,563,25,2024-06-03 09:00:00,90.41806091238234,8.37309457877107
3707,101,10,2024-06-03 10:00:00,98.76219860608538,2.43936078931507
3708,192,47,2024-06-03 11:00:00,92.437128590837,5.546223054789302
3709,732,10,2024-06-03 12:00:00,84.23453583482544,2.459982579059418
3710,374,41,2024-06-03 13:00:00,75.34162316514903,12.447654559616382
3711,78,37,2024-06-03 14:00:00,70.82539630391265,3.145593812622313
3712,173,36,2024-06-03 15:00:00,92.43291477371716,18.18739128511909
3713,322,46,2024-06-03 16:00:00,78.83363162418006,9.226133425133662
3714,925,41,2024-06-03 17:00:00,77.06369671891545,7.207046895012005
3715,724,32,2024-06-03 18:00:00,81.33722611232221,17.780775291227286
3716,870,17,2024-06-03 19:00:00,81.0996525954265,3.726567661323172
3717,877,29,2024-06-03 20:00:00,69.32909088612891,5.23736406032176
3718,646,32,2024-06-03 21:00:00,66.50821228748573,5.21107200812459
3719,524,22,2024-06-03 22:00:00,61.29972132827535,3.7271587265666053
3720,912,38,2024-06-03 23:00:00,62.76087562768494,5.768190944716573
3721,686,35,2024-06-04 00:00:00,97.28668147794181,18.338313624057665
3722,514,43,2024-06-04 01:00:00,90.12305396907067,11.216542644612794
3723,296,36,2024-06-04 02:00:00,84.71727075382199,2.8191057415382312
3724,5,13,2024-06-04 03:00:00,65.02274468517453,16.983349148312747
3725,431,21,2024-06-04 04:00:00,73.09566243335146,12.022055494602322
3726,916,25,2024-06-04 05:00:00,90.85104509111012,12.156361162903572
3727,703,14,2024-06-04 06:00:00,90.43248226215061,19.264718134088724
3728,524,43,2024-06-04 07:00:00,94.93071542909438,10.83945473255184
3729,752,29,2024-06-04 08:00:00,63.55010620770485,3.423062944216377
3730,508,24,2024-06-04 09:00:00,69.51362197295217,19.022056315577643
3731,400,27,2024-06-04 10:00:00,61.50631573541164,19.52887805104796
3732,798,38,2024-06-04 11:00:00,91.30959655246066,3.546191264066569
3733,20,20,2024-06-04 12:00:00,90.15164320406677,19.786429632838583
3734,341,20,2024-06-04 13:00:00,98.68130747911265,17.642304399462446
3735,70,13,2024-06-04 14:00:00,80.09315840818581,18.500951227630086
3736,393,37,2024-06-04 15:00:00,84.06268729186961,17.522475742305012
3737,899,35,2024-06-04 16:00:00,71.29124022033605,2.3728507446827
3738,916,34,2024-06-04 17:00:00,68.62478845287058,19.955370586302223
3739,752,44,2024-06-04 18:00:00,61.05417019052525,15.839274730178747
3740,574,20,2024-06-04 19:00:00,90.4038090314028,15.772933822447143
3741,993,46,2024-06-04 20:00:00,86.61336894491453,17.41076022796671
3742,549,40,2024-06-04 21:00:00,80.05578600762391,19.716791881045005
3743,506,21,2024-06-04 22:00:00,73.80632306574638,13.284547752487644
3744,508,3,2024-06-04 23:00:00,79.94506852174604,14.597008789894096
3745,639,28,2024-06-05 00:00:00,92.58255463726633,11.620729505881881
3746,697,2,2024-06-05 01:00:00,89.91285873897438,15.236515500403359
3747,913,33,2024-06-05 02:00:00,80.07654225692497,17.840911144987196
3748,752,6,2024-06-05 03:00:00,79.53034597690369,8.31466341010708
3749,378,21,2024-06-05 04:00:00,62.53412446251552,7.757440781192152
3750,745,20,2024-06-05 05:00:00,97.78430656093528,15.693231937015593
3751,241,13,2024-06-05 06:00:00,74.73810648302033,12.55901354449094
3752,15,33,2024-06-05 07:00:00,86.03074401150687,8.687883024958866
3753,19,2,2024-06-05 08:00:00,99.83323233652365,19.23481054110293
3754,717,48,2024-06-05 09:00:00,66.7400376738063,11.549343899359457
3755,690,26,2024-06-05 10:00:00,98.28999741368216,6.657740107105431
3756,535,23,2024-06-05 11:00:00,84.84026480723813,9.066128659975217
3757,88,36,2024-06-05 12:00:00,91.67994348865876,15.254677224739408
3758,280,3,2024-06-05 13:00:00,96.07346622248156,12.481305933751132
3759,27,25,2024-06-05 14:00:00,60.50963227444822,15.628320818181312
3760,535,47,2024-06-05 15:00:00,83.36617035380223,3.175654615398991
3761,332,12,2024-06-05 16:00:00,75.74246999281803,10.900307657697194
3762,395,5,2024-06-05 17:00:00,66.22612243786658,4.540062758156339
3763,328,15,2024-06-05 18:00:00,73.9476122716942,7.139627259844751
3764,24,35,2024-06-05 19:00:00,98.38640802146406,13.310698487910646
3765,766,32,2024-06-05 20:00:00,98.52431988187145,15.024487737464092
3766,873,25,2024-06-05 21:00:00,84.94881540711906,16.77331818129097
3767,778,46,2024-06-05 22:00:00,79.83049409827008,19.571654304266378
3768,984,28,2024-06-05 23:00:00,77.19650869741338,9.666099630297897
3769,75,3,2024-06-06 00:00:00,75.42577135661,14.586202751264747
3770,289,38,2024-06-06 01:00:00,65.49408405734823,8.821803982563418
3771,891,37,2024-06-06 02:00:00,90.56550463816029,16.92550771964038
3772,605,7,2024-06-06 03:00:00,82.3690022501182,4.842843402401687
3773,242,18,2024-06-06 04:00:00,74.92580366464921,11.815432543402101
3774,141,15,2024-06-06 05:00:00,94.60712718276454,3.1173173222910133
3775,540,27,2024-06-06 06:00:00,88.99045294704185,9.987883441370412
3776,709,41,2024-06-06 07:00:00,96.64690895009747,11.641892414339809
3777,785,32,2024-06-06 08:00:00,88.7723490176406,18.50108754653571
3778,676,29,2024-06-06 09:00:00,83.21655704760386,15.589236956423942
3779,148,14,2024-06-06 10:00:00,86.11514961701752,2.8339879249249402
3780,964,40,2024-06-06 11:00:00,79.4018065156595,8.810078310215582
3781,506,3,2024-06-06 12:00:00,74.87353632461978,12.894595048475436
3782,412,18,2024-06-06 13:00:00,80.71491955885007,5.257207964308626
3783,118,46,2024-06-06 14:00:00,68.69480554224222,17.36879409783974
3784,950,7,2024-06-06 15:00:00,95.64510609148414,11.357098637505155
3785,702,2,2024-06-06 16:00:00,96.83514669591591,12.717316789139204
3786,784,33,2024-06-06 17:00:00,74.76145431066489,5.869840041944117
3787,821,8,2024-06-06 18:00:00,72.29120823059581,11.709403886456757
3788,487,8,2024-06-06 19:00:00,68.55709931860173,18.05099494245117
3789,222,1,2024-06-06 20:00:00,72.63435934687485,9.201453066527161
3790,30,40,2024-06-06 21:00:00,85.01398447237817,7.2052122887965275
3791,212,28,2024-06-06 22:00:00,78.28792045613822,9.713552585716418
3792,800,4,2024-06-06 23:00:00,92.3684130995723,5.09547622059589
3793,174,40,2024-06-07 00:00:00,61.39916636982617,19.343644332224276
3794,666,29,2024-06-07 01:00:00,97.14955902663107,7.985122229860553
3795,387,47,2024-06-07 02:00:00,81.07984924685022,4.1118607308804425
3796,866,6,2024-06-07 03:00:00,85.17988405299589,4.676280698040091
3797,266,8,2024-06-07 04:00:00,87.9079127776796,12.001778758734945
3798,677,16,2024-06-07 05:00:00,82.61716469738512,4.72080639681022
3799,507,5,2024-06-07 06:00:00,64.48882118002058,10.049484924632344
3800,337,34,2024-06-07 07:00:00,65.11406826835288,18.41619412955065
3801,172,7,2024-06-07 08:00:00,67.02137256887274,2.1744255879557057
3802,94,18,2024-06-07 09:00:00,69.0150138608775,2.6779408316477538
3803,28,11,2024-06-07 10:00:00,98.60699114889897,11.211309685845336
3804,855,1,2024-06-07 11:00:00,80.34251904617193,12.61657779049911
3805,653,12,2024-06-07 12:00:00,87.00080598507311,14.515074028289492
3806,217,43,2024-06-07 13:00:00,84.0319432654313,4.9893714834402605
3807,875,7,2024-06-07 14:00:00,94.91977546715165,10.707017193397343
3808,658,6,2024-06-07 15:00:00,73.23122996176701,8.113071305019986
3809,860,21,2024-06-07 16:00:00,90.22072415657468,5.3645071389787935
3810,483,45,2024-06-07 17:00:00,75.39165737601898,7.45049473817037
3811,765,42,2024-06-07 18:00:00,91.91451185514737,3.5488585510741237
3812,578,38,2024-06-07 19:00:00,86.6379896323661,4.30003395713461
3813,69,19,2024-06-07 20:00:00,97.85677065152092,19.745172696942745
3814,250,31,2024-06-07 21:00:00,89.78686650634987,19.613176788365955
3815,688,40,2024-06-07 22:00:00,73.60429584936088,12.524017697457907
3816,786,26,2024-06-07 23:00:00,78.66012938559018,10.186422661753378
3817,172,32,2024-06-08 00:00:00,78.24443937564646,19.84767199592904
3818,549,34,2024-06-08 01:00:00,77.09006197948669,4.65115745744154
3819,635,10,2024-06-08 02:00:00,90.74167716383269,9.775740086033062
3820,315,17,2024-06-08 03:00:00,65.107702554548,16.93346595701335
3821,620,16,2024-06-08 04:00:00,94.59674350715852,2.227631859839269
3822,631,34,2024-06-08 05:00:00,62.558143800315506,18.11172649066841
3823,759,38,2024-06-08 06:00:00,90.9405827295055,16.083049420421293
3824,49,1,2024-06-08 07:00:00,91.9775256387683,2.732488439270031
3825,314,46,2024-06-08 08:00:00,96.44277290697553,8.954829984388367
3826,354,44,2024-06-08 09:00:00,73.3274687603436,6.492780138710415
3827,11,6,2024-06-08 10:00:00,94.69193502394809,14.548880011220335
3828,931,41,2024-06-08 11:00:00,65.22041524011026,16.262996905190192
3829,729,4,2024-06-08 12:00:00,64.49794474337641,11.934086030119085
3830,797,7,2024-06-08 13:00:00,88.26396130816013,18.267387242758044
3831,120,6,2024-06-08 14:00:00,65.03865322409982,4.376179869709369
3832,750,2,2024-06-08 15:00:00,81.99511616311193,17.98970750046623
3833,960,30,2024-06-08 16:00:00,64.87884791181257,7.213021497350798
3834,705,9,2024-06-08 17:00:00,96.7854398477275,11.617483280098323
3835,829,7,2024-06-08 18:00:00,63.53289684784168,6.13314705964231
3836,613,35,2024-06-08 19:00:00,64.70390124823093,19.52874957286848
3837,716,1,2024-06-08 20:00:00,68.94087369173607,17.186813281255482
3838,436,30,2024-06-08 21:00:00,81.2715737280969,18.283073475309802
3839,493,30,2024-06-08 22:00:00,82.8884346681803,18.934701026742697
3840,870,8,2024-06-08 23:00:00,86.93820938640017,12.532702368311726
3841,69,38,2024-06-09 00:00:00,84.5721550369625,9.758779014149976
3842,111,44,2024-06-09 01:00:00,67.55443779389729,12.263781877335912
3843,88,47,2024-06-09 02:00:00,65.1418715925435,17.06802714519351
3844,21,12,2024-06-09 03:00:00,98.28530762660799,6.873109393653324
3845,705,2,2024-06-09 04:00:00,77.15075097335578,15.151506015719809
3846,408,2,2024-06-09 05:00:00,98.82766901512491,2.444549419827778
3847,596,5,2024-06-09 06:00:00,71.84736249973017,7.485437315902051
3848,576,37,2024-06-09 07:00:00,64.25670082516304,15.544370293401176
3849,441,38,2024-06-09 08:00:00,70.9101438089315,12.180538983522379
3850,336,18,2024-06-09 09:00:00,77.93665820247632,19.56534587636876
3851,460,48,2024-06-09 10:00:00,64.51419417293948,16.198124659041206
3852,90,2,2024-06-09 11:00:00,68.32283519623424,10.398316103390833
3853,262,39,2024-06-09 12:00:00,76.70318827066032,12.786516067091414
3854,634,6,2024-06-09 13:00:00,95.39753420394287,6.3212325653885175
3855,19,2,2024-06-09 14:00:00,73.40130992720132,10.323350142932057
3856,324,6,2024-06-09 15:00:00,80.33133203460093,3.2063891188414813
3857,645,7,2024-06-09 16:00:00,68.51702544428775,2.658433521225554
3858,363,21,2024-06-09 17:00:00,95.33174216389196,15.100232754306607
3859,410,46,2024-06-09 18:00:00,94.88430730630517,7.824255542430035
3860,104,10,2024-06-09 19:00:00,62.552519065009925,17.81518717671257
3861,95,26,2024-06-09 20:00:00,76.68685527397255,10.107255300292067
3862,274,43,2024-06-09 21:00:00,60.98144018929962,10.546753036627063
3863,777,22,2024-06-09 22:00:00,74.17928573223736,3.736380671352826
3864,930,33,2024-06-09 23:00:00,61.89747497274719,6.8829399598645535
3865,927,47,2024-06-10 00:00:00,77.39244116076301,16.98657741603785
3866,935,45,2024-06-10 01:00:00,74.79695780068836,17.30264292762329
3867,17,45,2024-06-10 02:00:00,88.04895595098846,9.78960403177043
3868,256,46,2024-06-10 03:00:00,95.70084650377066,15.663960913631485
3869,689,47,2024-06-10 04:00:00,78.87858800751039,11.522577078088903
3870,128,12,2024-06-10 05:00:00,96.01431979431916,5.337836995998073
3871,175,12,2024-06-10 06:00:00,68.56455791174139,9.489408926156202
3872,177,36,2024-06-10 07:00:00,69.04612191582683,18.997705522897004
3873,376,9,2024-06-10 08:00:00,94.9183450128164,17.488694516715256
3874,164,43,2024-06-10 09:00:00,84.45839618474292,7.491333587979487
3875,357,13,2024-06-10 10:00:00,63.68398164944118,15.643377656484974
3876,373,10,2024-06-10 11:00:00,96.62980390750778,8.374038779483183
3877,137,44,2024-06-10 12:00:00,90.0694955520107,2.540665220401622
3878,420,16,2024-06-10 13:00:00,74.89421941011923,14.953315362832896
3879,491,36,2024-06-10 14:00:00,98.92440013860127,16.59771459132324
3880,71,47,2024-06-10 15:00:00,83.86126464498669,12.41293373647981
3881,450,23,2024-06-10 16:00:00,89.63684140730182,12.061889160707592
3882,834,13,2024-06-10 17:00:00,85.88772949693964,17.36065752258351
3883,119,10,2024-06-10 18:00:00,99.25735590931777,16.71927095138284
3884,469,20,2024-06-10 19:00:00,83.03863924597968,18.702024786541585
3885,489,40,2024-06-10 20:00:00,63.83180249081876,5.017885977250875
3886,588,21,2024-06-10 21:00:00,83.62051167867037,3.847170138842574
3887,140,39,2024-06-10 22:00:00,71.93589269251068,7.428696353552779
3888,298,50,2024-06-10 23:00:00,63.186390160187074,14.471262381494231
3889,900,30,2024-06-11 00:00:00,73.97218129877069,12.343057956813388
3890,932,33,2024-06-11 01:00:00,67.71741616723726,3.6389192886211816
3891,250,12,2024-06-11 02:00:00,94.65726553821975,5.336385782479326
3892,951,24,2024-06-11 03:00:00,78.29829941492773,6.632296196806947
3893,124,34,2024-06-11 04:00:00,77.67130897681994,4.076086708749356
3894,423,14,2024-06-11 05:00:00,64.01533352286623,10.499869899331426
3895,517,45,2024-06-11 06:00:00,68.3352941104284,5.967406843719987
3896,567,20,2024-06-11 07:00:00,65.93801492830538,9.939967868252676
3897,922,45,2024-06-11 08:00:00,62.77812376377467,6.002418153689
3898,56,13,2024-06-11 09:00:00,90.08130449180996,14.01126011687899
3899,224,32,2024-06-11 10:00:00,96.6616167440867,6.233360826543997
3900,953,20,2024-06-11 11:00:00,87.15447146975629,16.144836559079796
3901,945,22,2024-06-11 12:00:00,99.64839735780234,17.527990201117284
3902,142,16,2024-06-11 13:00:00,89.86948853315208,12.821622521692891
3903,141,35,2024-06-11 14:00:00,73.97362005593578,2.3062496098838845
3904,792,20,2024-06-11 15:00:00,68.88814449587824,8.899086595846443
3905,82,33,2024-06-11 16:00:00,65.09909306744495,5.482622815677301
3906,896,8,2024-06-11 17:00:00,88.55223094864705,17.662028395087084
3907,141,3,2024-06-11 18:00:00,83.8525585721224,14.788553838367761
3908,239,4,2024-06-11 19:00:00,79.94800001588058,17.57828824725959
3909,502,24,2024-06-11 20:00:00,80.99487639250817,6.073938970902369
3910,431,20,2024-06-11 21:00:00,82.75907338174565,15.182656516504979
3911,184,19,2024-06-11 22:00:00,88.22318847071898,2.6061318393659216
3912,928,1,2024-06-11 23:00:00,92.52081421402696,19.043304168388165
3913,40,31,2024-06-12 00:00:00,67.74804364810532,3.7958495041599614
3914,536,2,2024-06-12 01:00:00,88.92316632388068,7.638982769114893
3915,113,41,2024-06-12 02:00:00,91.24136332343201,15.079508147303523
3916,146,35,2024-06-12 03:00:00,60.35593002703584,11.467723735712868
3917,782,16,2024-06-12 04:00:00,85.42134798295615,18.20706999739809
3918,288,6,2024-06-12 05:00:00,61.76068651030989,18.88982521361169
3919,602,12,2024-06-12 06:00:00,77.09091299703996,3.006639080135875
3920,581,20,2024-06-12 07:00:00,73.27858762255968,19.43072588330337
3921,194,44,2024-06-12 08:00:00,75.25606504084166,11.055973522127125
3922,352,38,2024-06-12 09:00:00,89.51671066411274,9.67328554033072
3923,770,24,2024-06-12 10:00:00,89.0134364795757,6.9454929738770215
3924,831,2,2024-06-12 11:00:00,62.203293254720286,8.365585779436577
3925,956,41,2024-06-12 12:00:00,74.14289511008894,14.057884849573172
3926,105,17,2024-06-12 13:00:00,76.51695757743285,8.42965667077704
3927,256,21,2024-06-12 14:00:00,81.2150446874177,4.984452989881731
3928,391,38,2024-06-12 15:00:00,74.74224691191262,13.530880379389961
3929,271,29,2024-06-12 16:00:00,89.7687849674976,10.243212084160225
3930,560,37,2024-06-12 17:00:00,77.49013810436499,2.0834899811237966
3931,231,21,2024-06-12 18:00:00,89.96195469302361,15.670670571066232
3932,744,49,2024-06-12 19:00:00,87.5429237724609,19.269671263812384
3933,990,2,2024-06-12 20:00:00,68.16819808233646,13.584570807502907
3934,87,7,2024-06-12 21:00:00,87.47822996376308,16.28586403235373
3935,603,4,2024-06-12 22:00:00,98.84576267303673,11.569373200383023
3936,333,40,2024-06-12 23:00:00,82.0147793918027,18.817596867838336
3937,860,16,2024-06-13 00:00:00,71.54903110986454,5.613927768792056
3938,91,49,2024-06-13 01:00:00,99.86346593652266,15.562114201723537
3939,798,46,2024-06-13 02:00:00,89.2705403380705,16.384158086922554
3940,130,33,2024-06-13 03:00:00,87.58884536381186,15.78528729322922
3941,862,18,2024-06-13 04:00:00,73.97812852219685,15.717179797627471
3942,707,15,2024-06-13 05:00:00,85.91004128236102,12.354049806930117
3943,311,19,2024-06-13 06:00:00,94.51723839162463,18.166108812547495
3944,662,28,2024-06-13 07:00:00,69.1225839895941,16.731851306602547
3945,349,15,2024-06-13 08:00:00,81.91315255305156,11.955316532521227
3946,782,34,2024-06-13 09:00:00,75.76475709544201,13.77923658342573
3947,237,41,2024-06-13 10:00:00,82.44812657200202,14.304205583865341
3948,911,11,2024-06-13 11:00:00,98.91495983920882,16.622036879911605
3949,434,25,2024-06-13 12:00:00,83.05079203336493,9.328820925579192
3950,270,17,2024-06-13 13:00:00,98.0937459201275,13.554668933186385
3951,369,20,2024-06-13 14:00:00,82.9264968920173,15.596456869661246
3952,930,7,2024-06-13 15:00:00,90.77747754772695,14.523018948292451
3953,752,13,2024-06-13 16:00:00,69.8390947301971,10.473265432815932
3954,131,33,2024-06-13 17:00:00,99.88119647365987,17.627362993992133
3955,300,21,2024-06-13 18:00:00,72.2808868176915,14.00068362665425
3956,785,26,2024-06-13 19:00:00,87.94225015284093,14.278096104260726
3957,944,8,2024-06-13 20:00:00,78.50667722256269,14.000303734698422
3958,547,6,2024-06-13 21:00:00,64.30554235816568,19.445413001058423
3959,753,19,2024-06-13 22:00:00,60.58781107455363,3.0534318476189926
3960,161,14,2024-06-13 23:00:00,91.76291020763483,18.970223529255502
3961,101,36,2024-06-14 00:00:00,83.167819820205,7.842569212965329
3962,574,21,2024-06-14 01:00:00,73.43767387009916,13.985477447387423
3963,225,7,2024-06-14 02:00:00,74.86594085547644,2.6709356728433082
3964,829,32,2024-06-14 03:00:00,75.41074660716703,16.764976150987206
3965,471,6,2024-06-14 04:00:00,91.58282977510495,5.195344254238086
3966,55,14,2024-06-14 05:00:00,88.47095209801732,7.29676244295489
3967,220,40,2024-06-14 06:00:00,85.22188079997638,17.38463995027705
3968,529,22,2024-06-14 07:00:00,61.348638238373894,16.585563405909642
3969,204,4,2024-06-14 08:00:00,87.34936114351652,16.319594561590073
3970,442,4,2024-06-14 09:00:00,79.03130427125305,6.762924320855266
3971,896,37,2024-06-14 10:00:00,94.29951744268274,10.833871734033204
3972,768,9,2024-06-14 11:00:00,85.50411726770531,5.95179854602958
3973,585,46,2024-06-14 12:00:00,91.74222076849193,8.744137123119303
3974,137,3,2024-06-14 13:00:00,88.92574047559471,19.48104944124357
3975,75,19,2024-06-14 14:00:00,91.79891428763524,4.373205041579923
3976,286,13,2024-06-14 15:00:00,81.06868778539749,16.14046742066268
3977,18,35,2024-06-14 16:00:00,77.19006921669518,8.716726252153029
3978,432,29,2024-06-14 17:00:00,87.53451402288891,9.098774393176582
3979,209,46,2024-06-14 18:00:00,73.91159902608132,8.093967351594772
3980,210,38,2024-06-14 19:00:00,78.00373576860265,2.804676202002545
3981,506,2,2024-06-14 20:00:00,73.57996084767743,5.760847142657424
3982,256,19,2024-06-14 21:00:00,92.06903005858705,2.925242999679533
3983,623,23,2024-06-14 22:00:00,95.98357010952411,12.234622140417672
3984,357,44,2024-06-14 23:00:00,66.31406159319958,7.455926484544459
3985,142,7,2024-06-15 00:00:00,68.62238120557898,12.960107144276513
3986,975,16,2024-06-15 01:00:00,62.251855997069484,14.652003522211846
3987,193,19,2024-06-15 02:00:00,84.47678937763777,19.140928045363697
3988,776,42,2024-06-15 03:00:00,99.1867645451932,7.448047907595949
3989,907,37,2024-06-15 04:00:00,61.25003120615188,10.381863165385013
3990,943,17,2024-06-15 05:00:00,72.92062835611421,9.301288636296757
3991,92,12,2024-06-15 06:00:00,98.44585340997521,17.16648973996716
3992,801,10,2024-06-15 07:00:00,78.35335041768295,15.336620461959631
3993,165,46,2024-06-15 08:00:00,63.918111577743595,11.4924479182496
3994,586,45,2024-06-15 09:00:00,83.51814313871739,2.0490152301762157
3995,119,36,2024-06-15 10:00:00,95.92041146790152,7.688327594604234
3996,753,41,2024-06-15 11:00:00,78.4350518044965,9.434126605129073
3997,179,9,2024-06-15 12:00:00,98.09235861123226,14.003873392142998
3998,580,45,2024-06-15 13:00:00,86.09204738242582,3.852453409497294
3999,405,25,2024-06-15 14:00:00,68.06491442541677,9.638802242150941
4000,718,13,2024-06-15 15:00:00,71.8805773546521,17.693263346011584
4001,80,46,2024-06-15 16:00:00,91.20858621663564,14.744990734428455
4002,561,49,2024-06-15 17:00:00,67.387135522385,3.544696901260701
4003,905,10,2024-06-15 18:00:00,81.45518993781035,9.468772625362167
4004,937,19,2024-06-15 19:00:00,83.20029185873824,3.1644589092291513
4005,297,27,2024-06-15 20:00:00,76.95848491684976,11.76910970197619
4006,495,19,2024-06-15 21:00:00,84.57668217676803,5.479050656197013
4007,834,3,2024-06-15 22:00:00,67.09686169580283,15.76402350532538
4008,799,26,2024-06-15 23:00:00,97.26655753603625,5.126805632667419
4009,737,20,2024-06-16 00:00:00,74.10291121831622,16.590406894467097
4010,176,32,2024-06-16 01:00:00,84.43582441646413,6.841639579161188
4011,191,29,2024-06-16 02:00:00,88.043079838976,4.944637884484422
4012,822,36,2024-06-16 03:00:00,82.7812632468823,2.0444427467521074
4013,946,1,2024-06-16 04:00:00,68.67235426734668,16.408971314161736
4014,613,20,2024-06-16 05:00:00,82.52977491436621,16.8714524692151
4015,383,29,2024-06-16 06:00:00,69.9344178416017,9.834622990305323
4016,333,10,2024-06-16 07:00:00,60.41977976936914,16.91816128740812
4017,665,33,2024-06-16 08:00:00,63.57820176802611,14.758582176865545
4018,194,43,2024-06-16 09:00:00,69.28761891417462,17.050157023706795
4019,866,12,2024-06-16 10:00:00,98.81708055219549,11.380925453537735
4020,95,22,2024-06-16 11:00:00,89.66767879159455,11.304753481381464
4021,808,15,2024-06-16 12:00:00,60.42127684767244,2.531155477232378
4022,810,32,2024-06-16 13:00:00,90.0230153574272,7.6097086721947775
4023,693,46,2024-06-16 14:00:00,91.02884715892273,16.92681995213135
4024,301,14,2024-06-16 15:00:00,76.71432777991416,11.635669114561844
4025,348,31,2024-06-16 16:00:00,78.23736731393024,14.572303265316506
4026,319,26,2024-06-16 17:00:00,95.14161473686059,16.313079964353523
4027,349,34,2024-06-16 18:00:00,77.08148481255007,7.7957242948578
4028,383,31,2024-06-16 19:00:00,73.42821720548508,12.185715425986203
4029,494,10,2024-06-16 20:00:00,63.00739239477783,15.739245472905935
4030,670,8,2024-06-16 21:00:00,99.6884692413136,13.231579741232627
4031,635,15,2024-06-16 22:00:00,68.09237765103103,16.038996751737827
4032,673,24,2024-06-16 23:00:00,97.50980654692248,8.305388521789139
4033,61,45,2024-06-17 00:00:00,78.53523977722276,3.977184535915325
4034,722,43,2024-06-17 01:00:00,79.36874370733968,10.923285966977067
4035,329,1,2024-06-17 02:00:00,98.13335782889752,13.002798611693871
4036,430,27,2024-06-17 03:00:00,89.6888518647361,3.25074606135494
4037,957,37,2024-06-17 04:00:00,78.70654994441219,19.188479647128325
4038,694,3,2024-06-17 05:00:00,68.48972202802166,18.546958106444084
4039,36,19,2024-06-17 06:00:00,60.711994966798684,10.522011201717374
4040,371,29,2024-06-17 07:00:00,92.7984982219417,10.072205371615778
4041,807,48,2024-06-17 08:00:00,60.04018411066919,10.676800071194975
4042,227,10,2024-06-17 09:00:00,78.56733576310577,6.7747719609380175
4043,92,3,2024-06-17 10:00:00,89.08628562089783,4.6639044009046025
4044,925,21,2024-06-17 11:00:00,89.44136831337423,7.443292455907578
4045,201,17,2024-06-17 12:00:00,63.35472466758927,13.517017978231417
4046,781,10,2024-06-17 13:00:00,67.74678888893891,10.759822578464407
4047,141,42,2024-06-17 14:00:00,62.9355917124412,13.548078730417577
4048,422,35,2024-06-17 15:00:00,80.14241288945188,12.8196328978775
4049,419,36,2024-06-17 16:00:00,62.632649970365065,11.771466142256168
4050,180,35,2024-06-17 17:00:00,82.29686563089487,16.46663951677605
4051,795,28,2024-06-17 18:00:00,60.04148378777596,3.8464693711892606
4052,991,34,2024-06-17 19:00:00,64.37784916505704,7.7457732558133365
4053,704,12,2024-06-17 20:00:00,98.99869732114901,16.45570093770944
4054,58,47,2024-06-17 21:00:00,93.69429328185808,19.86278542505139
4055,187,49,2024-06-17 22:00:00,88.03288910884625,8.774507554590329
4056,247,28,2024-06-17 23:00:00,85.22482479467229,10.97240758242674
4057,333,1,2024-06-18 00:00:00,86.01887665587716,16.933818236137775
4058,724,28,2024-06-18 01:00:00,68.94006199038795,19.823995908497228
4059,934,26,2024-06-18 02:00:00,71.02177941662006,8.804521473631077
4060,796,47,2024-06-18 03:00:00,90.27527608233851,8.46204171811089
4061,105,42,2024-06-18 04:00:00,91.45750183225825,15.646543013901965
4062,615,17,2024-06-18 05:00:00,75.44948450768074,19.352384546870955
4063,954,30,2024-06-18 06:00:00,91.31027873664837,9.704367985159152
4064,938,50,2024-06-18 07:00:00,69.40802872349568,5.806441323279511
4065,808,15,2024-06-18 08:00:00,69.65810477419109,6.651789981565997
4066,202,16,2024-06-18 09:00:00,85.40876333929197,14.556857403932005
4067,229,3,2024-06-18 10:00:00,80.20695052048637,7.232441200267114
4068,961,45,2024-06-18 11:00:00,80.33868158645109,19.200716753157632
4069,706,44,2024-06-18 12:00:00,68.8643361455503,8.042553396819327
4070,321,21,2024-06-18 13:00:00,91.88836143470022,12.467502683276582
4071,888,6,2024-06-18 14:00:00,93.41742492722874,12.627895566573889
4072,155,39,2024-06-18 15:00:00,97.83486137976251,5.784861015633826
4073,738,9,2024-06-18 16:00:00,92.04751999785927,17.50732834747852
4074,719,27,2024-06-18 17:00:00,84.6394458857677,10.56225330520583
4075,635,36,2024-06-18 18:00:00,91.1160742023368,3.7535343949507745
4076,217,16,2024-06-18 19:00:00,60.421906467990524,3.376836974088266
4077,52,49,2024-06-18 20:00:00,63.24676235144504,10.689745055178511
4078,420,3,2024-06-18 21:00:00,86.9345114399774,5.064305752432947
4079,740,8,2024-06-18 22:00:00,80.94633086423967,6.341952358980609
4080,350,13,2024-06-18 23:00:00,92.9511100591302,11.636939828496418
4081,515,24,2024-06-19 00:00:00,92.66883149633094,9.608105072453014
4082,309,37,2024-06-19 01:00:00,67.05130282193285,10.024705860416052
4083,708,34,2024-06-19 02:00:00,90.79661225242704,11.256741531104534
4084,430,8,2024-06-19 03:00:00,93.02935322601729,19.736421962105293
4085,709,15,2024-06-19 04:00:00,85.1754509012196,18.886651389308728
4086,932,8,2024-06-19 05:00:00,63.513462798791835,14.224738068812522
4087,843,4,2024-06-19 06:00:00,96.6480177487324,11.025199000640532
4088,984,8,2024-06-19 07:00:00,86.78040955985296,10.778066042097436
4089,707,24,2024-06-19 08:00:00,83.34711502592108,13.453608394115486
4090,418,14,2024-06-19 09:00:00,62.83072107076521,18.092950709274557
4091,240,26,2024-06-19 10:00:00,77.79683175795188,2.0725282145441883
4092,583,48,2024-06-19 11:00:00,79.1224281334121,10.57412971873653
4093,459,1,2024-06-19 12:00:00,73.94540433891665,17.84243389238148
4094,243,12,2024-06-19 13:00:00,72.04980240904086,13.866265286264344
4095,562,1,2024-06-19 14:00:00,90.76075573951923,4.082439734877854
4096,524,35,2024-06-19 15:00:00,62.02680468301834,17.793807839774445
4097,792,46,2024-06-19 16:00:00,92.61016748390388,9.75326443332155
4098,379,35,2024-06-19 17:00:00,96.81631641312717,18.618688560549227
4099,531,7,2024-06-19 18:00:00,92.33897838390254,9.464678523272617
4100,8,5,2024-06-19 19:00:00,68.9712971778965,6.785625248220321
4101,69,9,2024-06-19 20:00:00,77.38227256612191,7.6952014333065515
4102,897,17,2024-06-19 21:00:00,80.06066352195606,14.65720123022706
4103,571,49,2024-06-19 22:00:00,93.21706371528921,4.6811155976671985
4104,287,38,2024-06-19 23:00:00,82.73515929274583,3.222139751224241
4105,705,21,2024-06-20 00:00:00,80.3437886906685,9.618243492520143
4106,404,18,2024-06-20 01:00:00,74.20769051698612,5.783566230298096
4107,632,8,2024-06-20 02:00:00,74.44325489118299,5.184725612795816
4108,218,14,2024-06-20 03:00:00,85.35984369402932,8.14299723295763
4109,788,2,2024-06-20 04:00:00,83.03249295667617,15.572824209754867
4110,181,24,2024-06-20 05:00:00,99.07124720987142,5.586458679589236
4111,691,1,2024-06-20 06:00:00,94.84712761698071,17.88721299647974
4112,800,20,2024-06-20 07:00:00,88.9285992442214,2.5564301448505637
4113,956,50,2024-06-20 08:00:00,66.75426251126281,13.669971728719577
4114,814,49,2024-06-20 09:00:00,86.50890992115018,19.203505615519944
4115,890,25,2024-06-20 10:00:00,81.45440932398103,11.966627572430758
4116,345,26,2024-06-20 11:00:00,80.71202397608707,3.8921293536058674
4117,687,38,2024-06-20 12:00:00,63.08474342575269,5.8973905082390115
4118,112,1,2024-06-20 13:00:00,98.25612815035814,6.6424712878171075
4119,606,35,2024-06-20 14:00:00,86.78781514318788,16.770617652191273
4120,188,47,2024-06-20 15:00:00,97.51873854185573,13.942154776281182
4121,216,49,2024-06-20 16:00:00,85.20950842835265,7.248721482389354
4122,829,32,2024-06-20 17:00:00,94.3260134093415,6.0826731078110745
4123,19,25,2024-06-20 18:00:00,79.91713378627799,5.375483803725814
4124,723,26,2024-06-20 19:00:00,84.84426236217813,18.77358411286203
4125,342,17,2024-06-20 20:00:00,84.60590975159775,16.84246410067624
4126,855,6,2024-06-20 21:00:00,93.64334268349742,8.138477923580869
4127,405,5,2024-06-20 22:00:00,64.1715751148852,10.835018185514256
4128,879,1,2024-06-20 23:00:00,94.82127363206402,18.1994510267947
4129,173,38,2024-06-21 00:00:00,65.93798848764503,15.503743065969257
4130,800,19,2024-06-21 01:00:00,63.40774302606492,19.19183633080757
4131,94,10,2024-06-21 02:00:00,99.01037029660235,15.513658231406746
4132,785,24,2024-06-21 03:00:00,84.24254088043038,3.9337691304317293
4133,678,40,2024-06-21 04:00:00,95.66083486595879,3.9246232184856886
4134,59,29,2024-06-21 05:00:00,74.72783169727792,18.96833933251379
4135,873,11,2024-06-21 06:00:00,78.01649275888903,7.505381691967124
4136,385,23,2024-06-21 07:00:00,62.962775824773686,8.753049921235329
4137,918,20,2024-06-21 08:00:00,96.98134705754562,7.886101359619062
4138,404,28,2024-06-21 09:00:00,74.46184007948798,10.026874304677733
4139,346,22,2024-06-21 10:00:00,94.66962106322015,7.404256334695841
4140,106,24,2024-06-21 11:00:00,95.78599220086406,3.0579685698729655
4141,820,27,2024-06-21 12:00:00,65.34420962163357,15.440455535761354
4142,911,28,2024-06-21 13:00:00,78.00014386989815,14.623078875296258
4143,41,33,2024-06-21 14:00:00,71.6692106072124,8.196020783025197
4144,252,41,2024-06-21 15:00:00,68.36374286948893,11.329950204311192
4145,842,5,2024-06-21 16:00:00,78.65763361734498,17.969635372536047
4146,380,20,2024-06-21 17:00:00,92.90170239926866,6.851154582120717
4147,307,16,2024-06-21 18:00:00,82.02954986474666,13.87317294097216
4148,828,16,2024-06-21 19:00:00,71.20149749150234,17.076908741211426
4149,887,50,2024-06-21 20:00:00,68.5808090254224,10.283356939042047
4150,151,48,2024-06-21 21:00:00,95.5361302996861,14.300457634698974
4151,831,24,2024-06-21 22:00:00,85.00610415471962,6.376776193610019
4152,767,26,2024-06-21 23:00:00,93.34596108216192,4.088132673812658
4153,425,30,2024-06-22 00:00:00,90.06206481062912,5.104324745720422
4154,680,45,2024-06-22 01:00:00,64.85920720955826,3.860946367769345
4155,777,11,2024-06-22 02:00:00,81.17736693417987,2.5247489337348705
4156,782,35,2024-06-22 03:00:00,89.33588722828833,13.957148904216263
4157,625,11,2024-06-22 04:00:00,62.81464417046652,5.685745927901044
4158,909,1,2024-06-22 05:00:00,64.62620617751014,13.234564947050828
4159,8,16,2024-06-22 06:00:00,94.23224289679146,19.122248886782025
4160,275,5,2024-06-22 07:00:00,77.15201682504919,5.80728475378505
4161,414,4,2024-06-22 08:00:00,92.50189935529457,9.03557047642839
4162,372,42,2024-06-22 09:00:00,96.99075023805526,9.986851403428638
4163,92,44,2024-06-22 10:00:00,99.49868936451094,18.883870058043417
4164,859,3,2024-06-22 11:00:00,94.58796175437041,9.55319215687112
4165,7,7,2024-06-22 12:00:00,77.6270766230551,16.142699278743248
4166,812,44,2024-06-22 13:00:00,70.47310657878626,5.512543628119267
4167,938,49,2024-06-22 14:00:00,64.54882434279638,19.852250828664076
4168,812,34,2024-06-22 15:00:00,85.12042608210868,6.285755036652726
4169,730,28,2024-06-22 16:00:00,95.1148955186701,5.946276966734263
4170,515,37,2024-06-22 17:00:00,80.34716201669738,3.4235700192472973
4171,197,32,2024-06-22 18:00:00,84.09354445041721,4.449917225675497
4172,690,11,2024-06-22 19:00:00,82.44960875712454,6.586218588322261
4173,508,38,2024-06-22 20:00:00,86.82595781145669,6.13859163182663
4174,308,18,2024-06-22 21:00:00,67.41360871639223,18.609186974083453
4175,498,29,2024-06-22 22:00:00,88.04839804697957,3.4884480593138534
4176,980,34,2024-06-22 23:00:00,96.51805552129778,18.365404718430838
4177,989,3,2024-06-23 00:00:00,97.93642027589755,19.006909892365037
4178,621,32,2024-06-23 01:00:00,97.71311328899466,14.412209119467555
4179,339,35,2024-06-23 02:00:00,83.75327891401861,5.471169888809493
4180,537,25,2024-06-23 03:00:00,76.84331940826804,12.945659462318892
4181,461,29,2024-06-23 04:00:00,76.29556153666122,9.400575523085672
4182,207,18,2024-06-23 05:00:00,62.063316468572594,5.871382084394083
4183,511,38,2024-06-23 06:00:00,73.60127357226116,8.921534545021196
4184,408,46,2024-06-23 07:00:00,84.51420307667809,13.963834753234087
4185,122,29,2024-06-23 08:00:00,79.9057244580842,7.34588513388196
4186,716,1,2024-06-23 09:00:00,76.43011020779944,11.401336042495092
4187,889,12,2024-06-23 10:00:00,62.75382910237995,11.742742382304957
4188,690,10,2024-06-23 11:00:00,86.27065509328264,6.184504890263906
4189,825,39,2024-06-23 12:00:00,95.35848744860884,7.291092285295347
4190,689,43,2024-06-23 13:00:00,61.77483236563458,11.038076252964709
4191,969,24,2024-06-23 14:00:00,64.42119337543366,4.0184036668061465
4192,981,22,2024-06-23 15:00:00,95.74103965601657,10.07882227723889
4193,636,14,2024-06-23 16:00:00,78.71438314622704,6.279662346194742
4194,569,50,2024-06-23 17:00:00,86.17099087933252,2.468509931890334
4195,761,2,2024-06-23 18:00:00,96.30851941900741,6.85017874519734
4196,939,35,2024-06-23 19:00:00,84.56494085677711,10.997016717731054
4197,912,37,2024-06-23 20:00:00,89.74747220850128,3.1417347761608463
4198,980,48,2024-06-23 21:00:00,63.76462128802316,3.8342154714602046
4199,872,5,2024-06-23 22:00:00,81.75241945702271,19.81538199509395
4200,109,5,2024-06-23 23:00:00,69.25746703613468,9.729776877148378
4201,92,33,2024-06-24 00:00:00,69.88822824430913,17.930604391880934
4202,934,12,2024-06-24 01:00:00,69.45598408222601,3.7963668271571933
4203,717,30,2024-06-24 02:00:00,94.10094417969879,18.660992838357263
4204,998,27,2024-06-24 03:00:00,77.66065859733882,12.406198021671061
4205,448,4,2024-06-24 04:00:00,61.524835877504614,8.86349798207429
4206,585,27,2024-06-24 05:00:00,64.86266174579833,8.897360441381574
4207,316,43,2024-06-24 06:00:00,78.51153352117848,6.985815215110445
4208,669,44,2024-06-24 07:00:00,84.833477716597,7.056483842333308
4209,668,33,2024-06-24 08:00:00,60.072367744115965,8.117751273246782
4210,914,23,2024-06-24 09:00:00,66.62256522736843,10.130542793348067
4211,236,12,2024-06-24 10:00:00,64.90658043847144,13.789751652563112
4212,699,15,2024-06-24 11:00:00,76.04742744950728,4.577907265623095
4213,787,34,2024-06-24 12:00:00,72.52124180487783,5.882671108383831
4214,301,17,2024-06-24 13:00:00,87.88300398563808,12.482160778512329
4215,815,40,2024-06-24 14:00:00,99.24046877513504,3.4936268317540495
4216,727,3,2024-06-24 15:00:00,90.65166541078666,11.665142126506517
4217,853,43,2024-06-24 16:00:00,98.45454451474919,14.771980327345704
4218,801,14,2024-06-24 17:00:00,85.72773560905469,19.233593634862647
4219,88,12,2024-06-24 18:00:00,76.43694139758965,4.500500359017762
4220,389,41,2024-06-24 19:00:00,84.60353265833413,7.708298442457595
4221,868,16,2024-06-24 20:00:00,95.86596582118605,11.94386154442917
4222,958,14,2024-06-24 21:00:00,83.96659267691513,12.05843396648258
4223,736,3,2024-06-24 22:00:00,95.78282040224937,18.05087933794168
4224,852,45,2024-06-24 23:00:00,61.110623386074934,18.5397097076995
4225,482,9,2024-06-25 00:00:00,97.52339625652078,4.566151260193696
4226,209,30,2024-06-25 01:00:00,68.33679517904815,9.311376053496373
4227,843,9,2024-06-25 02:00:00,74.58025847161937,13.117110402496706
4228,182,3,2024-06-25 03:00:00,70.13237217905865,3.1232798581122534
4229,195,43,2024-06-25 04:00:00,77.56051132915401,8.217442678481046
4230,47,17,2024-06-25 05:00:00,89.21300619693001,19.81883439957032
4231,937,8,2024-06-25 06:00:00,75.64695560733183,4.156943334488375
4232,640,9,2024-06-25 07:00:00,97.50781365036542,19.57142715896803
4233,676,30,2024-06-25 08:00:00,91.70423511021575,5.878716979503336
4234,173,46,2024-06-25 09:00:00,92.23028731984445,2.449479171059207
4235,174,46,2024-06-25 10:00:00,66.46880304789751,6.172773533259945
4236,882,20,2024-06-25 11:00:00,94.65234121588338,7.0721256681564695
4237,127,4,2024-06-25 12:00:00,99.287357029481,18.16701741310373
4238,788,26,2024-06-25 13:00:00,76.83443639714093,15.852939214608345
4239,308,4,2024-06-25 14:00:00,64.41900909063752,11.139798724923098
4240,493,28,2024-06-25 15:00:00,63.14651216829617,11.007383921689977
4241,65,44,2024-06-25 16:00:00,81.56826224098565,16.725036607042775
4242,333,9,2024-06-25 17:00:00,82.49850623521195,8.215591600348215
4243,332,28,2024-06-25 18:00:00,88.41325363618773,8.370940635163379
4244,104,29,2024-06-25 19:00:00,92.59938845685427,18.56945790831784
4245,196,22,2024-06-25 20:00:00,91.20882664788807,12.719747001886065
4246,76,7,2024-06-25 21:00:00,71.7417092461234,19.040562150672244
4247,989,40,2024-06-25 22:00:00,63.43892103038479,7.736727144361603
4248,876,3,2024-06-25 23:00:00,87.13676557862036,18.996345462259324
4249,436,44,2024-06-26 00:00:00,77.42793868624119,5.566347616626342
4250,16,43,2024-06-26 01:00:00,61.86247038396007,14.980046136154176
4251,480,26,2024-06-26 02:00:00,87.66209274087696,10.095341952027683
4252,176,18,2024-06-26 03:00:00,61.95721036811534,13.226242911101044
4253,151,48,2024-06-26 04:00:00,84.38464451232468,19.463905290603556
4254,770,22,2024-06-26 05:00:00,67.29865958188248,10.371441073159541
4255,326,42,2024-06-26 06:00:00,71.8520298122723,19.39473012509994
4256,918,49,2024-06-26 07:00:00,69.73599130620192,12.57119975419965
4257,862,39,2024-06-26 08:00:00,64.3594334625041,18.335518285827106
4258,191,35,2024-06-26 09:00:00,81.60709982382983,5.83983090712861
4259,503,30,2024-06-26 10:00:00,93.87201074143066,13.358707811133932
4260,114,40,2024-06-26 11:00:00,96.08812680173187,12.422038691393098
4261,924,20,2024-06-26 12:00:00,64.81932638750249,18.55351759089482
4262,535,10,2024-06-26 13:00:00,91.07756673218384,13.575508593587426
4263,514,47,2024-06-26 14:00:00,77.07175563364038,7.623551001824816
4264,930,22,2024-06-26 15:00:00,86.82661127048425,14.811039953290285
4265,977,17,2024-06-26 16:00:00,88.4092714029474,10.946700616693912
4266,729,8,2024-06-26 17:00:00,83.96234527145263,3.4566193931990368
4267,523,40,2024-06-26 18:00:00,92.34947448507353,19.64575054963177
4268,793,47,2024-06-26 19:00:00,80.74695763241493,14.07154226086424
4269,949,3,2024-06-26 20:00:00,82.07433731741077,17.37316563954247
4270,703,49,2024-06-26 21:00:00,83.00008390820236,2.6237540419652623
4271,487,14,2024-06-26 22:00:00,87.06134322045855,15.145400246750418
4272,318,16,2024-06-26 23:00:00,67.2816563028205,7.30951068692283
4273,250,25,2024-06-27 00:00:00,92.3047463520358,3.493115831380484
4274,167,20,2024-06-27 01:00:00,69.37827053958608,16.6209230203882
4275,915,10,2024-06-27 02:00:00,75.93289379588238,5.179358384345649
4276,514,19,2024-06-27 03:00:00,94.78930214254902,3.9912405789113263
4277,683,41,2024-06-27 04:00:00,69.86386523959109,14.757288621120523
4278,543,1,2024-06-27 05:00:00,96.48063681572444,16.785606380944884
4279,193,29,2024-06-27 06:00:00,99.21453379885085,15.17341169583875
4280,443,15,2024-06-27 07:00:00,65.35396498323055,16.247605667807882
4281,424,48,2024-06-27 08:00:00,71.66843565293533,4.604214192243013
4282,960,44,2024-06-27 09:00:00,97.14357115798595,14.411833232362714
4283,882,40,2024-06-27 10:00:00,63.16722307346113,11.684301881798966
4284,907,42,2024-06-27 11:00:00,94.5815076697459,17.31356392741705
4285,90,6,2024-06-27 12:00:00,96.93563396574771,6.095496202855269
4286,781,26,2024-06-27 13:00:00,79.95812830352993,16.04563767124086
4287,221,9,2024-06-27 14:00:00,65.10356213879393,12.440632803180751
4288,880,5,2024-06-27 15:00:00,62.97824391611105,14.071577320129645
4289,447,19,2024-06-27 16:00:00,92.79637113187317,5.027798279338381
4290,408,16,2024-06-27 17:00:00,95.41301177414807,17.253710176051094
4291,894,9,2024-06-27 18:00:00,77.99621126780656,7.673225126320558
4292,111,27,2024-06-27 19:00:00,70.20343207408419,5.740624825871062
4293,434,34,2024-06-27 20:00:00,91.69773234074295,15.670414937895227
4294,871,40,2024-06-27 21:00:00,67.9574246061526,14.637852423392285
4295,653,26,2024-06-27 22:00:00,97.49162294664205,6.774940693578357
4296,979,35,2024-06-27 23:00:00,65.24228678629534,5.351340583841652
4297,30,45,2024-06-28 00:00:00,99.72685091208052,15.537307891703987
4298,251,42,2024-06-28 01:00:00,78.86922895196601,8.051074550587908
4299,496,16,2024-06-28 02:00:00,77.66612368038648,13.57157751795506
4300,694,8,2024-06-28 03:00:00,71.32257020659695,2.811125119920284
4301,255,33,2024-06-28 04:00:00,70.53356522963176,13.137432567283035
4302,247,47,2024-06-28 05:00:00,65.67452777489265,5.204280104794082
4303,102,39,2024-06-28 06:00:00,80.87118337965897,18.288406700267917
4304,293,15,2024-06-28 07:00:00,74.6007239507177,6.036823628569338
4305,409,9,2024-06-28 08:00:00,72.72355664388787,11.288596418713553
4306,675,18,2024-06-28 09:00:00,81.80276412877365,15.164351421153276
4307,686,1,2024-06-28 10:00:00,72.46600482808206,12.213928630261957
4308,951,26,2024-06-28 11:00:00,75.05322002919493,17.717744225241756
4309,594,3,2024-06-28 12:00:00,98.87481329588482,10.424684538599985
4310,273,31,2024-06-28 13:00:00,94.70188884287205,14.67180633784502
4311,831,50,2024-06-28 14:00:00,97.44836777520302,7.4052660517510915
4312,619,40,2024-06-28 15:00:00,86.9446448791499,19.416345974719942
4313,621,47,2024-06-28 16:00:00,95.92685828999069,9.65784837120303
4314,142,25,2024-06-28 17:00:00,64.94282879081423,4.265628200820349
4315,527,49,2024-06-28 18:00:00,80.66979440137352,6.05161151997474
4316,461,15,2024-06-28 19:00:00,65.10807167191153,19.97996639026176
4317,132,4,2024-06-28 20:00:00,81.19264532035326,17.683238949015433
4318,899,35,2024-06-28 21:00:00,77.87283478579438,17.009211003204513
4319,429,41,2024-06-28 22:00:00,61.71422520246271,10.07643251081015
4320,148,13,2024-06-28 23:00:00,84.99778698345284,16.810152380768002
4321,115,33,2024-06-29 00:00:00,81.53759646027446,3.416507758666187
4322,266,22,2024-06-29 01:00:00,87.62699687593071,2.5736737858066534
4323,665,17,2024-06-29 02:00:00,70.2210157555917,13.219486429036172
4324,644,27,2024-06-29 03:00:00,81.37849406801107,5.621940250292662
4325,852,20,2024-06-29 04:00:00,91.89992558985661,4.223469735383439
4326,87,47,2024-06-29 05:00:00,69.97241450212546,11.989859874435894
4327,388,27,2024-06-29 06:00:00,60.95654062107063,13.699953839975954
4328,521,3,2024-06-29 07:00:00,94.91000502387706,2.1363870319664553
4329,185,47,2024-06-29 08:00:00,71.92718325288541,17.23050424620113
4330,617,8,2024-06-29 09:00:00,60.43876365641006,5.072601341623821
4331,944,15,2024-06-29 10:00:00,60.19669703810992,13.868396892156852
4332,742,3,2024-06-29 11:00:00,73.33238317846467,6.356713999118135
4333,29,29,2024-06-29 12:00:00,97.65987346676769,4.649833329734216
4334,314,29,2024-06-29 13:00:00,68.20267817179158,6.745152719124501
4335,89,33,2024-06-29 14:00:00,89.13224455496274,7.587776170485866
4336,803,33,2024-06-29 15:00:00,74.9232844904642,17.36514707625937
4337,398,41,2024-06-29 16:00:00,81.11543442356265,18.172711060267044
4338,802,6,2024-06-29 17:00:00,88.07994353440284,15.144465898739465
4339,430,30,2024-06-29 18:00:00,67.96573679830028,14.625359657127955
4340,877,9,2024-06-29 19:00:00,92.34414701005144,19.743102597184752
4341,396,15,2024-06-29 20:00:00,87.14181633862277,6.424791803448901
4342,960,1,2024-06-29 21:00:00,98.04470210522487,9.576050338748187
4343,944,6,2024-06-29 22:00:00,99.27024366820751,14.79820049250441
4344,474,26,2024-06-29 23:00:00,80.32022982551148,5.121850807312771
4345,975,2,2024-06-30 00:00:00,60.03302058643116,2.9387068736552138
4346,706,41,2024-06-30 01:00:00,68.36738993145332,9.507445926698606
4347,135,45,2024-06-30 02:00:00,95.77101840899066,15.977618610002057
4348,346,26,2024-06-30 03:00:00,79.45864169276666,10.102009508397169
4349,767,9,2024-06-30 04:00:00,87.2721441306457,2.2765264165275605
4350,917,48,2024-06-30 05:00:00,71.63957072079737,19.605886621488555
4351,964,42,2024-06-30 06:00:00,78.98446961194736,2.354015355595896
4352,188,6,2024-06-30 07:00:00,78.52031553431968,9.647343834822223
4353,125,38,2024-06-30 08:00:00,72.20409180976489,10.59606827911469
4354,28,31,2024-06-30 09:00:00,77.62133169313086,14.517508886630791
4355,189,38,2024-06-30 10:00:00,75.41210711477298,14.692591728759092
4356,292,49,2024-06-30 11:00:00,98.26976868065053,5.521674366271368
4357,767,41,2024-06-30 12:00:00,94.77330027561123,13.61053344758287
4358,858,39,2024-06-30 13:00:00,72.61004315525201,16.10347905377303
4359,413,14,2024-06-30 14:00:00,84.00871305591758,5.297495651366693
4360,278,7,2024-06-30 15:00:00,65.83048121756916,19.045517296314763
4361,847,35,2024-06-30 16:00:00,96.08282559959068,14.571034574342816
4362,278,16,2024-06-30 17:00:00,78.74023427359,19.83404929162166
4363,552,19,2024-06-30 18:00:00,87.46682247300583,6.9315542139883455
4364,102,21,2024-06-30 19:00:00,60.432332617382315,4.336890255319537
4365,341,38,2024-06-30 20:00:00,88.7493472574699,8.541210132956937
4366,287,48,2024-06-30 21:00:00,93.94935920802314,12.571694820976955
4367,391,20,2024-06-30 22:00:00,66.25054592011024,9.140561624615042
4368,493,28,2024-06-30 23:00:00,70.21049538030576,17.784192750497574
4369,835,28,2024-07-01 00:00:00,82.20248551486142,13.794314005177412
4370,864,28,2024-07-01 01:00:00,65.22767905992819,3.6158002278304027
4371,68,3,2024-07-01 02:00:00,66.16715651090178,3.6403473383528864
4372,182,49,2024-07-01 03:00:00,66.5414601211756,14.218552160876852
4373,540,34,2024-07-01 04:00:00,61.933088862454106,14.461482285596382
4374,713,6,2024-07-01 05:00:00,80.92592756340906,19.070045522804243
4375,454,22,2024-07-01 06:00:00,60.708395071236424,17.202878704155268
4376,516,8,2024-07-01 07:00:00,97.57492379807383,5.941620697491746
4377,253,4,2024-07-01 08:00:00,64.49461897170742,19.229722797101218
4378,1000,4,2024-07-01 09:00:00,80.07343335124001,11.135379641090058
4379,941,24,2024-07-01 10:00:00,97.32413759987972,10.868379055578107
4380,926,15,2024-07-01 11:00:00,87.02298865373434,2.0177806014764395
4381,533,49,2024-07-01 12:00:00,97.78920595941445,19.840773902602315
4382,309,39,2024-07-01 13:00:00,74.60762823909101,14.443521546392383
4383,488,44,2024-07-01 14:00:00,94.78359800729183,17.358317451929526
4384,110,19,2024-07-01 15:00:00,74.50186821841567,2.1401328604923116
4385,489,27,2024-07-01 16:00:00,87.88971520372948,10.541153871515924
4386,124,15,2024-07-01 17:00:00,78.94075258526952,3.1360339741335905
4387,116,38,2024-07-01 18:00:00,92.35687123078242,6.5782319083273855
4388,304,10,2024-07-01 19:00:00,97.88412687239205,3.758706851092572
4389,648,28,2024-07-01 20:00:00,60.16146431336694,4.519067538636585
4390,864,19,2024-07-01 21:00:00,79.46381982497748,6.908934774952099
4391,782,3,2024-07-01 22:00:00,60.53934160959267,10.377513225666954
4392,72,39,2024-07-01 23:00:00,62.91658675534565,7.846344334600196
4393,675,31,2024-07-02 00:00:00,87.74805491677947,16.802211322908956
4394,84,46,2024-07-02 01:00:00,95.02126621865023,11.095306620207003
4395,770,2,2024-07-02 02:00:00,69.56230716499087,13.224804174924767
4396,581,20,2024-07-02 03:00:00,79.46125218620206,5.665047297633519
4397,60,36,2024-07-02 04:00:00,65.89031064219532,6.354029579893969
4398,208,6,2024-07-02 05:00:00,84.98803603012388,3.426108779948109
4399,816,26,2024-07-02 06:00:00,62.33893206203212,4.838986173702619
4400,6,2,2024-07-02 07:00:00,91.37821235465094,9.313200730955717
4401,251,15,2024-07-02 08:00:00,91.61365705194146,17.145641920722532
4402,588,1,2024-07-02 09:00:00,94.85029155859272,16.69797543354276
4403,918,31,2024-07-02 10:00:00,90.56586068507835,9.765564614312057
4404,654,45,2024-07-02 11:00:00,90.04176076786749,7.784013569042516
4405,396,3,2024-07-02 12:00:00,85.21479941970281,4.980044848565774
4406,66,1,2024-07-02 13:00:00,86.65596632738941,14.967725858137017
4407,500,33,2024-07-02 14:00:00,69.58063353746743,7.371903885914489
4408,466,31,2024-07-02 15:00:00,69.54943146475193,6.674835876006046
4409,666,43,2024-07-02 16:00:00,65.14102351632536,4.930436561261052
4410,286,16,2024-07-02 17:00:00,75.47649008481625,6.611769857917425
4411,655,49,2024-07-02 18:00:00,73.9803241475232,3.990915110343162
4412,357,16,2024-07-02 19:00:00,66.85996503688617,4.0799782003303555
4413,138,21,2024-07-02 20:00:00,82.54779814397222,17.833933623414595
4414,187,44,2024-07-02 21:00:00,78.34282007804974,9.700413292882129
4415,208,33,2024-07-02 22:00:00,65.36964456721928,5.815292177295746
4416,494,30,2024-07-02 23:00:00,76.27943019699828,12.950817607285776
4417,507,20,2024-07-03 00:00:00,97.09496133002449,17.19352438286075
4418,610,3,2024-07-03 01:00:00,79.3396885319853,19.00044769482039
4419,537,18,2024-07-03 02:00:00,72.50781879106776,19.904750979369204
4420,202,9,2024-07-03 03:00:00,92.75028785013107,19.25613518096645
4421,689,36,2024-07-03 04:00:00,80.72047128145988,16.682463478640603
4422,396,45,2024-07-03 05:00:00,86.93293848856693,11.522831323424349
4423,726,30,2024-07-03 06:00:00,62.22821965790294,13.086822287131705
4424,105,24,2024-07-03 07:00:00,85.553892391167,14.626796273015959
4425,627,36,2024-07-03 08:00:00,67.03379926224531,18.050572493555165
4426,923,38,2024-07-03 09:00:00,64.98893849888914,15.754907296904134
4427,682,46,2024-07-03 10:00:00,86.2123867458036,15.034344825097286
4428,841,22,2024-07-03 11:00:00,62.80075936016628,13.348861870776945
4429,930,43,2024-07-03 12:00:00,76.72077742946672,15.582560552881189
4430,514,41,2024-07-03 13:00:00,95.64806576516115,13.189315317122919
4431,362,15,2024-07-03 14:00:00,85.84949881360927,2.7390032611222255
4432,191,28,2024-07-03 15:00:00,75.65640988847119,15.62534812370991
4433,690,36,2024-07-03 16:00:00,64.90499335907725,5.7433827674338795
4434,611,47,2024-07-03 17:00:00,93.06462303223262,2.962887726237371
4435,692,37,2024-07-03 18:00:00,81.60131133852228,2.598643620519379
4436,222,7,2024-07-03 19:00:00,72.97479220310214,10.322987322396447
4437,131,8,2024-07-03 20:00:00,88.44322674150283,5.917182596350045
4438,182,3,2024-07-03 21:00:00,94.36194143135143,15.740899329754669
4439,454,15,2024-07-03 22:00:00,65.47402684511785,8.576598218005627
4440,619,49,2024-07-03 23:00:00,94.00672087519483,4.751756396642298
4441,651,43,2024-07-04 00:00:00,93.52173834780368,14.52566508402388
4442,501,29,2024-07-04 01:00:00,83.31148671043778,3.931409364326777
4443,18,22,2024-07-04 02:00:00,98.83738653963357,12.512330273335358
4444,74,49,2024-07-04 03:00:00,95.67805586078359,11.778922331490769
4445,733,24,2024-07-04 04:00:00,90.13980592317044,15.623184898903947
4446,148,3,2024-07-04 05:00:00,71.38341476761184,12.78798628318031
4447,7,45,2024-07-04 06:00:00,99.78364473758336,5.782637751687794
4448,984,8,2024-07-04 07:00:00,95.66296635211816,11.109188799541297
4449,59,33,2024-07-04 08:00:00,63.831081293834714,12.800474436832278
4450,569,30,2024-07-04 09:00:00,86.81266726185714,11.592145397686739
4451,882,50,2024-07-04 10:00:00,88.30495817042966,12.557605026361
4452,281,27,2024-07-04 11:00:00,72.99041340389773,12.951330930787263
4453,11,44,2024-07-04 12:00:00,86.97059533735062,4.212054714936926
4454,144,37,2024-07-04 13:00:00,77.92454830967026,12.528058486675958
4455,576,26,2024-07-04 14:00:00,70.69768087385292,2.393321870564356
4456,807,5,2024-07-04 15:00:00,87.90032206669127,10.459136476859547
4457,311,28,2024-07-04 16:00:00,96.14536389581461,13.482968426747414
4458,257,10,2024-07-04 17:00:00,62.46090005029614,13.620387957242531
4459,970,21,2024-07-04 18:00:00,73.03520015926188,8.280875934318043
4460,43,46,2024-07-04 19:00:00,93.48360755987912,4.74400964404853
4461,522,41,2024-07-04 20:00:00,70.71715958800092,15.79842712171036
4462,651,32,2024-07-04 21:00:00,95.79546376145004,17.141482056732446
4463,264,17,2024-07-04 22:00:00,79.64443733271426,15.097050934982418
4464,795,12,2024-07-04 23:00:00,68.59410197964877,18.301436256580423
4465,748,1,2024-07-05 00:00:00,80.07531480856788,19.593107543807744
4466,384,34,2024-07-05 01:00:00,74.01401312858732,18.489654540213923
4467,659,9,2024-07-05 02:00:00,67.21145688776713,13.469149772809114
4468,416,38,2024-07-05 03:00:00,63.60301589319205,5.217984587866679
4469,948,23,2024-07-05 04:00:00,81.3498609965831,12.873666713748557
4470,971,1,2024-07-05 05:00:00,95.95271477325585,6.572740012161755
4471,794,24,2024-07-05 06:00:00,69.91846088692728,13.597962561466836
4472,637,35,2024-07-05 07:00:00,99.94849669699616,8.430250196993768
4473,379,8,2024-07-05 08:00:00,60.302503357454476,17.42927987736884
4474,356,45,2024-07-05 09:00:00,60.571211939548434,4.318249847752659
4475,226,44,2024-07-05 10:00:00,80.55219288080974,6.748689856642368
4476,19,4,2024-07-05 11:00:00,95.58877548529794,16.582553389505073
4477,837,38,2024-07-05 12:00:00,67.91257466991166,6.3947670568303625
4478,80,18,2024-07-05 13:00:00,76.59470009799993,11.589504056433679
4479,511,39,2024-07-05 14:00:00,85.77631390525713,2.3916623990211696
4480,963,22,2024-07-05 15:00:00,66.52340373573772,6.069777657118047
4481,117,21,2024-07-05 16:00:00,65.6988034470471,15.300271603260077
4482,344,48,2024-07-05 17:00:00,65.84889712704778,10.43309126800518
4483,607,10,2024-07-05 18:00:00,76.80065765871419,4.125906079616651
4484,936,29,2024-07-05 19:00:00,60.746485641251205,13.696500077017724
4485,762,17,2024-07-05 20:00:00,83.64895363973193,4.674993967726939
4486,451,11,2024-07-05 21:00:00,90.16993261617674,2.0800674897347795
4487,565,16,2024-07-05 22:00:00,66.30894737329245,2.270068443186015
4488,23,39,2024-07-05 23:00:00,66.45202940903609,8.576740566840783
4489,771,49,2024-07-06 00:00:00,60.47699955644712,3.409272229990812
4490,91,12,2024-07-06 01:00:00,87.63847586670651,4.344476537525984
4491,247,47,2024-07-06 02:00:00,76.25341168942865,13.785146762506997
4492,861,15,2024-07-06 03:00:00,89.58431192673297,16.506867949237137
4493,861,16,2024-07-06 04:00:00,82.68912770869866,17.41166682254662
4494,840,30,2024-07-06 05:00:00,60.41736491609659,12.282990317761364
4495,906,10,2024-07-06 06:00:00,90.77317247496758,12.32976152709424
4496,503,1,2024-07-06 07:00:00,83.93159807990887,15.30102572878028
4497,405,48,2024-07-06 08:00:00,73.59272735736832,8.89206723737544
4498,239,41,2024-07-06 09:00:00,82.45708631752717,15.827924045928203
4499,846,1,2024-07-06 10:00:00,99.26643642749276,18.6483247592501
4500,665,44,2024-07-06 11:00:00,96.97367476120255,17.92560135213779
4501,961,34,2024-07-06 12:00:00,62.015066206739164,17.75853789867181
4502,638,18,2024-07-06 13:00:00,69.85998021837906,11.073719972597422
4503,582,47,2024-07-06 14:00:00,71.87696860483388,7.429897594533295
4504,998,45,2024-07-06 15:00:00,91.77372999758755,16.40418164154356
4505,503,28,2024-07-06 16:00:00,98.66555847548148,14.318535486795854
4506,263,22,2024-07-06 17:00:00,92.23603505575105,7.412775894954377
4507,848,41,2024-07-06 18:00:00,96.4022551184224,8.776849641731982
4508,50,2,2024-07-06 19:00:00,68.75354078185114,19.022963954995372
4509,730,4,2024-07-06 20:00:00,96.26930533920381,12.78014917261278
4510,933,20,2024-07-06 21:00:00,72.4393075648937,16.316872510355104
4511,294,46,2024-07-06 22:00:00,65.56784395682674,9.848527273928598
4512,882,19,2024-07-06 23:00:00,62.36354912918817,12.27693273308459
4513,57,33,2024-07-07 00:00:00,68.46983496157718,6.721647641558589
4514,150,30,2024-07-07 01:00:00,62.97083200321759,10.673706780639789
4515,392,47,2024-07-07 02:00:00,91.15190506796469,9.074189884510982
4516,808,1,2024-07-07 03:00:00,99.75126262725618,19.110497570064
4517,862,10,2024-07-07 04:00:00,77.27989437385389,13.946697192019448
4518,540,11,2024-07-07 05:00:00,73.08441358057945,14.909370647242465
4519,270,25,2024-07-07 06:00:00,90.44116633567367,19.670531911684865
4520,561,18,2024-07-07 07:00:00,80.73088905201585,9.790642374609204
4521,576,27,2024-07-07 08:00:00,81.6181175190033,10.461464382828863
4522,279,43,2024-07-07 09:00:00,99.22683873063318,3.8986486408446543
4523,582,18,2024-07-07 10:00:00,60.20752563152187,10.810669189976949
4524,451,10,2024-07-07 11:00:00,74.68637602264823,18.581096300385635
4525,961,40,2024-07-07 12:00:00,97.93394246659699,12.97469554146903
4526,754,18,2024-07-07 13:00:00,80.16800201371649,16.251133667766315
4527,989,32,2024-07-07 14:00:00,74.06705081063282,18.111553848293042
4528,145,2,2024-07-07 15:00:00,67.90281910381876,2.8237501209427904
4529,179,34,2024-07-07 16:00:00,66.79461338811254,7.428644587240129
4530,814,4,2024-07-07 17:00:00,83.0382343073626,9.709462845665325
4531,422,21,2024-07-07 18:00:00,79.42320572826183,14.717687541002004
4532,319,4,2024-07-07 19:00:00,63.542403327242454,8.830053310931948
4533,802,15,2024-07-07 20:00:00,92.36723700940246,17.53111605988692
4534,582,31,2024-07-07 21:00:00,66.17473632275234,16.370018821025397
4535,395,26,2024-07-07 22:00:00,88.42854999571856,9.078853548419264
4536,634,2,2024-07-07 23:00:00,91.3409335737926,14.359734651032978
4537,312,46,2024-07-08 00:00:00,92.94050040123304,13.190627056009422
4538,915,21,2024-07-08 01:00:00,82.38314223047377,4.5462611298887765
4539,323,48,2024-07-08 02:00:00,72.58297952044528,14.79407607480574
4540,945,30,2024-07-08 03:00:00,81.49078710089765,15.940760242155235
4541,51,7,2024-07-08 04:00:00,70.42869712513807,9.503831074932974
4542,503,36,2024-07-08 05:00:00,98.5887636291237,9.742800209965287
4543,233,38,2024-07-08 06:00:00,75.14860960518568,18.010041583878582
4544,397,36,2024-07-08 07:00:00,66.6641698753806,17.56099435223514
4545,619,36,2024-07-08 08:00:00,71.35074351791508,14.028854627244423
4546,579,43,2024-07-08 09:00:00,63.28087966566841,15.682507292581503
4547,613,46,2024-07-08 10:00:00,97.18608103833446,4.373499474365087
4548,433,50,2024-07-08 11:00:00,76.51927377046789,9.63290534474372
4549,993,46,2024-07-08 12:00:00,64.62792666525631,11.925729215939691
4550,649,14,2024-07-08 13:00:00,84.64237046634466,16.27368938958543
4551,720,21,2024-07-08 14:00:00,63.209865419847574,5.883524950273687
4552,571,34,2024-07-08 15:00:00,95.09829386994645,9.383790606069384
4553,766,43,2024-07-08 16:00:00,91.50488277149022,13.639674061115695
4554,810,45,2024-07-08 17:00:00,83.38361669590256,19.936480001265632
4555,734,19,2024-07-08 18:00:00,99.42767149761883,5.275283515912117
4556,140,4,2024-07-08 19:00:00,85.26655100214188,14.086541674691986
4557,407,2,2024-07-08 20:00:00,68.79553306175072,19.21837234897238
4558,36,15,2024-07-08 21:00:00,89.29872905412303,7.1954183672635175
4559,292,30,2024-07-08 22:00:00,64.59599363256227,4.600208694304136
4560,211,7,2024-07-08 23:00:00,99.58391100144362,14.679562612292429
4561,245,19,2024-07-09 00:00:00,79.43253654704435,2.2612339531671104
4562,584,3,2024-07-09 01:00:00,71.03217882521594,16.75862459899423
4563,179,28,2024-07-09 02:00:00,82.60698324428937,17.639708025719454
4564,982,43,2024-07-09 03:00:00,72.57908116101031,11.892547436714587
4565,116,27,2024-07-09 04:00:00,75.58808676343116,5.833272051321931
4566,867,48,2024-07-09 05:00:00,88.79342858061035,11.420780710365825
4567,849,31,2024-07-09 06:00:00,71.71603791390511,16.721806185370546
4568,973,47,2024-07-09 07:00:00,92.87177526051461,15.027686906422046
4569,576,31,2024-07-09 08:00:00,72.08719360111279,6.523477602487869
4570,184,22,2024-07-09 09:00:00,64.58615543914604,7.406345416985207
4571,287,7,2024-07-09 10:00:00,81.89603676205287,4.721179916369358
4572,71,29,2024-07-09 11:00:00,96.7021115534589,5.018554840895428
4573,973,21,2024-07-09 12:00:00,68.92991707550884,5.997799300953543
4574,391,41,2024-07-09 13:00:00,61.37997472595171,3.9930171426650225
4575,616,10,2024-07-09 14:00:00,81.75936941964771,10.503465996656175
4576,698,37,2024-07-09 15:00:00,76.88844046628725,9.525310259108043
4577,718,8,2024-07-09 16:00:00,67.45057574365208,3.813878031094646
4578,601,31,2024-07-09 17:00:00,63.298478330902235,18.49234690301965
4579,208,50,2024-07-09 18:00:00,82.15239729687602,6.302981754797068
4580,972,39,2024-07-09 19:00:00,78.35690099824473,17.70317981906956
4581,431,6,2024-07-09 20:00:00,69.27205939850533,9.507036682628726
4582,234,47,2024-07-09 21:00:00,73.12572444049061,4.9251582813494705
4583,691,47,2024-07-09 22:00:00,60.59298848526575,12.703317122174337
4584,226,25,2024-07-09 23:00:00,65.15129928403096,12.078769752058108
4585,15,2,2024-07-10 00:00:00,82.5167422928955,12.689155436919956
4586,932,48,2024-07-10 01:00:00,78.37312387305164,15.298886567233872
4587,324,50,2024-07-10 02:00:00,77.81421761506755,2.4438058905951254
4588,653,6,2024-07-10 03:00:00,66.81297961617219,6.177890381025821
4589,447,2,2024-07-10 04:00:00,70.34212055995972,18.220940830324604
4590,344,9,2024-07-10 05:00:00,88.78617519290808,11.650160766779692
4591,184,13,2024-07-10 06:00:00,69.5414117231679,2.3677308811090927
4592,487,6,2024-07-10 07:00:00,62.6393736159893,8.240862512486242
4593,757,42,2024-07-10 08:00:00,63.54245934238164,16.14389826364129
4594,385,29,2024-07-10 09:00:00,88.97113654813649,7.547787205369385
4595,150,6,2024-07-10 10:00:00,88.61872215131832,13.746438476458572
4596,897,37,2024-07-10 11:00:00,91.78955846380927,16.257622456231665
4597,674,16,2024-07-10 12:00:00,77.73995089266157,8.814638422641519
4598,334,4,2024-07-10 13:00:00,99.4558175916838,6.332162009425417
4599,646,49,2024-07-10 14:00:00,89.11794589835864,8.357364918996069
4600,353,9,2024-07-10 15:00:00,71.33018722949653,10.348611458852119
4601,606,19,2024-07-10 16:00:00,99.78759497487754,19.862747928464394
4602,790,13,2024-07-10 17:00:00,94.23780940857401,12.224484991034554
4603,45,5,2024-07-10 18:00:00,74.6468878319057,15.414997008679281
4604,393,17,2024-07-10 19:00:00,67.01762090012554,19.24076914604453
4605,54,49,2024-07-10 20:00:00,62.48417809457252,5.049086456598249
4606,897,3,2024-07-10 21:00:00,76.27669009553986,11.298542317140125
4607,285,8,2024-07-10 22:00:00,97.68573963670704,10.246129827491531
4608,319,37,2024-07-10 23:00:00,63.95511026124317,4.122985804199586
4609,9,1,2024-07-11 00:00:00,96.18136111446717,10.837599618412558
4610,855,48,2024-07-11 01:00:00,71.71293660614967,19.60977854882354
4611,891,40,2024-07-11 02:00:00,61.10191639036215,9.834988382531694
4612,981,2,2024-07-11 03:00:00,85.63904771295941,7.1802284495975535
4613,343,1,2024-07-11 04:00:00,86.90683928963217,7.685879648557911
4614,390,21,2024-07-11 05:00:00,95.99352214690794,13.236487853160112
4615,336,21,2024-07-11 06:00:00,70.66506179807828,11.212009448799815
4616,616,24,2024-07-11 07:00:00,91.80829648420129,15.938329443525104
4617,424,21,2024-07-11 08:00:00,72.65659218345267,12.501658221497431
4618,958,41,2024-07-11 09:00:00,74.91787679187969,7.137339235069306
4619,15,14,2024-07-11 10:00:00,80.6415137987679,14.324170464456842
4620,715,15,2024-07-11 11:00:00,90.4939811989216,6.389781054416513
4621,141,13,2024-07-11 12:00:00,83.60463558469229,18.597771974312916
4622,296,19,2024-07-11 13:00:00,85.73727345304599,3.8162196390195566
4623,543,34,2024-07-11 14:00:00,76.5687648122472,3.886297723031472
4624,454,37,2024-07-11 15:00:00,85.32305644485655,14.172296017542902
4625,59,27,2024-07-11 16:00:00,82.21842660845633,19.567481419413674
4626,930,39,2024-07-11 17:00:00,92.32159127786366,15.392306893022587
4627,30,48,2024-07-11 18:00:00,77.35412242754045,19.32888617599544
4628,301,19,2024-07-11 19:00:00,70.87663396438339,8.535821400780819
4629,49,7,2024-07-11 20:00:00,99.61192612690854,16.05027788911305
4630,63,19,2024-07-11 21:00:00,61.38392714660843,2.5868415703430054
4631,716,14,2024-07-11 22:00:00,87.96463960795137,15.998328227429658
4632,843,13,2024-07-11 23:00:00,77.74634399655648,8.296618484141193
4633,253,13,2024-07-12 00:00:00,64.48680198639356,15.657005277972813
4634,827,2,2024-07-12 01:00:00,83.97197146467104,14.684529272109337
4635,902,35,2024-07-12 02:00:00,91.85120883206716,3.8296133214322188
4636,370,19,2024-07-12 03:00:00,79.89211829159655,6.525606000492335
4637,767,22,2024-07-12 04:00:00,84.03589941030782,14.558132915421204
4638,699,46,2024-07-12 05:00:00,89.82426068707257,6.195020997329232
4639,759,20,2024-07-12 06:00:00,60.544678689544284,6.975056017299293
4640,266,42,2024-07-12 07:00:00,93.46446999812655,7.299136333746173
4641,322,43,2024-07-12 08:00:00,67.78886720945745,15.47577341847667
4642,935,34,2024-07-12 09:00:00,73.90415212423453,2.090701605650883
4643,161,43,2024-07-12 10:00:00,84.59623621089736,8.599267879814168
4644,235,15,2024-07-12 11:00:00,61.41479518916385,12.584446671706118
4645,694,37,2024-07-12 12:00:00,77.55039624337799,4.879944237560866
4646,968,10,2024-07-12 13:00:00,60.45541344128499,12.228844895352868
4647,500,11,2024-07-12 14:00:00,99.60691065021659,9.041421699381374
4648,941,6,2024-07-12 15:00:00,69.30665400683894,14.782370119839841
4649,418,6,2024-07-12 16:00:00,86.84094617059785,10.673272713007963
4650,975,35,2024-07-12 17:00:00,86.69636153650221,7.521488683148879
4651,635,33,2024-07-12 18:00:00,60.10420232332075,17.454682234472905
4652,671,28,2024-07-12 19:00:00,89.68847275788423,4.683603977504345
4653,950,48,2024-07-12 20:00:00,70.88828950703228,7.732965548294701
4654,972,33,2024-07-12 21:00:00,65.03452735919676,3.0491070560818114
4655,994,44,2024-07-12 22:00:00,84.36505254435683,15.705480465872709
4656,133,8,2024-07-12 23:00:00,73.32968939749098,3.8265475158442386
4657,235,29,2024-07-13 00:00:00,85.79799969485106,4.219942277201157
4658,304,24,2024-07-13 01:00:00,64.85201422814518,15.405719060930977
4659,859,16,2024-07-13 02:00:00,79.00068899683842,18.90290612408893
4660,359,16,2024-07-13 03:00:00,69.0940239196031,5.9037842536298
4661,707,2,2024-07-13 04:00:00,84.75720289253152,3.27213501356992
4662,977,19,2024-07-13 05:00:00,64.97454019981907,17.787371385995414
4663,954,11,2024-07-13 06:00:00,96.86632080029511,16.822519602536428
4664,789,14,2024-07-13 07:00:00,87.38239297724849,7.933178817670878
4665,901,32,2024-07-13 08:00:00,89.15206666238325,4.7347485254154575
4666,700,38,2024-07-13 09:00:00,71.72019858876483,18.07852847474994
4667,455,33,2024-07-13 10:00:00,76.55981992994269,14.534636563326307
4668,774,9,2024-07-13 11:00:00,86.86679816175385,15.027615969759744
4669,241,40,2024-07-13 12:00:00,83.90400269699127,11.862865307975806
4670,689,24,2024-07-13 13:00:00,99.65058522491172,5.149232131888286
4671,876,31,2024-07-13 14:00:00,78.97143498132932,9.228481059326711
4672,543,49,2024-07-13 15:00:00,96.83581277091972,10.028403289342414
4673,807,45,2024-07-13 16:00:00,92.6384967658699,13.09401168741007
4674,594,9,2024-07-13 17:00:00,64.79712055378498,15.305873861051188
4675,704,5,2024-07-13 18:00:00,81.41390264625282,9.129051677561577
4676,793,37,2024-07-13 19:00:00,85.90008033622041,6.130683686874756
4677,313,27,2024-07-13 20:00:00,61.657918455440914,8.255685380983264
4678,852,16,2024-07-13 21:00:00,79.36492511776217,3.3872194997280873
4679,99,44,2024-07-13 22:00:00,62.42338498010924,11.088706246596052
4680,907,50,2024-07-13 23:00:00,97.55513203031617,10.56880998207242
4681,125,14,2024-07-14 00:00:00,75.38012432775834,14.464656100332105
4682,303,25,2024-07-14 01:00:00,93.57400767123634,5.902536921426099
4683,632,5,2024-07-14 02:00:00,97.20466664976487,6.85881307458172
4684,308,37,2024-07-14 03:00:00,74.63506953123829,14.757673977284012
4685,787,16,2024-07-14 04:00:00,68.07900365245794,5.688110302333882
4686,819,20,2024-07-14 05:00:00,82.62682255796344,6.5687576573832125
4687,46,2,2024-07-14 06:00:00,80.11342366646204,10.527190099073698
4688,83,13,2024-07-14 07:00:00,99.72237917098155,15.475331231588417
4689,513,22,2024-07-14 08:00:00,85.07930907961503,14.284681439652388
4690,917,20,2024-07-14 09:00:00,68.76350808468911,3.201400505889691
4691,306,35,2024-07-14 10:00:00,94.17288667938598,12.016126272555528
4692,215,37,2024-07-14 11:00:00,98.9020845154217,15.296762336554462
4693,740,4,2024-07-14 12:00:00,96.26025743239855,6.328479816214031
4694,466,34,2024-07-14 13:00:00,93.45549151409838,19.8367349107082
4695,744,20,2024-07-14 14:00:00,84.41415252608547,18.547592861575527
4696,712,10,2024-07-14 15:00:00,70.50766992756914,11.791443025886378
4697,705,1,2024-07-14 16:00:00,78.17893587381175,18.580548100233884
4698,907,30,2024-07-14 17:00:00,73.46442183825239,12.002607455627283
4699,741,12,2024-07-14 18:00:00,60.09577017890019,18.061466948783053
4700,890,3,2024-07-14 19:00:00,75.10696481064285,18.560241926791704
4701,338,15,2024-07-14 20:00:00,78.72354485620492,18.253631533362515
4702,969,42,2024-07-14 21:00:00,81.2136123460519,8.941249740668628
4703,891,24,2024-07-14 22:00:00,93.69285845076541,2.2972026901532825
4704,482,27,2024-07-14 23:00:00,85.70997648540909,12.001879116718413
4705,935,47,2024-07-15 00:00:00,76.4713596662589,17.459632875048086
4706,162,47,2024-07-15 01:00:00,66.46942375297772,16.07416410277656
4707,993,1,2024-07-15 02:00:00,77.31775479948479,12.486379214898772
4708,380,46,2024-07-15 03:00:00,64.11280219485242,4.473143133197956
4709,395,34,2024-07-15 04:00:00,79.4908411088278,6.087405252299279
4710,717,14,2024-07-15 05:00:00,84.1702653291312,7.325783410324483
4711,65,29,2024-07-15 06:00:00,88.7418913858228,11.743778257797015
4712,617,21,2024-07-15 07:00:00,64.65098659923653,14.62689845570971
4713,722,27,2024-07-15 08:00:00,74.28572369585797,14.78459848407796
4714,243,22,2024-07-15 09:00:00,98.0758622478871,7.424646132575686
4715,271,11,2024-07-15 10:00:00,61.86723136842998,13.417410048697928
4716,989,37,2024-07-15 11:00:00,62.30393847215853,8.707467972558039
4717,315,19,2024-07-15 12:00:00,90.82060060696281,9.809720987896544
4718,489,19,2024-07-15 13:00:00,98.67156895405961,9.037686119308379
4719,646,7,2024-07-15 14:00:00,98.42152552473443,15.255332450159395
4720,886,12,2024-07-15 15:00:00,92.51651958296696,12.954497490135672
4721,89,50,2024-07-15 16:00:00,87.9811100828626,6.259666256019101
4722,87,9,2024-07-15 17:00:00,90.42653459275806,2.6953368245558114
4723,99,17,2024-07-15 18:00:00,69.66752387702516,14.190763859233861
4724,825,8,2024-07-15 19:00:00,86.73655978940656,19.496419467743397
4725,862,50,2024-07-15 20:00:00,84.41294654024685,5.670951277969319
4726,852,1,2024-07-15 21:00:00,75.97378528104325,15.188220718235993
4727,170,13,2024-07-15 22:00:00,91.64227505038387,18.316041091349334
4728,563,45,2024-07-15 23:00:00,91.91992143856517,4.39492433360615
4729,201,7,2024-07-16 00:00:00,83.96246860952833,13.335579141020101
4730,467,3,2024-07-16 01:00:00,83.68377365219477,9.969330199299872
4731,575,19,2024-07-16 02:00:00,93.85509834479164,15.091921642737868
4732,913,50,2024-07-16 03:00:00,83.3778203985311,8.015388169795404
4733,141,1,2024-07-16 04:00:00,62.218559213678326,4.627014536397695
4734,154,23,2024-07-16 05:00:00,60.27720761388259,9.934800482643402
4735,571,27,2024-07-16 06:00:00,89.71939151903264,9.273401789575233
4736,819,4,2024-07-16 07:00:00,78.83626356465031,4.2184561165273315
4737,931,25,2024-07-16 08:00:00,68.89379094347028,15.25437838272758
4738,59,40,2024-07-16 09:00:00,86.96886944362055,12.032841134267622
4739,896,41,2024-07-16 10:00:00,63.05679530096053,11.282199886706213
4740,853,37,2024-07-16 11:00:00,74.51592211142997,2.315133096046909
4741,585,5,2024-07-16 12:00:00,79.2669828247191,19.99019352217516
4742,503,41,2024-07-16 13:00:00,83.26860919348253,18.562552321688035
4743,511,20,2024-07-16 14:00:00,66.36717179443052,11.936971786835187
4744,995,18,2024-07-16 15:00:00,92.88742525289983,2.9161827796331945
4745,319,8,2024-07-16 16:00:00,97.51650051241617,4.887515912315543
4746,876,44,2024-07-16 17:00:00,85.88703853168724,9.959993966702548
4747,931,39,2024-07-16 18:00:00,81.0828281938821,14.378379733795002
4748,20,47,2024-07-16 19:00:00,95.12334561479445,13.008524864631681
4749,263,12,2024-07-16 20:00:00,87.38822841243874,7.5210309981803585
4750,175,34,2024-07-16 21:00:00,95.55908834597835,2.3969947933240445
4751,68,31,2024-07-16 22:00:00,85.1645360859572,16.233254034280396
4752,169,12,2024-07-16 23:00:00,65.75283756057118,12.10551868365891
4753,819,41,2024-07-17 00:00:00,65.54544619926446,11.76339769698843
4754,983,26,2024-07-17 01:00:00,81.73110198310113,6.73948745482464
4755,970,29,2024-07-17 02:00:00,94.76723661203741,5.248408992967886
4756,425,12,2024-07-17 03:00:00,66.86334178052235,12.8787921666037
4757,373,43,2024-07-17 04:00:00,83.33424970546142,8.538158576318411
4758,292,25,2024-07-17 05:00:00,82.99562102685381,11.984779844424429
4759,192,45,2024-07-17 06:00:00,75.82156631063883,16.24234342359765
4760,587,17,2024-07-17 07:00:00,70.21958086076194,19.754352705828776
4761,60,31,2024-07-17 08:00:00,60.84483986706925,8.521728854493169
4762,800,21,2024-07-17 09:00:00,71.78517296165107,17.76830506122966
4763,800,18,2024-07-17 10:00:00,79.96605670823135,10.710832614956091
4764,864,32,2024-07-17 11:00:00,66.02043605081731,11.09958724970269
4765,498,40,2024-07-17 12:00:00,99.9154807182154,12.522993199285821
4766,229,29,2024-07-17 13:00:00,87.12718479182261,15.762712927620255
4767,99,1,2024-07-17 14:00:00,74.1721552191173,17.50888041951275
4768,115,36,2024-07-17 15:00:00,82.0031205588366,17.208799701105804
4769,186,36,2024-07-17 16:00:00,94.02761638578363,8.510186956472946
4770,823,22,2024-07-17 17:00:00,75.89028968209946,7.871796268425085
4771,204,28,2024-07-17 18:00:00,82.8853163947274,11.688237744480272
4772,518,23,2024-07-17 19:00:00,61.753983931974524,17.02754318286532
4773,336,10,2024-07-17 20:00:00,79.0212689244794,12.205424613985123
4774,19,8,2024-07-17 21:00:00,80.1948472376439,8.358468779493661
4775,489,42,2024-07-17 22:00:00,65.49340309036891,7.640433935052757
4776,39,28,2024-07-17 23:00:00,82.87181764787826,12.815296148408272
4777,296,34,2024-07-18 00:00:00,72.59884300533811,7.177403299892295
4778,804,13,2024-07-18 01:00:00,75.45880878247513,17.65749879687011
4779,649,23,2024-07-18 02:00:00,76.50503925218173,7.473373520315978
4780,552,30,2024-07-18 03:00:00,65.09435838723432,11.729663574865553
4781,279,19,2024-07-18 04:00:00,94.01810565819619,2.1623697139709543
4782,805,44,2024-07-18 05:00:00,71.71157507678822,9.011238518494396
4783,814,24,2024-07-18 06:00:00,87.06455783681253,8.307474663822376
4784,367,22,2024-07-18 07:00:00,90.67746416137375,11.119643388818243
4785,920,33,2024-07-18 08:00:00,74.55002057309369,18.616210318175465
4786,285,38,2024-07-18 09:00:00,63.15382658813342,10.415274886781308
4787,184,28,2024-07-18 10:00:00,76.41971121144357,8.413144490122644
4788,852,11,2024-07-18 11:00:00,86.11082928789662,9.952359885584652
4789,812,16,2024-07-18 12:00:00,67.38421338900164,14.461033030447664
4790,713,27,2024-07-18 13:00:00,84.31225871774775,3.5387966804235473
4791,81,8,2024-07-18 14:00:00,80.03899662777363,19.066743459116672
4792,505,35,2024-07-18 15:00:00,89.73235380379654,17.49781848829591
4793,446,40,2024-07-18 16:00:00,85.3232441529058,6.716349183489029
4794,625,25,2024-07-18 17:00:00,94.21361413899015,10.949253374868206
4795,734,24,2024-07-18 18:00:00,79.60310481554889,19.748821853148414
4796,469,6,2024-07-18 19:00:00,62.59111981526686,16.22863249401599
4797,774,12,2024-07-18 20:00:00,72.94476665589589,11.354128443536466
4798,906,27,2024-07-18 21:00:00,82.2950333373092,16.09865978810626
4799,141,48,2024-07-18 22:00:00,93.40574272958659,3.008489449933734
4800,763,29,2024-07-18 23:00:00,82.10830126536557,16.25885066953586
4801,653,21,2024-07-19 00:00:00,84.11028511574568,18.98841502824689
4802,957,16,2024-07-19 01:00:00,73.98507802437476,9.646534034701503
4803,37,8,2024-07-19 02:00:00,75.42573517796156,9.100939710761455
4804,717,18,2024-07-19 03:00:00,78.14660549501939,4.188285410042024
4805,372,2,2024-07-19 04:00:00,93.47177005083893,8.59769996932643
4806,501,19,2024-07-19 05:00:00,95.4480834666683,7.204111085728561
4807,459,2,2024-07-19 06:00:00,84.76767804883771,4.875838041218111
4808,524,28,2024-07-19 07:00:00,83.94638162755237,13.72999239231032
4809,311,26,2024-07-19 08:00:00,86.53000975877853,18.829132288432014
4810,124,41,2024-07-19 09:00:00,73.93977213658772,13.584085962504902
4811,684,37,2024-07-19 10:00:00,82.75918695914785,19.119982184482023
4812,379,8,2024-07-19 11:00:00,95.82699196585422,13.579599419990082
4813,636,3,2024-07-19 12:00:00,93.12332707249845,6.587233957494654
4814,973,18,2024-07-19 13:00:00,87.71931448299293,8.679385074316752
4815,210,5,2024-07-19 14:00:00,95.3447483682005,11.982414901264923
4816,827,3,2024-07-19 15:00:00,74.86051169802998,8.181014897070487
4817,583,7,2024-07-19 16:00:00,95.46400404068706,6.671220881307361
4818,525,45,2024-07-19 17:00:00,88.15853354931639,16.59411769996565
4819,121,39,2024-07-19 18:00:00,83.59554707841598,16.995485005601758
4820,871,19,2024-07-19 19:00:00,66.47230692431194,8.558382514159884
4821,868,31,2024-07-19 20:00:00,89.69552135199646,5.733355653633479
4822,520,21,2024-07-19 21:00:00,69.58802908730215,7.651351564291801
4823,958,36,2024-07-19 22:00:00,90.26721374897132,6.651483098339866
4824,138,10,2024-07-19 23:00:00,88.95382621557314,9.011166391682284
4825,520,42,2024-07-20 00:00:00,61.93127631315183,15.399508469395737
4826,377,32,2024-07-20 01:00:00,65.76679037586193,11.850399588890026
4827,806,35,2024-07-20 02:00:00,99.19468269305239,5.840582514533556
4828,817,1,2024-07-20 03:00:00,81.45245084028014,5.126017514054958
4829,521,43,2024-07-20 04:00:00,78.09537176746761,9.492655628062787
4830,217,5,2024-07-20 05:00:00,63.2956880826859,16.86943569182941
4831,673,12,2024-07-20 06:00:00,84.1051458956598,14.80282259816531
4832,953,20,2024-07-20 07:00:00,69.09070095339254,12.656199263159037
4833,447,3,2024-07-20 08:00:00,71.47515416301911,11.778010366834833
4834,177,26,2024-07-20 09:00:00,94.18786965661917,6.894530638119794
4835,780,24,2024-07-20 10:00:00,69.46003103237481,2.059586394573036
4836,914,16,2024-07-20 11:00:00,66.3280298477859,10.407694283110057
4837,342,45,2024-07-20 12:00:00,73.04184500914776,3.4256288950448095
4838,951,20,2024-07-20 13:00:00,93.81799412527775,19.109407855951957
4839,743,9,2024-07-20 14:00:00,67.78610277020695,8.842514612200823
4840,816,20,2024-07-20 15:00:00,73.61051586703051,17.30693550758811
4841,486,34,2024-07-20 16:00:00,82.48019454751581,16.935766291981647
4842,712,2,2024-07-20 17:00:00,87.61036465525719,17.833538712198802
4843,376,13,2024-07-20 18:00:00,97.60553182268987,3.4990921421235273
4844,897,20,2024-07-20 19:00:00,89.39716427334656,12.820535183191758
4845,841,26,2024-07-20 20:00:00,98.9837589700393,10.70647231753428
4846,900,39,2024-07-20 21:00:00,97.6812596783194,16.350592507929168
4847,404,16,2024-07-20 22:00:00,64.05705175439991,4.682290174889799
4848,895,36,2024-07-20 23:00:00,95.08307613724443,19.683179714887167
4849,508,15,2024-07-21 00:00:00,80.60829622633132,16.07526641667281
4850,639,41,2024-07-21 01:00:00,69.79300326532922,10.872847989482304
4851,240,43,2024-07-21 02:00:00,68.37038196531492,16.586850556711823
4852,74,14,2024-07-21 03:00:00,70.69571147156957,19.185346498416628
4853,76,2,2024-07-21 04:00:00,72.40599998290851,9.594813707313747
4854,498,39,2024-07-21 05:00:00,84.1286523418411,17.037409622073973
4855,796,1,2024-07-21 06:00:00,84.51162158561789,17.648234187780908
4856,219,46,2024-07-21 07:00:00,79.92924881324431,10.534046768897984
4857,470,50,2024-07-21 08:00:00,86.82788494674168,17.668432623770023
4858,546,31,2024-07-21 09:00:00,60.60814920488782,7.79336672779287
4859,233,5,2024-07-21 10:00:00,90.68186152358254,11.687864194666673
4860,476,29,2024-07-21 11:00:00,73.99164487430772,13.941709242781332
4861,43,48,2024-07-21 12:00:00,82.08699289599227,6.8188154524321405
4862,908,12,2024-07-21 13:00:00,88.80204711556122,18.359458071183532
4863,319,23,2024-07-21 14:00:00,86.20597175062753,12.639501137657314
4864,205,23,2024-07-21 15:00:00,69.95946643933704,11.156919792067034
4865,382,15,2024-07-21 16:00:00,90.87747647050375,18.95409852390975
4866,736,14,2024-07-21 17:00:00,70.88023817937919,12.213756947444356
4867,862,44,2024-07-21 18:00:00,67.23813670963861,10.833806517925465
4868,158,6,2024-07-21 19:00:00,86.36847081092282,14.149173275307595
4869,747,5,2024-07-21 20:00:00,77.7424411005824,6.2138226292301395
4870,278,4,2024-07-21 21:00:00,60.05678928426354,17.829899448465333
4871,355,43,2024-07-21 22:00:00,68.54119725610833,12.384475951481173
4872,549,7,2024-07-21 23:00:00,96.11668037287772,12.971393569239853
4873,803,2,2024-07-22 00:00:00,63.8085360691976,8.457997746220169
4874,767,47,2024-07-22 01:00:00,71.38759250250817,11.660863449109437
4875,172,14,2024-07-22 02:00:00,93.34156438304329,11.206222589886888
4876,488,28,2024-07-22 03:00:00,98.99093908477386,2.7648205997565887
4877,510,9,2024-07-22 04:00:00,93.06004062455983,8.528603988965559
4878,564,29,2024-07-22 05:00:00,78.943763275173,9.760317352281955
4879,701,24,2024-07-22 06:00:00,68.10907767170677,15.836288850837551
4880,979,35,2024-07-22 07:00:00,69.12055105900968,19.491774619674292
4881,333,18,2024-07-22 08:00:00,78.27302291735992,12.043224614625677
4882,760,11,2024-07-22 09:00:00,81.589234174475,17.811048883470498
4883,81,31,2024-07-22 10:00:00,63.353213294838795,12.20523735412916
4884,67,49,2024-07-22 11:00:00,87.88942106902199,15.981483795172661
4885,499,49,2024-07-22 12:00:00,67.44619163535981,16.288995474037215
4886,276,7,2024-07-22 13:00:00,87.32591432443101,6.383429196414969
4887,961,31,2024-07-22 14:00:00,60.28753810116944,11.245050864048126
4888,750,34,2024-07-22 15:00:00,83.63267661149727,14.84284945885102
4889,474,48,2024-07-22 16:00:00,60.33584244694573,17.669667442915923
4890,539,14,2024-07-22 17:00:00,78.1696816154878,17.18954401285164
4891,891,26,2024-07-22 18:00:00,90.2961570625852,18.4799452982742
4892,169,47,2024-07-22 19:00:00,73.28320276382708,17.030119740618538
4893,450,23,2024-07-22 20:00:00,69.81358040635266,19.274187068245887
4894,215,22,2024-07-22 21:00:00,88.40907677404597,5.068466903289353
4895,82,20,2024-07-22 22:00:00,63.29344797486226,6.090056769273242
4896,63,26,2024-07-22 23:00:00,99.48247419347763,14.228218454827884
4897,360,46,2024-07-23 00:00:00,84.23298531129059,15.141072355415222
4898,275,44,2024-07-23 01:00:00,62.75763203459817,15.26401636756621
4899,918,3,2024-07-23 02:00:00,67.06758375909469,16.112220299685927
4900,957,15,2024-07-23 03:00:00,60.66356073441471,9.76901283836109
4901,504,10,2024-07-23 04:00:00,60.095671263881144,6.08406562200107
4902,239,35,2024-07-23 05:00:00,80.55621298463124,6.842480913929656
4903,453,13,2024-07-23 06:00:00,60.20561638418952,8.057281275977353
4904,919,8,2024-07-23 07:00:00,85.55330500118589,12.281785720159322
4905,684,5,2024-07-23 08:00:00,88.40701384551215,17.458605174673224
4906,735,48,2024-07-23 09:00:00,77.53416535918998,7.088391865563915
4907,975,8,2024-07-23 10:00:00,65.23353974357549,4.105300235778992
4908,924,22,2024-07-23 11:00:00,84.02889085468303,6.4336261045791705
4909,665,48,2024-07-23 12:00:00,64.25694325824507,17.571320343956234
4910,222,34,2024-07-23 13:00:00,87.86424572870757,18.53395715830147
4911,432,5,2024-07-23 14:00:00,70.63644362528854,8.804173289145545
4912,709,25,2024-07-23 15:00:00,95.68262328614145,14.457443174186018
4913,524,31,2024-07-23 16:00:00,94.59634006347798,14.637699801092376
4914,107,13,2024-07-23 17:00:00,70.90440362260003,4.722049219062814
4915,239,42,2024-07-23 18:00:00,60.06567470282822,12.470300821534442
4916,538,48,2024-07-23 19:00:00,79.42394056979704,13.306364669489334
4917,567,10,2024-07-23 20:00:00,70.4407830926197,6.003664348030216
4918,40,6,2024-07-23 21:00:00,79.01167233305014,11.281877090580226
4919,875,19,2024-07-23 22:00:00,61.80525277619229,12.377880202955996
4920,410,32,2024-07-23 23:00:00,72.36799091991051,19.57216391707519
4921,484,4,2024-07-24 00:00:00,83.30284265705977,16.71283831777091
4922,766,29,2024-07-24 01:00:00,83.52017397757447,10.066162063316465
4923,200,30,2024-07-24 02:00:00,87.38409961621441,19.68560501928466
4924,88,27,2024-07-24 03:00:00,72.74796622483342,4.147147815386561
4925,785,31,2024-07-24 04:00:00,81.83621160996717,13.205202764047497
4926,759,11,2024-07-24 05:00:00,63.19588872305054,19.886312549375482
4927,630,35,2024-07-24 06:00:00,78.04878685158724,17.290812261829423
4928,185,45,2024-07-24 07:00:00,91.57020388623509,12.112324451282218
4929,810,34,2024-07-24 08:00:00,81.32482733669744,15.47104317108887
4930,424,35,2024-07-24 09:00:00,97.60415934420897,16.800384048522233
4931,356,39,2024-07-24 10:00:00,78.10416511662277,14.3358117476931
4932,946,10,2024-07-24 11:00:00,86.84848165978475,14.389728127765979
4933,547,30,2024-07-24 12:00:00,79.16805398938897,13.32237655195884
4934,279,10,2024-07-24 13:00:00,79.20483694091953,3.6795185111036313
4935,665,32,2024-07-24 14:00:00,75.30865689600964,7.956449957370905
4936,780,32,2024-07-24 15:00:00,61.80660552678728,10.393702569599053
4937,67,47,2024-07-24 16:00:00,76.1948747221196,8.278809020756777
4938,679,24,2024-07-24 17:00:00,72.78705695169266,16.21350702963236
4939,10,6,2024-07-24 18:00:00,68.40070086597278,2.6293922827398077
4940,737,26,2024-07-24 19:00:00,96.70472843496044,19.19769746747193
4941,30,32,2024-07-24 20:00:00,89.9638469138679,15.407464121955133
4942,796,13,2024-07-24 21:00:00,96.81311057260547,4.6442388767109986
4943,611,47,2024-07-24 22:00:00,92.858235718125,6.578343183913878
4944,18,21,2024-07-24 23:00:00,67.47822535141779,14.91261774359238
4945,758,45,2024-07-25 00:00:00,99.75997443582679,19.983967039978726
4946,777,39,2024-07-25 01:00:00,94.21664558804517,8.036545064731271
4947,525,3,2024-07-25 02:00:00,85.56208517614667,8.899817689293897
4948,275,30,2024-07-25 03:00:00,61.5439340182605,7.6466676789195125
4949,590,29,2024-07-25 04:00:00,80.96340144928948,17.860810492441335
4950,797,39,2024-07-25 05:00:00,73.85947327217686,11.035329398753825
4951,480,1,2024-07-25 06:00:00,93.55928481449195,2.7625499431330645
4952,248,29,2024-07-25 07:00:00,84.99709250441003,9.360256632287756
4953,303,25,2024-07-25 08:00:00,77.80826280224068,4.973377260068579
4954,857,11,2024-07-25 09:00:00,72.79057891307104,5.595269459997306
4955,856,20,2024-07-25 10:00:00,85.79659358038154,2.1108794130780577
4956,617,8,2024-07-25 11:00:00,67.9456010711517,6.8990806848991895
4957,873,43,2024-07-25 12:00:00,91.30415448616836,11.333607013353063
4958,995,2,2024-07-25 13:00:00,60.514723322933875,3.3111670343656643
4959,89,14,2024-07-25 14:00:00,75.108811036583,4.367196189216878
4960,940,4,2024-07-25 15:00:00,88.09487772037745,19.25342810317445
4961,337,30,2024-07-25 16:00:00,72.61655773905613,4.073003798827526
4962,964,33,2024-07-25 17:00:00,69.24114547252705,14.978205915359089
4963,573,34,2024-07-25 18:00:00,82.46221032826512,5.265358762824001
4964,332,6,2024-07-25 19:00:00,89.45094790328012,4.34022937058414
4965,938,21,2024-07-25 20:00:00,65.29185448914173,3.2803788513652776
4966,481,12,2024-07-25 21:00:00,73.41966108057251,16.73901698452226
4967,724,39,2024-07-25 22:00:00,79.08606617825355,2.719825491830166
4968,896,26,2024-07-25 23:00:00,60.01206669241807,18.734219408834253
4969,378,26,2024-07-26 00:00:00,89.86747391244688,13.453043716646354
4970,96,48,2024-07-26 01:00:00,92.57163271098875,9.076220826864997
4971,328,10,2024-07-26 02:00:00,72.49463617850589,16.613171099075316
4972,346,48,2024-07-26 03:00:00,85.95956514816926,13.52459334730585
4973,511,29,2024-07-26 04:00:00,62.060673012279715,18.32645425600013
4974,22,46,2024-07-26 05:00:00,63.24047547342255,18.928420135688793
4975,875,31,2024-07-26 06:00:00,63.252116236115924,12.829941339201822
4976,676,17,2024-07-26 07:00:00,98.64661334789427,18.574413715482482
4977,692,7,2024-07-26 08:00:00,76.31958651847577,18.69069559883349
4978,86,29,2024-07-26 09:00:00,85.05438464104877,14.419671497294344
4979,449,39,2024-07-26 10:00:00,92.47651795522376,14.599614403036004
4980,917,25,2024-07-26 11:00:00,69.55390208099067,15.795205082996906
4981,436,44,2024-07-26 12:00:00,73.85804443844162,7.3942864152100904
4982,810,26,2024-07-26 13:00:00,86.24833035017373,15.980379476652924
4983,495,11,2024-07-26 14:00:00,60.941948746892706,5.325196838972404
4984,572,3,2024-07-26 15:00:00,62.45707850408607,17.810973133628977
4985,793,49,2024-07-26 16:00:00,63.89253754041022,4.853414881531295
4986,634,18,2024-07-26 17:00:00,65.70078659104189,13.627817492079053
4987,706,7,2024-07-26 18:00:00,84.89710941256716,18.95681469644339
4988,418,27,2024-07-26 19:00:00,80.11347369157325,7.371903805020459
4989,828,36,2024-07-26 20:00:00,76.63067322614799,3.0790648068943693
4990,104,17,2024-07-26 21:00:00,93.54461032283584,3.5409276614938365
4991,998,7,2024-07-26 22:00:00,86.3999356902992,5.245695469981328
4992,668,25,2024-07-26 23:00:00,70.43005731797096,19.358180126409827
4993,984,40,2024-07-27 00:00:00,97.05959928035566,18.23989138284259
4994,47,46,2024-07-27 01:00:00,87.82384762222648,17.953870667803102
4995,225,23,2024-07-27 02:00:00,65.97440031608554,17.667703070344665
4996,67,45,2024-07-27 03:00:00,65.65625349568622,18.387070962771904
4997,350,34,2024-07-27 04:00:00,68.49574563346926,4.800231606884655
4998,519,22,2024-07-27 05:00:00,94.38078332670268,12.048971874426652
4999,256,30,2024-07-27 06:00:00,99.48219859598538,5.797120956040912
5000,999,11,2024-07-27 07:00:00,95.25496775848706,12.520023066625978
